path,bytes,sha256
semantic_v2/cla_gem2_evidence/CLA-01-T1.txt,5711,5fb8f7c87fe528da700b4ae2e1f921d218f9c7fc055592799700f585a67e6cd0
semantic_v2/cla_gem2_evidence/CLA-01-T2.txt,9850,698c8b7a9a8bc7c3aeb9cd5b1f506522c5c460a0f42f3af26eaa9945906ee9b7
semantic_v2/cla_gem2_evidence/CLA-01-T3.txt,10893,1acb5d3597a39d5473a61aa42e4423c1fc853d392cde227fb0869662f65b79de
semantic_v2/cla_gem2_evidence/CLA-01-T4.txt,10757,651d1f6f0a00fc863854204a2292053ca2f3b1d4722a1129008206a5c665b7a2
semantic_v2/cla_gem2_evidence/CLA-02-T1.txt,6174,f4b2f785579f823ea1bee61e69a44ab6c3f19680c6092ff9cbb41f11e0e6dfc4
semantic_v2/cla_gem2_evidence/CLA-02-T2.txt,12447,47c1655a64a9da6089b19c11022b2416c9365d9f25a3b1ffc7ec685e66012e30
semantic_v2/cla_gem2_evidence/CLA-02-T3.txt,11929,f78e9862a26171fb292ea86ef038e89cefc3c6f0993138c6c377cd333344d72b
semantic_v2/cla_gem2_evidence/CLA-02-T4.txt,13060,73aa6ef31d40136291492162f82dab96f5ac909c721a2fc1e0819d4c1539c017
semantic_v2/cla_gem2_evidence/CLA-03-T1.txt,6431,db60a7ac80133d9e3cdfb4f418b8ca1c9195a35a10db99db9bd5f31631e2772c
semantic_v2/cla_gem2_evidence/CLA-03-T2.txt,9459,44084434c275a078ac102209675f3286d7d36e0782d765645d95f682a5d9b2b6
semantic_v2/cla_gem2_evidence/CLA-03-T3.txt,10348,8cc895e97e82ef5afb3aafc761a1e09439d5e5f360ac378c3d41c83a17bb7c87
semantic_v2/cla_gem2_evidence/CLA-04-T1.txt,5669,a6c88a9a06d69bfb13fc7a59a01583e18fd6eb0f2198826246b82172e18b17e1
semantic_v2/cla_gem2_evidence/CLA-04-T2.txt,10786,2d9243bf2679b259494594229c7cfb94ef1ba430b1a9ccb7a7d71a018954da54
semantic_v2/cla_gem2_evidence/CLA-04-T3.txt,10993,0abf8d181b9286e3b896c73d1f2b0391906ebfc6b5dbb732a37250cbbc99b9cd
semantic_v2/cla_gem2_evidence/CLA-04-T4.txt,11050,b07b9afc0d0f9a9d3e29fbb7d1f36ded86487c8dc62c99096087679444e8df90
semantic_v2/cla_gem2_evidence/CLA-05-T1.txt,5756,3cfa6e3203a8bbe726a560df29a5d33a61f1b94946641304097cfdbddec7c2f7
semantic_v2/cla_gem2_evidence/CLA-05-T2.txt,12430,2a6dddb9f8d8263ee2824edef328bbf0766c077290e97be22963dd4b88aeb338
semantic_v2/cla_gem2_evidence/CLA-05-T3.txt,12236,e9ae077a94f42613b42854d5f4773c1c040e7076d4923fda0405b5d979a8c1e6
semantic_v2/cla_gem2_evidence/CLA-05-T4.txt,12879,5cfbcd2cab6f82e337ab71b851a3720e2785216f71f877328b0767b85d14289b
semantic_v2/cla_gem2_evidence/CLA-06-T1.txt,6138,9628510d677f4c54f6fae620ceddcdce6f298963d6b6dbdd7ca8d7b8645d3421
semantic_v2/cla_gem2_evidence/CLA-06-T2.txt,12332,13aa3b6075506945f47d4e2a8515e8f3c3523092e460ddcb4a0e7f9810e68050
semantic_v2/cla_gem2_evidence/CLA-06-T3.txt,13218,3d3bda0e0f8d96380843674b92ccda1144db60207790cca73622817f656b70a8
semantic_v2/cla_gem2_evidence/CLA-06-T4.txt,12730,343b37746c6817412c14800427adc0a7642eb792f01963e90e5906c7a500fda1
semantic_v2/cla_gem2_evidence/CLA-07-T1.txt,6095,b8fc1fc8024d6e046c2579e1183819716cf227c81fb10a3b1052707338872bf6
semantic_v2/cla_gem2_evidence/CLA-07-T2.txt,12095,e8be544fc0b38b6eb389a77f50c968c507b9776372760c2faa9f0646b98575b6
semantic_v2/cla_gem2_evidence/CLA-07-T3.txt,13196,aad97952fbe3e67269e46ac40a4a187d5a5136de7afa7167790906fd53d1c184
semantic_v2/cla_gem2_evidence/CLA-07-T4.txt,12575,ac5470ce9114dbfc3272f7dbd274201551dae66f33f93de2689b079693999f03
semantic_v2/cla_gem2_evidence/CLA-08-T1.txt,6194,048101dbfd9cf74debf5127277339640b5f83be545bf08bc73dd3a45220e0003
semantic_v2/cla_gem2_evidence/CLA-08-T2.txt,10854,e0a77e6c6fd0df38acefb1558f83a8d126ccaff9ff8a2297083f4a30f6e2ccf0
semantic_v2/cla_gem2_evidence/CLA-08-T3.txt,11027,053285546c928fc5d7ad3fafa14b59ac740e25b2dc118e805a5c3f22253fa0f6
semantic_v2/cla_gem2_evidence/CLA-08-T4.txt,11615,96bb02d99d2b139012c4690cafa8dda247bc4d788ff7e99535521c189615727a
semantic_v2/cla_gem2_evidence/CLA-09-T1.txt,6297,b0be234006a5686440d491a8d6f75399fc72b2b734b67854b34a5845c3765266
semantic_v2/cla_gem2_evidence/CLA-09-T2.txt,12117,a9058f5c072c05108b44a3a8997a24fafaf8ecfc7ddc95ecd47b903df83f1ed2
semantic_v2/cla_gem2_evidence/CLA-09-T3.txt,11750,03df243559b40459c5bc4abcf5e651c6d7a03b790bb65c04e027b59e95988d59
semantic_v2/cla_gem2_evidence/CLA-09-T4.txt,13691,453f6c4af9514bef6f8c92fafef965346ddcd4ea19aa452532f61015d1eed76a
semantic_v2/cla_gem2_evidence/CLA-10-T1.txt,5612,b6b08b31f39acedf71aca0ca974eb0db83f1561ee2e0ce62e85647bb746b425b
semantic_v2/cla_gem2_evidence/CLA-10-T2.txt,12284,2a9f2bb6d5a40932834b195df8e573b9da287a4bef2c3908ad60cfe6a6c5b676
semantic_v2/cla_gem2_evidence/CLA-10-T3.txt,12847,b3f8a309c00c2aac054eccc3cbb047270056e14b06d5c8ddafafee3075ffb282
semantic_v2/cla_gem2_evidence/CLA-10-T4.txt,11687,c6b4e561cdd1ad7faaa8b8c15e383a59a353aacf2735125202d255b0ec79f07f
semantic_v2/cla_gem2_evidence/CLA-11-T1.txt,5548,590ebf8de93457f39086a41f74c144f4e327a00e15ca6cadb2023d6c1048c50f
semantic_v2/cla_gem2_evidence/CLA-11-T2.txt,11631,5fffb89d9782f6926d1fba4336bd113d191e14a968814bdd61c4a42c79e12c9a
semantic_v2/cla_gem2_evidence/CLA-11-T3.txt,12205,b643dd48fc2251dd22148d4a8724cd3b687d925c6e594af5d58f1a12461dbe73
semantic_v2/cla_gem2_evidence/CLA-11-T4.txt,12473,8391de1e619410c0295547c02d1d31ef29ba1b583b7fa637010c3752b7d608a5
semantic_v2/cla_gem2_evidence/CLA-12-T1.txt,5851,85ab28b2a3efc234f46f7917d489ba5cbbbdb513b2ce454d3abe22e48179676c
semantic_v2/cla_gem2_evidence/CLA-12-T2.txt,11759,7e37b8e373a051b9c04ed65161c68e1a5c631c5e51baa2b1e97a98de76fff6f0
semantic_v2/cla_gem2_evidence/CLA-12-T3.txt,13832,bfea3ed1e76dfdef1f1bf97151b2b3385e67742fdbc142ad691610feaff62295
semantic_v2/cla_gem2_evidence/CLA-12-T4.txt,12942,d4f05f195f6549f8a32b2f1fc5e3a1c45e07dfb018fbbbd97be7e81e35828adc
semantic_v2/cla_gem2_evidence/CLA-13-T1.txt,6129,c893a8cd7e77ab50bf2b433ef0766fac5435c132a0ffd49eec663dfd20d96e67
semantic_v2/cla_gem2_evidence/CLA-13-T2.txt,8499,5372c06f45f963daf004a65f8756e478ecc740242f4edc5b03c4657e205eedd8
semantic_v2/cla_gem2_evidence/CLA-13-T3.txt,10494,0f2dabd10ae8d2fdfa2c6f9f950fc7f5c674ace823a557bc584f6244545c0502
semantic_v2/cla_gem2_evidence/CLA-13-T4.txt,10746,30e387e3b344288ddb8aef5e7ead8454857daeb31c5cd559fd0161031efac75b
semantic_v2/cla_gem2_evidence/CLA-14-T1.txt,11064,25b4aabf6a833cda603317198a4a8ae1ee1ecc1e7a001b859abcdff23b193a18
semantic_v2/cla_gem2_evidence/CLA-14-T2.txt,8331,1003eb13fd0b82df64c79c5a4d0431de8d06ff320b9cc63f0387af9e7706ebd4
semantic_v2/cla_gem2_evidence/CLA-14-T3.txt,8789,743b95fdfe1b1aa735abf5e099a8d434f3bbf91351ab5f671744ab67832a8166
semantic_v2/cla_gem2_evidence/CLA-14-T4.txt,8657,b1702f62f62d99bb770e76c35dfc566f76fc5f39ae2e64f17ad9c3b2f72a982a
semantic_v2/cla_gem2_evidence/CLA-15-T1.txt,7796,8ffb5ece22abddb17cd3fdc58b84624f3fa6cc0231eb1ee95370fbcaac2b956e
semantic_v2/cla_gem2_evidence/CLA-15-T2.txt,19390,302f7905e8e25becbedafa116db18c30d635e85474e3d4c13feb664121771e42
semantic_v2/cla_gem2_evidence/CLA-15-T3.txt,17078,f2c796a8935410ec3d14ad4b379f93adadb8e4b3c6b2d824287fcad13ff8939d
semantic_v2/cla_gem2_evidence/CLA-15-T4.txt,15683,107c76ea68b1809afcde19346a969f5a612164a385689bec24d7e31b3cf7de8a
semantic_v2/cla_gem2_evidence/CLA-16-T1.txt,4574,27b164c77a5042c6a2f5d7e0b8b09d0a5b21c01460c0837429c79e58716b2b2f
semantic_v2/cla_gem2_evidence/CLA-16-T2.txt,8039,e31a2a71867492c186d02644ec72c007e4836068a1679c0bb5319e4aeb214d56
semantic_v2/cla_gem2_evidence/CLA-16-T3.txt,10091,d5dd62933db4bddf21b90ed3ebe059469a301f69cd022c68f296060f907e55c8
semantic_v2/cla_gem2_evidence/CLA-16-T4.txt,10425,2a7940737c3f87fe8c1327703caf23f002f2fcdf0411005ee8e825db3fb69be2
semantic_v2/cla_gem2_evidence/CLA-17-T1.txt,5816,441242db494f02fd15dd54c772316247dfe8caa7355efb2675abfa53ade459e5
semantic_v2/cla_gem2_evidence/CLA-17-T2.txt,11695,9dcae0ce9b2a76c14813832a505385c9e385b406a3b896914839ec39794277b1
semantic_v2/cla_gem2_evidence/CLA-17-T3.txt,12858,7b1490cc9994aaab1d5806bc4be3511c89cb31c22cfc5cf99d9f61e7c7ed4a66
semantic_v2/cla_gem2_evidence/CLA-17-T4.txt,11929,94f8d760b0775b886e542983f0a6e18281601f38ada38f0f54cb31d1512bd7aa
semantic_v2/cla_gem2_evidence/CLA-18-T1.txt,5017,327dacda04cb3a1aef0d2a0ada956f9f0d9b1078785a825f034db1389e97f180
semantic_v2/cla_gem2_evidence/CLA-18-T2.txt,10924,00bd0d4b9655f29e1778d363da0903a312d49266fd495a8371da85a8fbca6788
semantic_v2/cla_gem2_evidence/CLA-18-T3.txt,11973,8c736438709d17873a2848ccb0a07dcbb6215716140763271eb6e0784be98928
semantic_v2/cla_gem2_evidence/CLA-18-T4.txt,12985,552583fdc9d99e94c0af35571f5c4dce153fa312159eb6b593830b6afda812cf
semantic_v2/cla_gem2_evidence/CLA-19-T1.txt,5714,ac5156558db3dde7352372d379b0f096c60ab78073badc2fecdf5988949f7238
semantic_v2/cla_gem2_evidence/CLA-19-T2.txt,10568,799140c7330cc9c1d47bec22cfadd9eff6135fb10364dc14e8d49ba7a3e7a7b6
semantic_v2/cla_gem2_evidence/CLA-19-T3.txt,11678,2c9c70539a3daefe28563aa82469dbe822ad095701c4d82788f449101c7aa329
semantic_v2/cla_gem2_evidence/CLA-19-T4.txt,12499,911ea45fab99a65a5195571266c6541f2538f38d8ac07892924d1f4874e15923
semantic_v2/cla_gem2_evidence/CLA-20-T1.txt,5038,275ea3f7573d31a9e8edcce807bd18a4ab673ec9dbe0f528c493a4d5de372aba
semantic_v2/cla_gem2_evidence/CLA-20-T2.txt,10940,2be96e50be84c82a366d5b99b1c9bf8f5737b1da4c6c7f987102300f97ea707a
semantic_v2/cla_gem2_evidence/CLA-20-T3.txt,12651,afea50f7078fdb847a9b6632e12a8dde10e3203fa16397cfa67d3ee8d9b44e78
semantic_v2/cla_gem2_evidence/CLA-20-T4.txt,12672,97218b94965676c976cd1377a65789e67d6a9fa18851846d2ea60480cae4f617
semantic_v2/cla_gem2_evidence/CLA-21-T1.txt,5506,df6ce163aec2a6cf17d237b442d3e6f7597908b725383eceeba79073ed357bd6
semantic_v2/cla_gem2_evidence/CLA-21-T2.txt,9182,962db033c8fabc6b6c5546e821e1f52bf2a3a2d3c83023176bb13436d7037cac
semantic_v2/cla_gem2_evidence/CLA-21-T3.txt,10719,73902f14e7a0a65b3e2d7e9fa247dd255d583f8667a2716ecc8a38b2fe11b59f
semantic_v2/cla_gem2_evidence/CLA-21-T4.txt,10396,5ab04d0adb57f4b23c987687b938ae17c2f85a9b3a3cfd6e858b9e2b0355edd4
semantic_v2/cla_gem2_evidence/CLA-22-T1.txt,5999,a1dd2a32b9cab09645b4f6461d461670226e1a1b3a51eb6e00b400b8cee63eeb
semantic_v2/cla_gem2_evidence/CLA-22-T2.txt,12293,da89b3ed5351fe231816f05da74eca84234129ac170d0de4fea2a0e938de36f2
semantic_v2/cla_gem2_evidence/CLA-22-T3.txt,11931,a2360c5a6dbbb155d4e01cd65df80a17ab8da98b7334322406a96d4489f2b2d9
semantic_v2/cla_gem2_evidence/CLA-22-T4.txt,12281,bcfed1fd2e12f348232f0ff8d4bcec025756d807f53e0a0c928855c512218439
semantic_v2/cla_gem2_evidence/CLA-23-T1.txt,5662,14b6df6cb724817423be42505497b51a6dc7b3fb65763415080f06ae8cef0244
semantic_v2/cla_gem2_evidence/CLA-23-T2.txt,9942,27ec4a59f6817a8efcbdad53de28dc9568a4afdaa65809d0059ddeea116e52a0
semantic_v2/cla_gem2_evidence/CLA-23-T3.txt,10601,ac918932187392b49b5191345be618e223bff0a86508f04578aa00436756b497
semantic_v2/cla_gem2_evidence/CLA-23-T4.txt,11627,71ef9091ee8eb5f217b3bbb5ef24c957c9ff86a905baa229a9fb95796f563cff
semantic_v2/cla_gem2_evidence/CLA-24-T1.txt,6309,f43cbd6bd9336a78987071321a74e6ba4b833d3c60af97ad7825b7a83a18e2bb
semantic_v2/cla_gem2_evidence/CLA-24-T2.txt,12052,795ecd6b2801a07dd9d48edc55c7d0598f7fa6409c6ccdd53b901106da608337
semantic_v2/cla_gem2_evidence/CLA-24-T3.txt,12109,9df2bea7993f02db058f572f3915a49a75b3a6ddbc0f1e8e613282069ff17666
semantic_v2/cla_gem2_evidence/CLA-24-T4.txt,11659,09aa577fe1307defe9b425ba3b739ec5fc704af5db9d869d78b0d12d78a56822
semantic_v2/cla_gem2_evidence/CLA-25-T1.txt,6240,ad0c818d90591b6058e5496dce793cc9511770846ec04df0c9d8e6ca4b4ff2ad
semantic_v2/cla_gem2_evidence/CLA-25-T2.txt,13833,aabce5ac54a9d79ee4e7c7ce9fa2102e8ed690c7b71e72c3dbcfae0ec68f8ad3
semantic_v2/cla_gem2_evidence/CLA-25-T3.txt,13281,a9f9ed4c4837fd99798348653c2fcdb0f1a49aa687e6fd44fd25c2164039e6e1
semantic_v2/cla_gem2_evidence/CLA-25-T4.txt,13922,2bf3eaba3e9fd1e8195aa3e89e06fa07438642b2e8c55f10ebc841a634cc06fc
semantic_v2/cla_gem2_evidence/CLA-26-T1.txt,5983,8bf51b8b1b26f79a014155724ae43d28da4bdec8ec7de0bedf793a2227db1aac
semantic_v2/cla_gem2_evidence/CLA-26-T2.txt,10190,cf3b6b441d5d6c4e060b91f6ba12cdca1ef17e03463f3589bc7f3b459dfce559
semantic_v2/cla_gem2_evidence/CLA-26-T3.txt,12703,b697ee8bea24b166901d1cf163fbbacfad7d52397c84f76cf0ffd97c21903d74
semantic_v2/cla_gem2_evidence/CLA-26-T4.txt,13869,a98f37768b7e31e336e6b5b3d560252a57ab3a91b6dd17a750af39060f766ce1
semantic_v2/cla_gem2_evidence/CLA-27-T1.txt,6037,e12bc1cdf1bfc2eff438471fb040e4cc3212df44ccad17eb2fe0642a6dd4bfa8
semantic_v2/cla_gem2_evidence/CLA-27-T2.txt,9444,5a463e25dccae46fc6cbeb5ca8276f4e7ec4cd18a22d7155a8aa2ffc2b340589
semantic_v2/cla_gem2_evidence/CLA-27-T3.txt,10440,dd48c823b56df1330aed61c0edfbc82e724d58666f8d77d059f5e9d6eb729951
semantic_v2/cla_gem2_evidence/CLA-27-T4.txt,12008,2e19787c9a29ab45a01416a772cf303da6839dda37546e051b175a3ebbe1a704
semantic_v2/cla_gem2_evidence/CLA-28-T1.txt,5561,d2ad40a39f5dbfaa8c13c2fe42ff4f31e7de78850c2e04d1a715aff24c9a072e
semantic_v2/cla_gem2_evidence/CLA-28-T2.txt,13070,784b8574f929a448ce7e19b1b2c45931738d11247c3a6e51d6e8df5f642bf754
semantic_v2/cla_gem2_evidence/CLA-28-T3.txt,13133,84cc1ced87231629b7b65ca18aac22a83a05bf2748cfb57c353b67d7b95d6704
semantic_v2/cla_gem2_evidence/CLA-28-T4.txt,13582,7c429d019bcee4a10e367772550ae3c3a6cc746515edbb4222dadf22f2e3200f
semantic_v2/cla_gem2_evidence/CLA-29-T1.txt,5032,0cf98876db3499e822237179d57eed0474e647509f237c2c6b7b4cd3439c64f3
semantic_v2/cla_gem2_evidence/CLA-29-T2.txt,12641,5913a123e4692f3906b27b5f020bad1e9f933f19d31ec7f71bf48f2803be8932
semantic_v2/cla_gem2_evidence/CLA-29-T3.txt,11734,831e835beedd90c65e861c97fea98df20c5fa797277d83ac9c296a4aa2cf2d79
semantic_v2/cla_gem2_evidence/CLA-29-T4.txt,14055,96455ae83e37f4bdcbb1be77590a678d06ac5b008a52e65da99a1888969f7b9d
semantic_v2/cla_gem2_evidence/CLA-30-T1.txt,5273,7edc17b1500110c4cbc036aeec3621c509c4af85e9bf21eece8e0c924930d7c5
semantic_v2/cla_gem2_evidence/CLA-30-T2.txt,9975,e8c98f2ef9065ed86ddb94aea2122c96c8529411e58707cfb5dfd43d9353f96b
semantic_v2/cla_gem2_evidence/CLA-30-T3.txt,9615,96a547eb75942818f84aca1b9bbda81944850a3183e6f1458e65e53e666c7a52
semantic_v2/cla_gem2_evidence/CLA-30-T4.txt,11846,686a183e92e7234eec8f6d23f4e19e72e74558d962a0427b434dddbf307591a5
semantic_v2/cla_gem2_evidence/GEM-11-T1.txt,9335,d7b6b1831a54348252f0a079a0693a5133d9860b72a33ba7585aa53dbad55911
semantic_v2/cla_gem2_evidence/GEM-11-T2.txt,8872,233f0619a0e00b51eb0d22391136c39f8ee5c9aaa15b85e01d989f60500eb37c
semantic_v2/cla_gem2_evidence/GEM-11-T3.txt,8706,d0b90252a905739259ecb81f293e5191b56aa878f977637c7fbeb1fcff8b9c85
semantic_v2/cla_gem2_evidence/GEM-11-T4.txt,7652,1954347477ff692aaf6f890478d5bd11cd372b8c2bac6e0800976510e081a762
semantic_v2/cla_gem2_evidence/GEM-12-T1.txt,10447,8cf9b2cf635273089b1b5c63a273e2837546885ed757f2a7359899205f2c8325
semantic_v2/cla_gem2_evidence/GEM-12-T2.txt,5213,8ce6b493b14713c252556ee3d5410d04ce9f3d0657b70ee18f6bf12e5764db91
semantic_v2/cla_gem2_evidence/GEM-12-T3.txt,5693,01e7d6f344f30d03e488794eb51adb4a0e007fe3a252c9ba4658a5287a3f22cc
semantic_v2/cla_gem2_evidence/GEM-12-T4.txt,5746,843d05cd5ccdbadf37f34c110e02e781b13a2964e8d4a6801760b85387aff52c
semantic_v2/cla_gem2_evidence/GEM-13-T1.txt,10070,3761a7c3530bccf7daaf58251d924609fbf32df14c5d86b5a6972a7cc2802e68
semantic_v2/cla_gem2_evidence/GEM-13-T2.txt,14771,f9293d8e533ace82a3002f0818db15062da29dc54d7722318aac828d7ee14a24
semantic_v2/cla_gem2_evidence/GEM-13-T3.txt,13872,56441acf076de2827e7268dc88e54abff2b6547a1a1c36bf53120afe37c4513c
semantic_v2/cla_gem2_evidence/GEM-13-T4.txt,11917,15534fa8e07a02e251014a1e3e9fbf3d122b4860a56486ef02aee056cf5f9867
semantic_v2/cla_gem2_evidence/GEM-14-T1.txt,8803,988979af080f074be67461efaa86e3b5d9a77bf08592588af604245e7cf21422
semantic_v2/cla_gem2_evidence/GEM-14-T2.txt,15739,d28363e0b44f8225152c530bd33e65b77b75cec0e6a2d411a7e7a084b4468eef
semantic_v2/cla_gem2_evidence/GEM-14-T3.txt,15785,8964f8f160c0d7ff7329ad59783d2ade1282be91e2f823fcc1f628a066ab5696
semantic_v2/cla_gem2_evidence/GEM-14-T4.txt,14364,ab0249a99c5ea4a1ace9216f6c8365336a08f44cf2865de051dd7ad0ee8cadf0
semantic_v2/cla_gem2_evidence/GEM-15-T1.txt,10840,b7b9c15f0d10101b5c3ac580f1848a98c9ff3f0aa8ad6ec0ecf5a23fa4b58817
semantic_v2/cla_gem2_evidence/GEM-15-T2.txt,5030,57f801f6a2f1da4b11bc974e6bf15b64d91bb8a8bf4644943ecfd4ade26656b5
semantic_v2/cla_gem2_evidence/GEM-15-T3.txt,5101,08d793f208b72c78832d985558d43b6a6d0669f0a71e8948f55f03d5d03222a7
semantic_v2/cla_gem2_evidence/GEM-15-T4.txt,5032,e98a508ece81836d49e39eb0c4edeecff2d884723a330b66c50f9d3558f193f5
semantic_v2/cla_gem2_evidence/GEM-16-T1.txt,9953,b975e3c779c238fcc7538a008fcad217b555e795750983ba746499a3a42e6bfb
semantic_v2/cla_gem2_evidence/GEM-16-T2.txt,10387,f4b08f778d58782372058362d0dfbdee449316c81cb77ac55e67bead4c7a8445
semantic_v2/cla_gem2_evidence/GEM-16-T3.txt,6121,e2c3c7de46bd19d2aaf3007e1c497e0a1b9a3d6923354d290e940550a8f528b8
semantic_v2/cla_gem2_evidence/GEM-16-T4.txt,6212,5001169cd24dcff799022e28844c2a0108d709b6868f28f75b0b7a8d041b209f
semantic_v2/cla_gem2_evidence/GEM-17-T1.txt,9285,0c1362c5dbdc1eea0c92dee5ed38966741d48d6d8bbad8e850a994ed1597cd20
semantic_v2/cla_gem2_evidence/GEM-17-T2.txt,7803,ce57354b5b032493f12aa1d9494a5c17963bbfe463b0314e019a5b8ff089a1bd
semantic_v2/cla_gem2_evidence/GEM-17-T3.txt,7868,f848958c1a5683d2598239077be5f6ba5d460f4317b65005ed9e23b28021f978
semantic_v2/cla_gem2_evidence/GEM-17-T4.txt,7775,25c8b72d3d4463d1e7be1b9c62165262a54b9b15141d5a4087ca416140fbc5e8
semantic_v2/cla_gem2_evidence/GEM-18-T1.txt,10018,4ab362c00106209a85e6e33f4b7d3698b29c3b5ed19712c74163cc9025af6e48
semantic_v2/cla_gem2_evidence/GEM-18-T2.txt,13967,ecc6335d230871e9b8a15eab5129968307912619a5d7090d8a3c1f466df56847
semantic_v2/cla_gem2_evidence/GEM-18-T3.txt,13397,a243811b2502a315f8c632b486fc1f8e275a8a07c6e433a9c6aa74c969850d57
semantic_v2/cla_gem2_evidence/GEM-18-T4.txt,13491,bca8436fc9941adf867c8868ed3d1ca4b658e9f4deb27b1f6f3af02229459966
semantic_v2/cla_gem2_evidence/GEM-19-T1.txt,8622,d8dfd15bd31a4fc972183936fbed15612c81b1d1616a866d7a2722db3fdf31e7
semantic_v2/cla_gem2_evidence/GEM-19-T2.txt,11494,52e9fd27191efc54388293bca32b9ba25640ae982cef4ff0a2596e9c7eb010bf
semantic_v2/cla_gem2_evidence/GEM-19-T3.txt,11546,12595ab29aff56f8f6d12cfde09bf2ca91edd5c5202578fd49a62cc10bc396ed
semantic_v2/cla_gem2_evidence/GEM-19-T4.txt,10543,f703a1f8e15b458fd43cfb84c5541ca4776f9593fd839b6c990e4da153912d09
semantic_v2/cla_gem2_evidence/GEM-20-T1.txt,11302,376dc7f42967914b0129160cc1486160a79e6bd491cec36e39977bcf4ca1e2bc
semantic_v2/cla_gem2_evidence/GEM-20-T2.txt,8247,389fd98c649cdaa16ac22cd3a5967f016567049cfc96b2e3ccbe220beb747444
semantic_v2/cla_gem2_evidence/GEM-20-T3.txt,10741,180820683b6ba069db860d8c6c21abede3fe286bd54eed11dd6288ecd3b02a51
semantic_v2/cla_gem2_evidence/GEM-20-T4.txt,7924,65a0a7c32303ae7df7d91d93b1d0d822dc455dae9e89cd5e076d37cd60a89cf3
semantic_v2/sem_b_evidence.json,5227874,a2e232cc593059deff11b27ee541c804db3cf81adfaa2abeb4fad0877d921576
