marker,n,found,not_found,not_found_percent,scope
readable_text,120,120,0,0.0,fixed per-PDF marker observations reaggregated; no fresh PDF extraction in this command
artifact_reference,120,120,0,0.0,fixed per-PDF marker observations reaggregated; no fresh PDF extraction in this command
explicit_result_log_label,120,119,1,0.8,fixed per-PDF marker observations reaggregated; no fresh PDF extraction in this command
all_four_state_dimensions,120,120,0,0.0,fixed per-PDF marker observations reaggregated; no fresh PDF extraction in this command
trigger_or_threshold,120,120,0,0.0,fixed per-PDF marker observations reaggregated; no fresh PDF extraction in this command
variable_status_label,120,113,7,5.8,fixed per-PDF marker observations reaggregated; no fresh PDF extraction in this command
explicit_reconfirm_variable_status,120,111,9,7.5,fixed per-PDF marker observations reaggregated; no fresh PDF extraction in this command
metadata_labels_present,120,0,120,100.0,fixed per-PDF marker observations reaggregated; no fresh PDF extraction in this command
independent_checker_phrase,120,0,120,100.0,fixed per-PDF marker observations reaggregated; no fresh PDF extraction in this command
