relative_path,bytes,sha256
.gitattributes,83,19e34e834b047954205476e1eebe65f5936f81ddd3f367d29032379fbc962aec
.gitignore,5011,3ae0b0c7878b7ac22fed53101d88e2c60a7d308ad72c567b7d95ab5dd59fbf15
LICENSE,11558,1eb85fc97224598dad1852b5d6483bbcf0aa8608790dcc657a5a2a761ae9c8c6
PACKAGE_MANIFEST.csv,39025,776a6b6d55540ccb3c2d2c9c8f6e87c017841bf6a7ff92ea247ab2178c68051e
PACKAGE_MANIFEST.sha256,87,79547bbb90ebc4c81ecd0fb3ee89eb28c2b8d10d481eaea3ed9fc24b3ed5adc3
README.md,6933,38747f84d553b451bba77bc89f19b9f2a9960df6346a5ee4777f49d54b9cd742
README_revision17.md,13922,c10e8570ee3740abf12fe208571cdbf233671fbda71087a3848b2083b12ba3f6
actor_json/soviet_gpt.json,10982,890b9307ecb6c834c9394dd25aa37263a839d7abfcc7d7ee6328544adf023853
actor_json/us_gpt.json,27679,b168157ebb536175294ad6a2aa5a196963f58a725f08f98eba4a601d12a6b3a1
analysis/audit_traceability.py,9906,dc8e70bc860f79f1298d5193b88d8f89986a0b01de7bd8f19f9249e64cbe55cb
analysis/generate_figures.py,11519,8dbbc44edfd1594da6ff4c070e1e746d9d40d9af32825f3db64d5e6e1c6670bd
analysis/outcome_tables.csv,1309,ac97c93b93dabde7f74c0d58b2ea5096c588bd660adce6b74c9762d5d08d316f
analysis/reanalysis_results.json,5522,b48b2ffc56bbf4dd13c75ea743b7ac75b0680b71ed1fa0282724533b7f6efb37
analysis/reanalyze_outcomes.py,12187,6fcbd8917ee92dd2921408d03caca5728ea19ad0927a30b8ce86102950748bed
analysis/reproduce_audit.ipynb,7937,60f61224144aaf64beedbebffe7eb6f7a1b4f88d2877cdbbca898a0b68dc4086
analysis/reproduce_chi_square.py,372,3765b45558ee40a72e4e9df14efd80ed8a114704ef50f8e39da9f4cb3a7ac8ff
analysis/scenario_chi_square_summary.xlsx,5531,0755740d63afd51ce4c256a05b9a7a1da75b03184d8e6fff25f400f3a82ebba2
analysis/statistical_analysis_script.py,153,ad6841099f61cd019d7bcd070a5964325c8e9ebd0c52a3bb704cf8b84ef06518
analysis/traceability_audit_summary.json,19327,136c016665a5c14e23c7b0ef30577a0f650518c018446e916f5825594e27014c
analysis/traceability_log_audit.csv,13350,5b95e8e827ff89be24c68bd729a8ccf168a68de7cfaf8cc047cc80a847e282d7
analysis/traceability_marker_evidence.csv,642645,ce6623660d650c761a1ab8555d7fc6131b428b276175554cd218bc5a490b2832
analysis/variable_summary.csv,684,462e84466b8b9ee0622e79355a57c3d0b5a69b61bb90e40246071b2308e5f18a
audit/author_review/README.md,4933,53159008b7104abe0a5767a8316bb22d2700dd028c8899daf5fe44b9cd74c225
audit/author_review/evidence_recheck/changed_12_cases_20260929.json,49432,e78b4f1f16e96ae9c27bc4a5c1f82ffaba4712db26493eecc95738d9b1f51447
audit/author_review/evidence_recheck/changed_12_cases_20260929.md,34920,5ed740d4fbad88d69aa0356b37c8edc039993c8e0e0644ee80ce6e9c44b688ed
audit/author_review/reproduce.py,5111,aa1f5c515d32fd1bce4939f3f60d6cba1c14d153cd28ed62220aede0973d7859
audit/author_review/results/contextual_review_40.csv,49917,c40206a64870b04838db26efccefa91fc3d26480df15a2213ed05a5dbc2da666
audit/author_review/results/contextual_review_40.json,79960,dbc39106d4a7fcd07be0e86066356b8cfbcfecc03a24013b50fe98bd3d5cf3c8
audit/author_review/results/contextual_summary.json,1449,834436f8976a5b74e206a9b003c2c00f5c76865d94a803790e86d927456010fb
audit/author_review/results/contextual_transitions.csv,69,8bdfc0edc258d3bbf683696c59f59a633f18ea6ac729044c294ebc15bf817334
audit/author_review/source_records/author_review_20260927.csv,143286,04a5432e8a436f3126c286c259027c61b0c2a4dcadabf1a18e90e3e7ff183496
audit/author_review/source_records/author_review_20260927.json,199237,5049d038623b23ca243c2e9d96e7bd469f35ebea5d21c8dbf41f6fb516c51aa5
audit/author_review/source_records/author_review_report_20260927.md,109053,8233acb988ed9acd654c71200e96acdb70b6bf8ae983ead90aa1f719237a845f
audit/author_review/source_records/manifest.json,2636,fddf530ed1d57fc3bfd8477be43679ff7b9ad321c2f1d0aa90629d597419f922
audit/provenance_findings.csv,3920,c4c1153980e3b5e052fad02cbca3de5775a93c7919ebe382c3ab48a571ef549a
audit/provenance_linkage_checks.csv,49849,3b4f55eae35d7540694cf3da64354067ce0cb10129ec289d4252a3004926f193
audit/provenance_linkage_summary.json,4662,d9ec840f9b44a6eded64b5c8ce7c3c5a9ecfd9b556743dea8578498620f37a1b
audit/recovered_extractions/README.md,3053,7d3687f5839603a8ba87545742144c41d2128519999d78e10e5a60d23dec0d2a
audit/recovered_extractions/files/cla_gem2_evidence/CLA-01-T1.txt,5711,5fb8f7c87fe528da700b4ae2e1f921d218f9c7fc055592799700f585a67e6cd0
audit/recovered_extractions/files/cla_gem2_evidence/CLA-01-T2.txt,9850,698c8b7a9a8bc7c3aeb9cd5b1f506522c5c460a0f42f3af26eaa9945906ee9b7
audit/recovered_extractions/files/cla_gem2_evidence/CLA-01-T3.txt,10893,1acb5d3597a39d5473a61aa42e4423c1fc853d392cde227fb0869662f65b79de
audit/recovered_extractions/files/cla_gem2_evidence/CLA-01-T4.txt,10757,651d1f6f0a00fc863854204a2292053ca2f3b1d4722a1129008206a5c665b7a2
audit/recovered_extractions/files/cla_gem2_evidence/CLA-02-T1.txt,6174,f4b2f785579f823ea1bee61e69a44ab6c3f19680c6092ff9cbb41f11e0e6dfc4
audit/recovered_extractions/files/cla_gem2_evidence/CLA-02-T2.txt,12447,47c1655a64a9da6089b19c11022b2416c9365d9f25a3b1ffc7ec685e66012e30
audit/recovered_extractions/files/cla_gem2_evidence/CLA-02-T3.txt,11929,f78e9862a26171fb292ea86ef038e89cefc3c6f0993138c6c377cd333344d72b
audit/recovered_extractions/files/cla_gem2_evidence/CLA-02-T4.txt,13060,73aa6ef31d40136291492162f82dab96f5ac909c721a2fc1e0819d4c1539c017
audit/recovered_extractions/files/cla_gem2_evidence/CLA-03-T1.txt,6431,db60a7ac80133d9e3cdfb4f418b8ca1c9195a35a10db99db9bd5f31631e2772c
audit/recovered_extractions/files/cla_gem2_evidence/CLA-03-T2.txt,9459,44084434c275a078ac102209675f3286d7d36e0782d765645d95f682a5d9b2b6
audit/recovered_extractions/files/cla_gem2_evidence/CLA-03-T3.txt,10348,8cc895e97e82ef5afb3aafc761a1e09439d5e5f360ac378c3d41c83a17bb7c87
audit/recovered_extractions/files/cla_gem2_evidence/CLA-04-T1.txt,5669,a6c88a9a06d69bfb13fc7a59a01583e18fd6eb0f2198826246b82172e18b17e1
audit/recovered_extractions/files/cla_gem2_evidence/CLA-04-T2.txt,10786,2d9243bf2679b259494594229c7cfb94ef1ba430b1a9ccb7a7d71a018954da54
audit/recovered_extractions/files/cla_gem2_evidence/CLA-04-T3.txt,10993,0abf8d181b9286e3b896c73d1f2b0391906ebfc6b5dbb732a37250cbbc99b9cd
audit/recovered_extractions/files/cla_gem2_evidence/CLA-04-T4.txt,11050,b07b9afc0d0f9a9d3e29fbb7d1f36ded86487c8dc62c99096087679444e8df90
audit/recovered_extractions/files/cla_gem2_evidence/CLA-05-T1.txt,5756,3cfa6e3203a8bbe726a560df29a5d33a61f1b94946641304097cfdbddec7c2f7
audit/recovered_extractions/files/cla_gem2_evidence/CLA-05-T2.txt,12430,2a6dddb9f8d8263ee2824edef328bbf0766c077290e97be22963dd4b88aeb338
audit/recovered_extractions/files/cla_gem2_evidence/CLA-05-T3.txt,12236,e9ae077a94f42613b42854d5f4773c1c040e7076d4923fda0405b5d979a8c1e6
audit/recovered_extractions/files/cla_gem2_evidence/CLA-05-T4.txt,12879,5cfbcd2cab6f82e337ab71b851a3720e2785216f71f877328b0767b85d14289b
audit/recovered_extractions/files/cla_gem2_evidence/CLA-06-T1.txt,6138,9628510d677f4c54f6fae620ceddcdce6f298963d6b6dbdd7ca8d7b8645d3421
audit/recovered_extractions/files/cla_gem2_evidence/CLA-06-T2.txt,12332,13aa3b6075506945f47d4e2a8515e8f3c3523092e460ddcb4a0e7f9810e68050
audit/recovered_extractions/files/cla_gem2_evidence/CLA-06-T3.txt,13218,3d3bda0e0f8d96380843674b92ccda1144db60207790cca73622817f656b70a8
audit/recovered_extractions/files/cla_gem2_evidence/CLA-06-T4.txt,12730,343b37746c6817412c14800427adc0a7642eb792f01963e90e5906c7a500fda1
audit/recovered_extractions/files/cla_gem2_evidence/CLA-07-T1.txt,6095,b8fc1fc8024d6e046c2579e1183819716cf227c81fb10a3b1052707338872bf6
audit/recovered_extractions/files/cla_gem2_evidence/CLA-07-T2.txt,12095,e8be544fc0b38b6eb389a77f50c968c507b9776372760c2faa9f0646b98575b6
audit/recovered_extractions/files/cla_gem2_evidence/CLA-07-T3.txt,13196,aad97952fbe3e67269e46ac40a4a187d5a5136de7afa7167790906fd53d1c184
audit/recovered_extractions/files/cla_gem2_evidence/CLA-07-T4.txt,12575,ac5470ce9114dbfc3272f7dbd274201551dae66f33f93de2689b079693999f03
audit/recovered_extractions/files/cla_gem2_evidence/CLA-08-T1.txt,6194,048101dbfd9cf74debf5127277339640b5f83be545bf08bc73dd3a45220e0003
audit/recovered_extractions/files/cla_gem2_evidence/CLA-08-T2.txt,10854,e0a77e6c6fd0df38acefb1558f83a8d126ccaff9ff8a2297083f4a30f6e2ccf0
audit/recovered_extractions/files/cla_gem2_evidence/CLA-08-T3.txt,11027,053285546c928fc5d7ad3fafa14b59ac740e25b2dc118e805a5c3f22253fa0f6
audit/recovered_extractions/files/cla_gem2_evidence/CLA-08-T4.txt,11615,96bb02d99d2b139012c4690cafa8dda247bc4d788ff7e99535521c189615727a
audit/recovered_extractions/files/cla_gem2_evidence/CLA-09-T1.txt,6297,b0be234006a5686440d491a8d6f75399fc72b2b734b67854b34a5845c3765266
audit/recovered_extractions/files/cla_gem2_evidence/CLA-09-T2.txt,12117,a9058f5c072c05108b44a3a8997a24fafaf8ecfc7ddc95ecd47b903df83f1ed2
audit/recovered_extractions/files/cla_gem2_evidence/CLA-09-T3.txt,11750,03df243559b40459c5bc4abcf5e651c6d7a03b790bb65c04e027b59e95988d59
audit/recovered_extractions/files/cla_gem2_evidence/CLA-09-T4.txt,13691,453f6c4af9514bef6f8c92fafef965346ddcd4ea19aa452532f61015d1eed76a
audit/recovered_extractions/files/cla_gem2_evidence/CLA-10-T1.txt,5612,b6b08b31f39acedf71aca0ca974eb0db83f1561ee2e0ce62e85647bb746b425b
audit/recovered_extractions/files/cla_gem2_evidence/CLA-10-T2.txt,12284,2a9f2bb6d5a40932834b195df8e573b9da287a4bef2c3908ad60cfe6a6c5b676
audit/recovered_extractions/files/cla_gem2_evidence/CLA-10-T3.txt,12847,b3f8a309c00c2aac054eccc3cbb047270056e14b06d5c8ddafafee3075ffb282
audit/recovered_extractions/files/cla_gem2_evidence/CLA-10-T4.txt,11687,c6b4e561cdd1ad7faaa8b8c15e383a59a353aacf2735125202d255b0ec79f07f
audit/recovered_extractions/files/cla_gem2_evidence/CLA-11-T1.txt,5548,590ebf8de93457f39086a41f74c144f4e327a00e15ca6cadb2023d6c1048c50f
audit/recovered_extractions/files/cla_gem2_evidence/CLA-11-T2.txt,11631,5fffb89d9782f6926d1fba4336bd113d191e14a968814bdd61c4a42c79e12c9a
audit/recovered_extractions/files/cla_gem2_evidence/CLA-11-T3.txt,12205,b643dd48fc2251dd22148d4a8724cd3b687d925c6e594af5d58f1a12461dbe73
audit/recovered_extractions/files/cla_gem2_evidence/CLA-11-T4.txt,12473,8391de1e619410c0295547c02d1d31ef29ba1b583b7fa637010c3752b7d608a5
audit/recovered_extractions/files/cla_gem2_evidence/CLA-12-T1.txt,5851,85ab28b2a3efc234f46f7917d489ba5cbbbdb513b2ce454d3abe22e48179676c
audit/recovered_extractions/files/cla_gem2_evidence/CLA-12-T2.txt,11759,7e37b8e373a051b9c04ed65161c68e1a5c631c5e51baa2b1e97a98de76fff6f0
audit/recovered_extractions/files/cla_gem2_evidence/CLA-12-T3.txt,13832,bfea3ed1e76dfdef1f1bf97151b2b3385e67742fdbc142ad691610feaff62295
audit/recovered_extractions/files/cla_gem2_evidence/CLA-12-T4.txt,12942,d4f05f195f6549f8a32b2f1fc5e3a1c45e07dfb018fbbbd97be7e81e35828adc
audit/recovered_extractions/files/cla_gem2_evidence/CLA-13-T1.txt,6129,c893a8cd7e77ab50bf2b433ef0766fac5435c132a0ffd49eec663dfd20d96e67
audit/recovered_extractions/files/cla_gem2_evidence/CLA-13-T2.txt,8499,5372c06f45f963daf004a65f8756e478ecc740242f4edc5b03c4657e205eedd8
audit/recovered_extractions/files/cla_gem2_evidence/CLA-13-T3.txt,10494,0f2dabd10ae8d2fdfa2c6f9f950fc7f5c674ace823a557bc584f6244545c0502
audit/recovered_extractions/files/cla_gem2_evidence/CLA-13-T4.txt,10746,30e387e3b344288ddb8aef5e7ead8454857daeb31c5cd559fd0161031efac75b
audit/recovered_extractions/files/cla_gem2_evidence/CLA-14-T1.txt,11064,25b4aabf6a833cda603317198a4a8ae1ee1ecc1e7a001b859abcdff23b193a18
audit/recovered_extractions/files/cla_gem2_evidence/CLA-14-T2.txt,8331,1003eb13fd0b82df64c79c5a4d0431de8d06ff320b9cc63f0387af9e7706ebd4
audit/recovered_extractions/files/cla_gem2_evidence/CLA-14-T3.txt,8789,743b95fdfe1b1aa735abf5e099a8d434f3bbf91351ab5f671744ab67832a8166
audit/recovered_extractions/files/cla_gem2_evidence/CLA-14-T4.txt,8657,b1702f62f62d99bb770e76c35dfc566f76fc5f39ae2e64f17ad9c3b2f72a982a
audit/recovered_extractions/files/cla_gem2_evidence/CLA-15-T1.txt,7796,8ffb5ece22abddb17cd3fdc58b84624f3fa6cc0231eb1ee95370fbcaac2b956e
audit/recovered_extractions/files/cla_gem2_evidence/CLA-15-T2.txt,19390,302f7905e8e25becbedafa116db18c30d635e85474e3d4c13feb664121771e42
audit/recovered_extractions/files/cla_gem2_evidence/CLA-15-T3.txt,17078,f2c796a8935410ec3d14ad4b379f93adadb8e4b3c6b2d824287fcad13ff8939d
audit/recovered_extractions/files/cla_gem2_evidence/CLA-15-T4.txt,15683,107c76ea68b1809afcde19346a969f5a612164a385689bec24d7e31b3cf7de8a
audit/recovered_extractions/files/cla_gem2_evidence/CLA-16-T1.txt,4574,27b164c77a5042c6a2f5d7e0b8b09d0a5b21c01460c0837429c79e58716b2b2f
audit/recovered_extractions/files/cla_gem2_evidence/CLA-16-T2.txt,8039,e31a2a71867492c186d02644ec72c007e4836068a1679c0bb5319e4aeb214d56
audit/recovered_extractions/files/cla_gem2_evidence/CLA-16-T3.txt,10091,d5dd62933db4bddf21b90ed3ebe059469a301f69cd022c68f296060f907e55c8
audit/recovered_extractions/files/cla_gem2_evidence/CLA-16-T4.txt,10425,2a7940737c3f87fe8c1327703caf23f002f2fcdf0411005ee8e825db3fb69be2
audit/recovered_extractions/files/cla_gem2_evidence/CLA-17-T1.txt,5816,441242db494f02fd15dd54c772316247dfe8caa7355efb2675abfa53ade459e5
audit/recovered_extractions/files/cla_gem2_evidence/CLA-17-T2.txt,11695,9dcae0ce9b2a76c14813832a505385c9e385b406a3b896914839ec39794277b1
audit/recovered_extractions/files/cla_gem2_evidence/CLA-17-T3.txt,12858,7b1490cc9994aaab1d5806bc4be3511c89cb31c22cfc5cf99d9f61e7c7ed4a66
audit/recovered_extractions/files/cla_gem2_evidence/CLA-17-T4.txt,11929,94f8d760b0775b886e542983f0a6e18281601f38ada38f0f54cb31d1512bd7aa
audit/recovered_extractions/files/cla_gem2_evidence/CLA-18-T1.txt,5017,327dacda04cb3a1aef0d2a0ada956f9f0d9b1078785a825f034db1389e97f180
audit/recovered_extractions/files/cla_gem2_evidence/CLA-18-T2.txt,10924,00bd0d4b9655f29e1778d363da0903a312d49266fd495a8371da85a8fbca6788
audit/recovered_extractions/files/cla_gem2_evidence/CLA-18-T3.txt,11973,8c736438709d17873a2848ccb0a07dcbb6215716140763271eb6e0784be98928
audit/recovered_extractions/files/cla_gem2_evidence/CLA-18-T4.txt,12985,552583fdc9d99e94c0af35571f5c4dce153fa312159eb6b593830b6afda812cf
audit/recovered_extractions/files/cla_gem2_evidence/CLA-19-T1.txt,5714,ac5156558db3dde7352372d379b0f096c60ab78073badc2fecdf5988949f7238
audit/recovered_extractions/files/cla_gem2_evidence/CLA-19-T2.txt,10568,799140c7330cc9c1d47bec22cfadd9eff6135fb10364dc14e8d49ba7a3e7a7b6
audit/recovered_extractions/files/cla_gem2_evidence/CLA-19-T3.txt,11678,2c9c70539a3daefe28563aa82469dbe822ad095701c4d82788f449101c7aa329
audit/recovered_extractions/files/cla_gem2_evidence/CLA-19-T4.txt,12499,911ea45fab99a65a5195571266c6541f2538f38d8ac07892924d1f4874e15923
audit/recovered_extractions/files/cla_gem2_evidence/CLA-20-T1.txt,5038,275ea3f7573d31a9e8edcce807bd18a4ab673ec9dbe0f528c493a4d5de372aba
audit/recovered_extractions/files/cla_gem2_evidence/CLA-20-T2.txt,10940,2be96e50be84c82a366d5b99b1c9bf8f5737b1da4c6c7f987102300f97ea707a
audit/recovered_extractions/files/cla_gem2_evidence/CLA-20-T3.txt,12651,afea50f7078fdb847a9b6632e12a8dde10e3203fa16397cfa67d3ee8d9b44e78
audit/recovered_extractions/files/cla_gem2_evidence/CLA-20-T4.txt,12672,97218b94965676c976cd1377a65789e67d6a9fa18851846d2ea60480cae4f617
audit/recovered_extractions/files/cla_gem2_evidence/CLA-21-T1.txt,5506,df6ce163aec2a6cf17d237b442d3e6f7597908b725383eceeba79073ed357bd6
audit/recovered_extractions/files/cla_gem2_evidence/CLA-21-T2.txt,9182,962db033c8fabc6b6c5546e821e1f52bf2a3a2d3c83023176bb13436d7037cac
audit/recovered_extractions/files/cla_gem2_evidence/CLA-21-T3.txt,10719,73902f14e7a0a65b3e2d7e9fa247dd255d583f8667a2716ecc8a38b2fe11b59f
audit/recovered_extractions/files/cla_gem2_evidence/CLA-21-T4.txt,10396,5ab04d0adb57f4b23c987687b938ae17c2f85a9b3a3cfd6e858b9e2b0355edd4
audit/recovered_extractions/files/cla_gem2_evidence/CLA-22-T1.txt,5999,a1dd2a32b9cab09645b4f6461d461670226e1a1b3a51eb6e00b400b8cee63eeb
audit/recovered_extractions/files/cla_gem2_evidence/CLA-22-T2.txt,12293,da89b3ed5351fe231816f05da74eca84234129ac170d0de4fea2a0e938de36f2
audit/recovered_extractions/files/cla_gem2_evidence/CLA-22-T3.txt,11931,a2360c5a6dbbb155d4e01cd65df80a17ab8da98b7334322406a96d4489f2b2d9
audit/recovered_extractions/files/cla_gem2_evidence/CLA-22-T4.txt,12281,bcfed1fd2e12f348232f0ff8d4bcec025756d807f53e0a0c928855c512218439
audit/recovered_extractions/files/cla_gem2_evidence/CLA-23-T1.txt,5662,14b6df6cb724817423be42505497b51a6dc7b3fb65763415080f06ae8cef0244
audit/recovered_extractions/files/cla_gem2_evidence/CLA-23-T2.txt,9942,27ec4a59f6817a8efcbdad53de28dc9568a4afdaa65809d0059ddeea116e52a0
audit/recovered_extractions/files/cla_gem2_evidence/CLA-23-T3.txt,10601,ac918932187392b49b5191345be618e223bff0a86508f04578aa00436756b497
audit/recovered_extractions/files/cla_gem2_evidence/CLA-23-T4.txt,11627,71ef9091ee8eb5f217b3bbb5ef24c957c9ff86a905baa229a9fb95796f563cff
audit/recovered_extractions/files/cla_gem2_evidence/CLA-24-T1.txt,6309,f43cbd6bd9336a78987071321a74e6ba4b833d3c60af97ad7825b7a83a18e2bb
audit/recovered_extractions/files/cla_gem2_evidence/CLA-24-T2.txt,12052,795ecd6b2801a07dd9d48edc55c7d0598f7fa6409c6ccdd53b901106da608337
audit/recovered_extractions/files/cla_gem2_evidence/CLA-24-T3.txt,12109,9df2bea7993f02db058f572f3915a49a75b3a6ddbc0f1e8e613282069ff17666
audit/recovered_extractions/files/cla_gem2_evidence/CLA-24-T4.txt,11659,09aa577fe1307defe9b425ba3b739ec5fc704af5db9d869d78b0d12d78a56822
audit/recovered_extractions/files/cla_gem2_evidence/CLA-25-T1.txt,6240,ad0c818d90591b6058e5496dce793cc9511770846ec04df0c9d8e6ca4b4ff2ad
audit/recovered_extractions/files/cla_gem2_evidence/CLA-25-T2.txt,13833,aabce5ac54a9d79ee4e7c7ce9fa2102e8ed690c7b71e72c3dbcfae0ec68f8ad3
audit/recovered_extractions/files/cla_gem2_evidence/CLA-25-T3.txt,13281,a9f9ed4c4837fd99798348653c2fcdb0f1a49aa687e6fd44fd25c2164039e6e1
audit/recovered_extractions/files/cla_gem2_evidence/CLA-25-T4.txt,13922,2bf3eaba3e9fd1e8195aa3e89e06fa07438642b2e8c55f10ebc841a634cc06fc
audit/recovered_extractions/files/cla_gem2_evidence/CLA-26-T1.txt,5983,8bf51b8b1b26f79a014155724ae43d28da4bdec8ec7de0bedf793a2227db1aac
audit/recovered_extractions/files/cla_gem2_evidence/CLA-26-T2.txt,10190,cf3b6b441d5d6c4e060b91f6ba12cdca1ef17e03463f3589bc7f3b459dfce559
audit/recovered_extractions/files/cla_gem2_evidence/CLA-26-T3.txt,12703,b697ee8bea24b166901d1cf163fbbacfad7d52397c84f76cf0ffd97c21903d74
audit/recovered_extractions/files/cla_gem2_evidence/CLA-26-T4.txt,13869,a98f37768b7e31e336e6b5b3d560252a57ab3a91b6dd17a750af39060f766ce1
audit/recovered_extractions/files/cla_gem2_evidence/CLA-27-T1.txt,6037,e12bc1cdf1bfc2eff438471fb040e4cc3212df44ccad17eb2fe0642a6dd4bfa8
audit/recovered_extractions/files/cla_gem2_evidence/CLA-27-T2.txt,9444,5a463e25dccae46fc6cbeb5ca8276f4e7ec4cd18a22d7155a8aa2ffc2b340589
audit/recovered_extractions/files/cla_gem2_evidence/CLA-27-T3.txt,10440,dd48c823b56df1330aed61c0edfbc82e724d58666f8d77d059f5e9d6eb729951
audit/recovered_extractions/files/cla_gem2_evidence/CLA-27-T4.txt,12008,2e19787c9a29ab45a01416a772cf303da6839dda37546e051b175a3ebbe1a704
audit/recovered_extractions/files/cla_gem2_evidence/CLA-28-T1.txt,5561,d2ad40a39f5dbfaa8c13c2fe42ff4f31e7de78850c2e04d1a715aff24c9a072e
audit/recovered_extractions/files/cla_gem2_evidence/CLA-28-T2.txt,13070,784b8574f929a448ce7e19b1b2c45931738d11247c3a6e51d6e8df5f642bf754
audit/recovered_extractions/files/cla_gem2_evidence/CLA-28-T3.txt,13133,84cc1ced87231629b7b65ca18aac22a83a05bf2748cfb57c353b67d7b95d6704
audit/recovered_extractions/files/cla_gem2_evidence/CLA-28-T4.txt,13582,7c429d019bcee4a10e367772550ae3c3a6cc746515edbb4222dadf22f2e3200f
audit/recovered_extractions/files/cla_gem2_evidence/CLA-29-T1.txt,5032,0cf98876db3499e822237179d57eed0474e647509f237c2c6b7b4cd3439c64f3
audit/recovered_extractions/files/cla_gem2_evidence/CLA-29-T2.txt,12641,5913a123e4692f3906b27b5f020bad1e9f933f19d31ec7f71bf48f2803be8932
audit/recovered_extractions/files/cla_gem2_evidence/CLA-29-T3.txt,11734,831e835beedd90c65e861c97fea98df20c5fa797277d83ac9c296a4aa2cf2d79
audit/recovered_extractions/files/cla_gem2_evidence/CLA-29-T4.txt,14055,96455ae83e37f4bdcbb1be77590a678d06ac5b008a52e65da99a1888969f7b9d
audit/recovered_extractions/files/cla_gem2_evidence/CLA-30-T1.txt,5273,7edc17b1500110c4cbc036aeec3621c509c4af85e9bf21eece8e0c924930d7c5
audit/recovered_extractions/files/cla_gem2_evidence/CLA-30-T2.txt,9975,e8c98f2ef9065ed86ddb94aea2122c96c8529411e58707cfb5dfd43d9353f96b
audit/recovered_extractions/files/cla_gem2_evidence/CLA-30-T3.txt,9615,96a547eb75942818f84aca1b9bbda81944850a3183e6f1458e65e53e666c7a52
audit/recovered_extractions/files/cla_gem2_evidence/CLA-30-T4.txt,11846,686a183e92e7234eec8f6d23f4e19e72e74558d962a0427b434dddbf307591a5
audit/recovered_extractions/files/cla_gem2_evidence/GEM-11-T1.txt,9335,d7b6b1831a54348252f0a079a0693a5133d9860b72a33ba7585aa53dbad55911
audit/recovered_extractions/files/cla_gem2_evidence/GEM-11-T2.txt,8872,233f0619a0e00b51eb0d22391136c39f8ee5c9aaa15b85e01d989f60500eb37c
audit/recovered_extractions/files/cla_gem2_evidence/GEM-11-T3.txt,8706,d0b90252a905739259ecb81f293e5191b56aa878f977637c7fbeb1fcff8b9c85
audit/recovered_extractions/files/cla_gem2_evidence/GEM-11-T4.txt,7652,1954347477ff692aaf6f890478d5bd11cd372b8c2bac6e0800976510e081a762
audit/recovered_extractions/files/cla_gem2_evidence/GEM-12-T1.txt,10447,8cf9b2cf635273089b1b5c63a273e2837546885ed757f2a7359899205f2c8325
audit/recovered_extractions/files/cla_gem2_evidence/GEM-12-T2.txt,5213,8ce6b493b14713c252556ee3d5410d04ce9f3d0657b70ee18f6bf12e5764db91
audit/recovered_extractions/files/cla_gem2_evidence/GEM-12-T3.txt,5693,01e7d6f344f30d03e488794eb51adb4a0e007fe3a252c9ba4658a5287a3f22cc
audit/recovered_extractions/files/cla_gem2_evidence/GEM-12-T4.txt,5746,843d05cd5ccdbadf37f34c110e02e781b13a2964e8d4a6801760b85387aff52c
audit/recovered_extractions/files/cla_gem2_evidence/GEM-13-T1.txt,10070,3761a7c3530bccf7daaf58251d924609fbf32df14c5d86b5a6972a7cc2802e68
audit/recovered_extractions/files/cla_gem2_evidence/GEM-13-T2.txt,14771,f9293d8e533ace82a3002f0818db15062da29dc54d7722318aac828d7ee14a24
audit/recovered_extractions/files/cla_gem2_evidence/GEM-13-T3.txt,13872,56441acf076de2827e7268dc88e54abff2b6547a1a1c36bf53120afe37c4513c
audit/recovered_extractions/files/cla_gem2_evidence/GEM-13-T4.txt,11917,15534fa8e07a02e251014a1e3e9fbf3d122b4860a56486ef02aee056cf5f9867
audit/recovered_extractions/files/cla_gem2_evidence/GEM-14-T1.txt,8803,988979af080f074be67461efaa86e3b5d9a77bf08592588af604245e7cf21422
audit/recovered_extractions/files/cla_gem2_evidence/GEM-14-T2.txt,15739,d28363e0b44f8225152c530bd33e65b77b75cec0e6a2d411a7e7a084b4468eef
audit/recovered_extractions/files/cla_gem2_evidence/GEM-14-T3.txt,15785,8964f8f160c0d7ff7329ad59783d2ade1282be91e2f823fcc1f628a066ab5696
audit/recovered_extractions/files/cla_gem2_evidence/GEM-14-T4.txt,14364,ab0249a99c5ea4a1ace9216f6c8365336a08f44cf2865de051dd7ad0ee8cadf0
audit/recovered_extractions/files/cla_gem2_evidence/GEM-15-T1.txt,10840,b7b9c15f0d10101b5c3ac580f1848a98c9ff3f0aa8ad6ec0ecf5a23fa4b58817
audit/recovered_extractions/files/cla_gem2_evidence/GEM-15-T2.txt,5030,57f801f6a2f1da4b11bc974e6bf15b64d91bb8a8bf4644943ecfd4ade26656b5
audit/recovered_extractions/files/cla_gem2_evidence/GEM-15-T3.txt,5101,08d793f208b72c78832d985558d43b6a6d0669f0a71e8948f55f03d5d03222a7
audit/recovered_extractions/files/cla_gem2_evidence/GEM-15-T4.txt,5032,e98a508ece81836d49e39eb0c4edeecff2d884723a330b66c50f9d3558f193f5
audit/recovered_extractions/files/cla_gem2_evidence/GEM-16-T1.txt,9953,b975e3c779c238fcc7538a008fcad217b555e795750983ba746499a3a42e6bfb
audit/recovered_extractions/files/cla_gem2_evidence/GEM-16-T2.txt,10387,f4b08f778d58782372058362d0dfbdee449316c81cb77ac55e67bead4c7a8445
audit/recovered_extractions/files/cla_gem2_evidence/GEM-16-T3.txt,6121,e2c3c7de46bd19d2aaf3007e1c497e0a1b9a3d6923354d290e940550a8f528b8
audit/recovered_extractions/files/cla_gem2_evidence/GEM-16-T4.txt,6212,5001169cd24dcff799022e28844c2a0108d709b6868f28f75b0b7a8d041b209f
audit/recovered_extractions/files/cla_gem2_evidence/GEM-17-T1.txt,9285,0c1362c5dbdc1eea0c92dee5ed38966741d48d6d8bbad8e850a994ed1597cd20
audit/recovered_extractions/files/cla_gem2_evidence/GEM-17-T2.txt,7803,ce57354b5b032493f12aa1d9494a5c17963bbfe463b0314e019a5b8ff089a1bd
audit/recovered_extractions/files/cla_gem2_evidence/GEM-17-T3.txt,7868,f848958c1a5683d2598239077be5f6ba5d460f4317b65005ed9e23b28021f978
audit/recovered_extractions/files/cla_gem2_evidence/GEM-17-T4.txt,7775,25c8b72d3d4463d1e7be1b9c62165262a54b9b15141d5a4087ca416140fbc5e8
audit/recovered_extractions/files/cla_gem2_evidence/GEM-18-T1.txt,10018,4ab362c00106209a85e6e33f4b7d3698b29c3b5ed19712c74163cc9025af6e48
audit/recovered_extractions/files/cla_gem2_evidence/GEM-18-T2.txt,13967,ecc6335d230871e9b8a15eab5129968307912619a5d7090d8a3c1f466df56847
audit/recovered_extractions/files/cla_gem2_evidence/GEM-18-T3.txt,13397,a243811b2502a315f8c632b486fc1f8e275a8a07c6e433a9c6aa74c969850d57
audit/recovered_extractions/files/cla_gem2_evidence/GEM-18-T4.txt,13491,bca8436fc9941adf867c8868ed3d1ca4b658e9f4deb27b1f6f3af02229459966
audit/recovered_extractions/files/cla_gem2_evidence/GEM-19-T1.txt,8622,d8dfd15bd31a4fc972183936fbed15612c81b1d1616a866d7a2722db3fdf31e7
audit/recovered_extractions/files/cla_gem2_evidence/GEM-19-T2.txt,11494,52e9fd27191efc54388293bca32b9ba25640ae982cef4ff0a2596e9c7eb010bf
audit/recovered_extractions/files/cla_gem2_evidence/GEM-19-T3.txt,11546,12595ab29aff56f8f6d12cfde09bf2ca91edd5c5202578fd49a62cc10bc396ed
audit/recovered_extractions/files/cla_gem2_evidence/GEM-19-T4.txt,10543,f703a1f8e15b458fd43cfb84c5541ca4776f9593fd839b6c990e4da153912d09
audit/recovered_extractions/files/cla_gem2_evidence/GEM-20-T1.txt,11302,376dc7f42967914b0129160cc1486160a79e6bd491cec36e39977bcf4ca1e2bc
audit/recovered_extractions/files/cla_gem2_evidence/GEM-20-T2.txt,8247,389fd98c649cdaa16ac22cd3a5967f016567049cfc96b2e3ccbe220beb747444
audit/recovered_extractions/files/cla_gem2_evidence/GEM-20-T3.txt,10741,180820683b6ba069db860d8c6c21abede3fe286bd54eed11dd6288ecd3b02a51
audit/recovered_extractions/files/cla_gem2_evidence/GEM-20-T4.txt,7924,65a0a7c32303ae7df7d91d93b1d0d822dc455dae9e89cd5e076d37cd60a89cf3
audit/recovered_extractions/files/semantic_v2/sem_b_evidence.json,5227874,a2e232cc593059deff11b27ee541c804db3cf81adfaa2abeb4fad0877d921576
audit/recovered_extractions/historical_manifest_selected_160.csv,18507,55c5994f17bfee3e5dd412c304f040d9dbde2fa31387a9676c694dcc26a6c552
audit/recovered_extractions/historical_package_contents.csv,117439,599688fd2b8ca03550cc04b311d2d0c7edbc64356131d6c112db2e76fb220204
audit/recovered_extractions/historical_reference_instances.csv,741571,6bb9d7fe99045a2e36829b5b1587924fc28f950c95958f11e28a4235ea4c51d3
audit/recovered_extractions/recovered_reference_instances.csv,949559,104b02d7cb35f59342a3ce323d12bbc41e5169c1febb677b6c6a7974c660b8fe
audit/recovered_extractions/recovery_catalog.csv,41175,4b0e8cf14792b2b7ac183a50e8629d2ee567c2ac6c0fb3c1e47fb61551d6aa25
audit/recovered_extractions/recovery_provenance.json,1910,a257a08486fe803287ac78fdb6f2f760e417991b5724094d8291923a96dbc96c
audit/recovered_extractions/verify.py,2158,3de004a386d8348cc951c70e305efbaf436f91c3a69cf6dd66d6de7bf7e0c34b
audit/revision29_supplement/DATA_DICTIONARY.md,4833,d4628511b31fc146948b9d180a9e6cc053b159b897b13132977bf0022f599c10
audit/revision29_supplement/README.md,4867,b3ef653978b8a8f462eeff582750e86f5a1f59d665fad69cc5e5b702bf38d0e6
audit/revision29_supplement/code/reproduce_supplement.py,12077,bf161998a5ced0ffee4d57c142af75c6f5cf0fe75ffcf78ef7ad75652455d549
audit/revision29_supplement/data/conditional_cases.json,3749,3a1865ce12d534a223b7a8115b524ef2e46950c2060297755d28d2cb9b63ec74
audit/revision29_supplement/data/path_source_register.csv,1668,ce87449ce338091d93a06933b4097e35c55e3ec8ac14857b0a00f00b3ff87249
audit/revision29_supplement/data/provenance.json,2692,80b3322401099c5866a1b04466798815cc75152968f6d6f0f1a54ce00cfca317
audit/revision29_supplement/results/conditional_variable_checks.csv,2162,9f02140be09809737007a9b501746c9d7165bf489d83f63eac3b9af1a999883b
audit/revision29_supplement/results/outcome_label_comparison.csv,3446,5ae314480f4f22ce29061e1c15cafd6b9cc6fd8e85ba361e9546a462bf6cd70d
audit/revision29_supplement/results/reproduction.json,2885,b39e3a34554ec5e70ded27434b33bc1c0383851fd30c08f9071510ac8b99c994
audit/revision29_supplement/results/table_a2_conditional_update.csv,279,3f7a6ed5c134e1fafbc79750d6cc8d316869f3892e920f8f1fbb5220b3165734
audit/revision29_supplement/results/table_b2_counts.csv,230,41c3de81f1ff7559996da091febc77a50f4fb7af3ecad5d2e93c65cbb1b8ff1b
audit/revision29_supplement/results/table_d1_source_register.csv,1652,5d3b3bcf353e9be31697f95630585a543719d1ab79f89b9611bcdb988acb4635
audit/revision29_supplement/results/table_d2_conditional_updates.csv,705,1460d5c52fdf9672725ea651de70f1d33917e1e6ae9a7ebd94a88359fbeea1af
audit/revision29_supplement/tests/test_supplement.py,7174,38416b6f353bc793d5ec8c0363970555b963bd440950d4f1b731a6744cad58b8
audit/rule_compliance/.gitignore,83,5a5954100c96554348de6855e2a1a102a5c38d8a02b2711d343d2e04595141c8
audit/rule_compliance/ANALYSIS_VERSIONS.md,2386,869243accac67bfa012e022706d2f2c3e459748b56af71b29354aca70469e79f
audit/rule_compliance/DATA_DICTIONARY.md,1874,acbfc8069efc57b7e27d942b3cf5834f6f908e007d0ae97d898d96752f9966bb
audit/rule_compliance/MANIFEST.sha256,79,be0d5ffa54c50edeed8e7371e4ec155a64cab7dc0f57d8b3098ca79750aecc17
audit/rule_compliance/README.md,5421,7b64c01c1472b8afca7a172e96106ec31982ab3105900c8e380f72031c62558f
audit/rule_compliance/REVIEW_PROVENANCE.md,1968,641678cf86b8aeb9bed30f37f91faadaceb19abceab9daa13ec7d4f497da0fa7
audit/rule_compliance/annotations/effect_semantics.json,508920,4326f9cfdd4977ef691fe60bb10e9de48e8deda8bbdd5082eff2b84608d6897a
audit/rule_compliance/annotations/extra_calculation_specs.json,854,dbf977e5280f02190668b717b06a73abd78582bf665033ae911628c703aa9334
audit/rule_compliance/annotations/local_case_inputs.json,1707,2fce0cf8691c3542b6ba4a4ef4d46042d5eb0f9529cfd0d58954353b7474b928
audit/rule_compliance/annotations/narrative_anchors.json,548971,237ae07c33c096e21804715067fca7b216b4e8211821a6e994b74895df9e2d5f
audit/rule_compliance/annotations/parent_edges.csv,1348507,5ab9062e651e168f3174a94dceca01d5bccd976298d79e2e2fbd9f9a6f95b9a8
audit/rule_compliance/annotations/threshold_action_anchors.json,2167482,4bd97d868fdbe9582c5a01fd6ca912f8c9dc57c2372b8374efd04efaa1a11f34
audit/rule_compliance/code/recheck_criteria.py,6707,d89e1f8890daeb9e40d1c856833066868149d30cf5102fd4869df20213ef4794
audit/rule_compliance/code/repeat_screen.py,1508,8b6724ae073b5a02a394c4725bede24d449171d44345e93ccb06f06690f774b5
audit/rule_compliance/code/reproduce.py,18900,7f10028d5005d40a055dbd88e594c4c5f739d1e568c26250db9dba11dd75a9da
audit/rule_compliance/code/reproduce_diagnostic.py,8477,e98ebdbaa6669ae5681ba998e4ae5eeff9a83c41007e7b9e427d3d36f81f94be
audit/rule_compliance/code/reproduce_revision17.py,7319,cce9bd303a345764350ecdb2bdddb59207030d76b6c36e419588206d9a2cc120
audit/rule_compliance/data/adjudication/decisions.csv,20428,86bb3471f3a8180a15ac804e1b2d9b6c01804c54c9c33895cad41867ecf2ec92
audit/rule_compliance/data/adjudication/initial_screen_coverage.csv,11532,f048911af649f3003f1b559477ee9555f4d6428cdbd713b49e94b1399bc2a6d7
audit/rule_compliance/data/adjudication/patches.json,3376,eafb2df6eba59d7b0aed12162fcab96ffea4d5c9f4824a11631b71251c72b3d1
audit/rule_compliance/data/core/07_semantic_validation_ledger.csv,10801370,1cb6a847887d91b903e047d37f32edd859a66908d1d5b9fb2e625e2e7e111ae7
audit/rule_compliance/data/diagnostic/AI_REVIEW_EXPLANATION.html,66537,2a03e8e18b6352e7597fcf55858c21c7d73b2da871c128abd3788efada1a9d65
audit/rule_compliance/data/diagnostic/AI_REVIEW_EXPLANATION.md,65732,cd22c63d4ed484598f0d1f4efbdbf0e4d6ad95c699311c40ea43f2f269c3fadc
audit/rule_compliance/data/diagnostic/DATA_DICTIONARY.md,2273,464c62932fa102d501dff25cc2bd385b7c86909e537f72e96a1e62877288124f
audit/rule_compliance/data/diagnostic/README.md,4429,19eb1929bdbdd76736950ed6a9be5a3ad10bdbed5c7d26c7e45b1820cc494b7d
audit/rule_compliance/data/diagnostic/ai_review_40.csv,52859,c5041678eb850be3f6787d3d8c4d86929a834c2935a19087f6287f10dc80c575
audit/rule_compliance/data/diagnostic/conditional_arithmetic_inputs.csv,199,27f37a74a3727f8ed07ff369621bbd1f0e775df6aa57449c4673801c54d77c88
audit/rule_compliance/data/diagnostic/conditional_effect_sources.csv,1514,30d450c1bc935c44d23b8a84169f56f7e2553bba5350c0117749bac2cbaeeb5a
audit/rule_compliance/data/diagnostic/existing_change_links.csv,556,ac5b023a0d2b9b0c35a806eb62c2299a926f400738a3c09d3500fde4ba6e53b3
audit/rule_compliance/data/diagnostic/membership.csv,2487,a462521abe6f59f0e3b7915672124fac93de3d14f82f1d67cb068299bba0f4bb
audit/rule_compliance/data/diagnostic/review_scope.json,1806,4381a7d1175602447cdced7e736dcb1c3558c8399fafd248dfa232d6ad6834e3
audit/rule_compliance/data/diagnostic/u_reason_assignments.csv,9279,58b2eadb797e438d2e86108f3ecf196db8f56941ca1af1bc2adeba23e2061ed8
audit/rule_compliance/data/diagnostic_only/numeric_candidate_inventory.json,663,2b93a225901b3b8aad1779e8174c35e1a2cff563b24e4da3ec382004e2b335c4
audit/rule_compliance/data/diagnostic_only/pending_effect_findings.json,3637,b991b1a2629f0075229106b93e19d01cf08cff6c75f6c98887c1485c46effb3d
audit/rule_compliance/data/diagnostic_only/v1_arithmetic_subset.csv,3717931,0ff0c7901e28b633a719029fac2f51a9f4af12b8f24b12e8659f8e86baa6a011
audit/rule_compliance/data/diagnostic_only/v3_arithmetic_candidates_subset.csv,1423032,3b89159b92958b40e3039858529d1d934c0a7a4eb7066557c1ae6a62e5edf7d0
audit/rule_compliance/data/supplemental_partial/actor_later_360_scope.csv,49042,1255172be754bba6490118c59b5d7bc4a78b4b3d4efd9f680ad058e07f768857
audit/rule_compliance/data/supplemental_partial/actor_later_actor_branch_coverage.csv,3318351,d949b3ce6713d35ecc57fb3377a7e14c220f91b1914e5b5fd79c045a76b90da1
audit/rule_compliance/data/supplemental_partial/actor_later_ledger.csv,1256059,e81d6e12ef2632d73a7b6c31fdb9cd7111d5c385326dad7dc63e06ab46c23aae
audit/rule_compliance/data/supplemental_partial/actor_weight_value_checks.csv,20833,ab8c2a9ea79bcf921f85309c4bbe69b269fb902f8d349624238b5f748980210d
audit/rule_compliance/data/supplemental_partial/effect_independent_calculations.csv,3503,bf107f60016d0f9e8ad275dc890269495d3f13badec0337fae7d3d207fb474a3
audit/rule_compliance/data/supplemental_partial/effect_review_coverage.csv,20580,3cc02b487596f78ec34e7a7b540393b325833ed37de330a72328ead5da49b4dc
audit/rule_compliance/data/supplemental_partial/effect_semantics_ledger.csv,1910794,46a98a8a9d96e2d40aa7e16a1542818c214007f1c8e9382114af3cd8011b86ac
audit/rule_compliance/data/supplemental_partial/effect_supplemental_coverage.csv,33942,7f2d46bf4b049bcdccd6546660820e375f63ae79f6d7533e1f37ea7347799593
audit/rule_compliance/data/supplemental_partial/effect_supplemental_ledger.csv,148164,c91abaac1f8f54a73809f6772c8a8efa961358f8f10b06c908d732834c7fc962
audit/rule_compliance/data/supplemental_partial/fresh_marker_results_120.csv,15019,6b035893af8d24bca8530135a2b9525b3a50f5b83b30a0abbecf6e658e57208b
audit/rule_compliance/data/supplemental_partial/geometry_effect_ledger.csv,74144,b8002350bb463ca2a08fb11dd87cb53cc447dbf50e51547a91271b08933a243a
audit/rule_compliance/data/supplemental_partial/inheritance_ledger.csv,9388791,6c51c48399e08335e0b050d8c80beef32237d142b1f99818fc66a4b839a39576
audit/rule_compliance/data/supplemental_partial/inheritance_legacy_coverage.csv,266301,d9410ee38a26031269b89700459afa1e405f0c6b24e5e899c9f23c3b331dc3c3
audit/rule_compliance/data/supplemental_partial/narrative_coverage.csv,16476,5cfc25b3528e0d94be9249f7af9e48c4f068130f701dae45163c9e1ab80ab999
audit/rule_compliance/data/supplemental_partial/narrative_facet_ledger.csv,92734,6ea08b6ab219c128cd5337d86a0f309f0818155b93b614fa37f5b54d7dd118b8
audit/rule_compliance/data/supplemental_partial/narrative_ledger.csv,155028,cb9de25b97446dafe0679f8d1a4ef9376f16f412c7299245b7b2fa298cfd5d4b
audit/rule_compliance/data/supplemental_partial/semantic_phase_inventory.csv,105427,c488f94be0e04b2a61d5d3ae25644100190789f9c9cbad77523713aec3481a29
audit/rule_compliance/data/supplemental_partial/threshold_action_coverage.csv,55779,3c096fda3db24a0074e5c42558a7efc5ba37f4189483982e99d114cb0941b29a
audit/rule_compliance/data/supplemental_partial/threshold_action_ledger.csv,540269,bcf10161f1de0bce455982f0d7a4c74d4042c6882e79b6aec416d41b7d484f4f
audit/rule_compliance/data/supplemental_partial/threshold_branch_inventory.csv,9079,d789394708d45963c329c70ab20c498398d19223bb488d3d7fa20beeaf80189e
audit/rule_compliance/evidence/CLA-01_selected_pages.json,3920,a4b093a32dfff700409aa59d5e710c0af82786ab63b09032e667eeb1787978c6
audit/rule_compliance/evidence/GEM-28_selected_pages.json,5749,5ecfa60a6032f68b9d4232dc08fa77133d1298fca3503d958ee889ec9cb6dbac
audit/rule_compliance/evidence/criteria_recheck/initial_excerpts.json,25319,ecd20b8cf33ee8660e25b5a0494a2b27ec47ebe3c0ab443c1f1d80b01fe79b9a
audit/rule_compliance/evidence/criteria_recheck/initial_windows/CLA-01.json,10362,2e1e70cc255786686b14524d8afb8d058f0272327fe14a8c76348d03b29e85d4
audit/rule_compliance/evidence/criteria_recheck/initial_windows/CLA-02.json,9641,55eef2ce1f10e9d1fdc78440c3acfa236ddc0f4f09f20e03de6afac7d9fa5add
audit/rule_compliance/evidence/criteria_recheck/initial_windows/CLA-03.json,10820,eaff501e885f8e80e9a97e7e47b15b072da6788bf09535636f1a5e15a6ecdec6
audit/rule_compliance/evidence/criteria_recheck/initial_windows/CLA-04.json,10256,c73066a90e3fc1b53451fcfc0f33edd8394a9767bf772f556a757186fe3de91b
audit/rule_compliance/evidence/criteria_recheck/initial_windows/CLA-05.json,10075,1a26db2914980ee9a2446c91ea85ad483e9919e733c4cb88c2c1f254f20db079
audit/rule_compliance/evidence/criteria_recheck/initial_windows/CLA-06.json,9727,cba070e80f5c5c97024244076ca29371d5df9f18e8a700ce6981ed64783d70f9
audit/rule_compliance/evidence/criteria_recheck/initial_windows/CLA-07.json,9619,154d149b67acada6ea4b9043528f13b0932e591734f5c52aacd79c091bf3f036
audit/rule_compliance/evidence/criteria_recheck/initial_windows/CLA-08.json,9658,3f7471471bff6124c1b89d716a56de0f5d87ec29b70cafb16b7885c004fc4ff2
audit/rule_compliance/evidence/criteria_recheck/initial_windows/CLA-09.json,9925,f95a07ca755689d42ff8b6b813b8d590b0c9f455c74530f42a231a91a33e94c0
audit/rule_compliance/evidence/criteria_recheck/initial_windows/CLA-10.json,10235,af27a231dfa4eea21416f94ee3a20cbfc28280382fb514842acc29e6ed1b383d
audit/rule_compliance/evidence/criteria_recheck/initial_windows/CLA-11.json,10168,887993aed54b5ed78339eb0f0817596172cfaa9adc747f9e779fd38a0609dd88
audit/rule_compliance/evidence/criteria_recheck/initial_windows/CLA-12.json,10437,59e646209b1cc09ab12b973361524e1e9d0313e3fba6062c75cb9eb042ea0a10
audit/rule_compliance/evidence/criteria_recheck/initial_windows/CLA-13.json,12589,ee14ab2d8c13d491fa8a860b1e7613a3471ee591b1b2902e65c47a4e84a6a8f0
audit/rule_compliance/evidence/criteria_recheck/initial_windows/CLA-14.json,22185,d3cbf0b88a7067376850b687bf5a47c8aec7d2c9efc530532aaffbbdaecbca68
audit/rule_compliance/evidence/criteria_recheck/initial_windows/CLA-15.json,14747,d15774bab24e6581a4215b7f3ba584d84560315e94af4ff732a8280ad0de1afa
audit/rule_compliance/evidence/criteria_recheck/initial_windows/CLA-16.json,10379,3efc40b7b16df4e957db0e567dc591fb82e5263f3ba8fdabda629b0aad10688d
audit/rule_compliance/evidence/criteria_recheck/initial_windows/CLA-17.json,9769,d9cc68a756cadcdea0112f2eef384e3af9974adb1833c7b105858cf983c72658
audit/rule_compliance/evidence/criteria_recheck/initial_windows/CLA-18.json,9950,0283dc91343e141ac2757a720f7e52bfb5d0037613ff430af970e5531ee7f05b
audit/rule_compliance/evidence/criteria_recheck/initial_windows/CLA-19.json,10143,eb6f2a1c62d5436d13df6e5e6f5414d8e125f7e07f1aef3fada30f1677f6514f
audit/rule_compliance/evidence/criteria_recheck/initial_windows/CLA-20.json,9857,80769b46d35c22d5feb84ea3053988538c9809c54c86035bc8f7ba47d79e1a6f
audit/rule_compliance/evidence/criteria_recheck/initial_windows/CLA-21.json,10166,6d31aa1fea8cdbd02a57944dabe334673ebbcfa912c173993dc7e643e9d34597
audit/rule_compliance/evidence/criteria_recheck/initial_windows/CLA-22.json,10077,9fc4dc8432f7a434597a46ffff4f71a7265a78df2a0baed30719802e61146df7
audit/rule_compliance/evidence/criteria_recheck/initial_windows/CLA-23.json,9625,55b771931dcb49a51a5c1d707239d380fe2362b961b559d37473f5985456f545
audit/rule_compliance/evidence/criteria_recheck/initial_windows/CLA-24.json,11653,d76131aa031785ba4953ad5e29b3b1479f98d711bf0ea35e28bed8afd5cafe86
audit/rule_compliance/evidence/criteria_recheck/initial_windows/CLA-25.json,12332,094ebcb3c671c87ce75bca6b3b699c8d9159642d1c9ae2513db0fa1d0fb6231d
audit/rule_compliance/evidence/criteria_recheck/initial_windows/CLA-26.json,9926,6ce98724b984a263ecccb5365e252da52088b970b3bd7249cc08a81015e14298
audit/rule_compliance/evidence/criteria_recheck/initial_windows/CLA-27.json,9628,67a9d294ab5d76104d4d42f458963730c8a9c24e2e55c54eb5e37728d4cb2c57
audit/rule_compliance/evidence/criteria_recheck/initial_windows/CLA-28.json,10142,a354c513b3204a83720705cae98b1f6906ce7118639d7578298642ad68c1e3c1
audit/rule_compliance/evidence/criteria_recheck/initial_windows/CLA-29.json,10518,0f59e57b54ee1e9ff75a21a7b0c661d968dac2349705f492025a16fea7cfdc40
audit/rule_compliance/evidence/criteria_recheck/initial_windows/CLA-30.json,10577,9a5e4a7a2971af3ffea7b6868313f09f1fb8eedac9d9e0a731ca4780969fd9a3
audit/rule_compliance/evidence/criteria_recheck/initial_windows/GEM-01.json,10967,dc7e991722c5ce784f6e24d6f422a34b436b569007c4849f4ef1ac0b94c7dd40
audit/rule_compliance/evidence/criteria_recheck/initial_windows/GEM-02.json,11911,4e5e0d0ca417e764f6d7f351554ad45d051a99f2561d9b2e0a80cdbc058e725b
audit/rule_compliance/evidence/criteria_recheck/initial_windows/GEM-03.json,11556,2fe6667466e0333f2a0d844735ea957d22eca88e2956a379cb1f6a8f10c1bfb0
audit/rule_compliance/evidence/criteria_recheck/initial_windows/GEM-04.json,10841,fd9db3c64f5e15c3d0fbb0ec46c9a93ba83cbfaa2e94da810b973d43ccb3a3aa
audit/rule_compliance/evidence/criteria_recheck/initial_windows/GEM-05.json,11292,2edef8012bcfb0549787756fcc861f8c0e862ffdd38ecd8ce4dd7ec888ef50cd
audit/rule_compliance/evidence/criteria_recheck/initial_windows/GEM-06.json,11307,7508eb900ccb0e7833d8f3548a650d78e02efa3947fe40eb0be467b73b5c4230
audit/rule_compliance/evidence/criteria_recheck/initial_windows/GEM-07.json,10729,dd9828a04c3c2fb11f31d431ab3723b959cade08d6d149a31d3353539582e321
audit/rule_compliance/evidence/criteria_recheck/initial_windows/GEM-08.json,10619,ab3cdb61bf53bcb5962e58493079a4c6bbe8a687b4b9732617c705984975f4aa
audit/rule_compliance/evidence/criteria_recheck/initial_windows/GEM-09.json,12336,820025ea986a9348fd8263704b3420c34a7c7d23691f4503f6f275f6918b732b
audit/rule_compliance/evidence/criteria_recheck/initial_windows/GEM-10.json,10370,a468dce8c8069739824a84927cfcb38d1b22beae9f20bfb46c275185f992721a
audit/rule_compliance/evidence/criteria_recheck/initial_windows/GEM-11.json,11473,5ea71cbcf993f3259e88cfd9124bae7bbce7eb6b5c62d8fefe56f4e6270180a3
audit/rule_compliance/evidence/criteria_recheck/initial_windows/GEM-12.json,12014,42af85d2d6873aafeec29f41fbc1793d8e3e034a8c0fa3876ed4e1e27355da1e
audit/rule_compliance/evidence/criteria_recheck/initial_windows/GEM-13.json,11989,7cb11d6b34e58471a17238c385496d33f3293d18e09acd2b20f9732b3ebb6e7a
audit/rule_compliance/evidence/criteria_recheck/initial_windows/GEM-14.json,10622,288a9fcab9c6dc3c764175e4c4b0b9cc57df75cf1ca695501f46bb34ec22b1a5
audit/rule_compliance/evidence/criteria_recheck/initial_windows/GEM-15.json,10967,3d2ad5f3a988a23376f72d316027f7233035afb96cc62f2ee8a5ac7fbb16d158
audit/rule_compliance/evidence/criteria_recheck/initial_windows/GEM-16.json,10085,67d87bba778b0f900247bd9f37663e1e196e727efcdecff8a89f0a5dad0471f6
audit/rule_compliance/evidence/criteria_recheck/initial_windows/GEM-17.json,11415,d4f8c087da3eb3ce91d3126618315d335a53aef74c9585434f4c0c8a670e17fb
audit/rule_compliance/evidence/criteria_recheck/initial_windows/GEM-18.json,10136,2eb18221418ce1f3f3a48c8761119769b8251334d250ae1826796fb5306b8cf1
audit/rule_compliance/evidence/criteria_recheck/initial_windows/GEM-19.json,10529,e2c7b61b0144580e017ec5b548f5aa6435556135acb8e3caf9c56d7b8090047e
audit/rule_compliance/evidence/criteria_recheck/initial_windows/GEM-20.json,11414,6405461669d78292f4f364c49fbd129eb529ec157b94e3d683845f12eb36955b
audit/rule_compliance/evidence/criteria_recheck/initial_windows/GEM-21.json,12313,ebd78a351dcfe08059bc59b8d8812d40299ca125a11d93bfd1e11bdf4a1d4ad0
audit/rule_compliance/evidence/criteria_recheck/initial_windows/GEM-22.json,10435,5f848898e9b6c1e5d7858c6a3b7e8ffbb00a74d4df178e0bd165688ec15117bb
audit/rule_compliance/evidence/criteria_recheck/initial_windows/GEM-23.json,12484,83492821a45573064a284a8d1809cef3088cbc0eefb83671b824677a7c018c02
audit/rule_compliance/evidence/criteria_recheck/initial_windows/GEM-24.json,11101,857e1ed9714e531ce159b376e70e7ea4e6715f80f89f61e5f3068d0159a1dd28
audit/rule_compliance/evidence/criteria_recheck/initial_windows/GEM-25.json,11767,7f45043536100e481578626c1c570e5a2841ad234be388422b10f891de0a2e87
audit/rule_compliance/evidence/criteria_recheck/initial_windows/GEM-26.json,10728,cd2122a054c05738bade03762ca889b04d06b72eac0d86b4a9d1c5e401444e06
audit/rule_compliance/evidence/criteria_recheck/initial_windows/GEM-27.json,11999,0851ea602ef86df5e3b6269ec9991e624e36e6212c53abea77c8b9698f10ece2
audit/rule_compliance/evidence/criteria_recheck/initial_windows/GEM-28.json,10876,a9fe620623f63de74967770c94433a6bcdc8077c4fe810a4a2270023ae094a49
audit/rule_compliance/evidence/criteria_recheck/initial_windows/GEM-29.json,10078,e280894d8ec8c50e9937d065692a501c3a2bd761b76db33530e7b70dcf7c884e
audit/rule_compliance/evidence/criteria_recheck/initial_windows/GEM-30.json,10006,392e880d6bb55b36d6c2d040b28ece62bc107b5cc8928ab9710005e42642de3d
audit/rule_compliance/evidence/criteria_recheck/initial_windows/GPT-01.json,10092,9adf81d805a395323f5f2e00e7337d3e21665023086f63726009c1e5f98337d1
audit/rule_compliance/evidence/criteria_recheck/initial_windows/GPT-02.json,9608,732135a5cdcd927ea39b97a69398b94fe3463b14a4a6ea0b34d7bc27e1c4371e
audit/rule_compliance/evidence/criteria_recheck/initial_windows/GPT-03.json,8337,1f11ac92631a8c228923044000183726b5c596d51d758157d65d66ac1ed00338
audit/rule_compliance/evidence/criteria_recheck/initial_windows/GPT-04.json,8429,0660d6036688497d4b7b8bde6cba5f24143d13f3c525393ec82a678c5f228634
audit/rule_compliance/evidence/criteria_recheck/initial_windows/GPT-05.json,10735,72b8c251c4787d3135658b2971f1888501aa2e99ffbb5481aa5c4406fdee2846
audit/rule_compliance/evidence/criteria_recheck/initial_windows/GPT-06.json,8886,51b851dc39a914750ec21aa12163c139331b93d6608820a9202bc1aca5c6b742
audit/rule_compliance/evidence/criteria_recheck/initial_windows/GPT-07.json,10020,ff1e5eae94ef62b81faa972e10fb7e8ad817014db1043f19e4419cdb60a1c20d
audit/rule_compliance/evidence/criteria_recheck/initial_windows/GPT-08.json,8418,56bdb625cadd25c9a3f4e113f8bae5a239deed09d6817e504e1dd56a0e66f5fc
audit/rule_compliance/evidence/criteria_recheck/initial_windows/GPT-09.json,10232,b9a2d1292ac37694b81a587d4203d07572f042be8c533311973166b104d4a395
audit/rule_compliance/evidence/criteria_recheck/initial_windows/GPT-10.json,8591,0093f2882e2d886abc296e17e0f186fddc3579f12073a299ff3aee04576e51ef
audit/rule_compliance/evidence/criteria_recheck/initial_windows/GPT-11.json,9114,dc6704d63d65c8d41adbcf75f9c0503721090502e8a1844e160f2e32d5dc60d2
audit/rule_compliance/evidence/criteria_recheck/initial_windows/GPT-12.json,8784,3ff18757ff8f1a8c6c15961cf12537f04bdb48767339de916b0c7bba517d2225
audit/rule_compliance/evidence/criteria_recheck/initial_windows/GPT-13.json,7969,3c3a48205ac2202ab581bf47ac150b9172f165e1c5c22c2698189d1bf01821d7
audit/rule_compliance/evidence/criteria_recheck/initial_windows/GPT-14.json,7587,4f140e23a7b4a73f4c7abc52cceb00049786935e26a95e1e87ab7249d10801d2
audit/rule_compliance/evidence/criteria_recheck/initial_windows/GPT-15.json,8122,bcf22247436d6d546a91998b1a8a3cbe13436731f7011560e62a764e8cc69d62
audit/rule_compliance/evidence/criteria_recheck/initial_windows/GPT-16.json,7996,7c0055d85cb77f74fe9be1fd1199af21717c8e2f028e3186e54a6d7c61bc8c7b
audit/rule_compliance/evidence/criteria_recheck/initial_windows/GPT-17.json,11795,e4bbd7c86e1075bacb2f632eb251f457b2425d5348015cb96b5fccec02041bf7
audit/rule_compliance/evidence/criteria_recheck/initial_windows/GPT-18.json,10817,1ad691959dfe919d3e7bd730aaa7ee04e8ad8c09c23698d87111cd2d2c636681
audit/rule_compliance/evidence/criteria_recheck/initial_windows/GPT-19.json,7957,4abf64695c5694870affa27bc15dfd0c64102ed971aad4ecc4eabbc6c334f888
audit/rule_compliance/evidence/criteria_recheck/initial_windows/GPT-20.json,8735,2a4686c9e2f2a7c0b079da9fc8b0e17c7e67bb6b29fd656ab895693f65e699a7
audit/rule_compliance/evidence/criteria_recheck/initial_windows/GPT-21.json,10720,bfa77f86b200d264e359ef382b1c79dd490fd80875e31331bbe1934a6d5cbaa7
audit/rule_compliance/evidence/criteria_recheck/initial_windows/GPT-22.json,8981,dd3e0446d3727cff259e0b239ed592615c07ea32419f1161b627ac3de849b192
audit/rule_compliance/evidence/criteria_recheck/initial_windows/GPT-23.json,10374,cf6814f67399d2f5992f9ce1c3836f6e8e928e5c8e18f5558b9655740674f1f2
audit/rule_compliance/evidence/criteria_recheck/initial_windows/GPT-24.json,9250,3c13dcd663eab04be522149620ec75f714b091ffe76e20c12a684ebbd65dfc40
audit/rule_compliance/evidence/criteria_recheck/initial_windows/GPT-25.json,8904,36b13215157249e1a31ff381c682cf56853711811867a522f8dc70f73ce1d735
audit/rule_compliance/evidence/criteria_recheck/initial_windows/GPT-26.json,9807,1667220f2517d1bbd61e2390b4ede9f086bb4466cab4711d512dd831feb49df0
audit/rule_compliance/evidence/criteria_recheck/initial_windows/GPT-27.json,10211,83ed9ed6ebe624edf148002025289403a52e27ac99c636494c1d831fe5fe83fc
audit/rule_compliance/evidence/criteria_recheck/initial_windows/GPT-28.json,8036,7ca6a729bd321f6df59f5fec100c14c82ee76c9c110669afc9fd0e8f269ce80f
audit/rule_compliance/evidence/criteria_recheck/initial_windows/GPT-29.json,8291,2fd74f6b48f918fee32ee8e3a197fde8707c7a1f73822452aa0bdbcc8e00848e
audit/rule_compliance/evidence/criteria_recheck/initial_windows/GPT-30.json,10167,fc9069c636914edcd80d8622e0fb1e2decd890ca1ee70148fcd09292c9e619c2
audit/rule_compliance/evidence/criteria_recheck/initial_windows/PER-01.json,7220,846a672ca49a9ea66821cdfa06ef6011a0d37a9bf6ed1f17c56693fbd60db1bc
audit/rule_compliance/evidence/criteria_recheck/initial_windows/PER-02.json,7681,4b42887e8aca21821ad4e2403a5af3308e9018e233d6d607c6089e3945003ccf
audit/rule_compliance/evidence/criteria_recheck/initial_windows/PER-03.json,8608,c2ad8c0e27516978f03e6316381727684c6d1234d6ec9e0a92f99387634b2f93
audit/rule_compliance/evidence/criteria_recheck/initial_windows/PER-04.json,6321,c5c478a954f8575c106d45f1f6bfa0ff6ca5b6481af4d7d348640dcb117c70d3
audit/rule_compliance/evidence/criteria_recheck/initial_windows/PER-05.json,8315,8fcb12a10ed37dcd86d471ec8f38dcdae63217d907d3215c6efdccbe27a30df1
audit/rule_compliance/evidence/criteria_recheck/initial_windows/PER-06.json,6366,b115d8ffd15093c30fa66cb08a7a88dac7298264093e1105b76ecf94b24db179
audit/rule_compliance/evidence/criteria_recheck/initial_windows/PER-07.json,6935,f0874fab7d70ae709a9c5bef1ad0cb4ff6ee8e0cb1f6608a33b7253b0fe03159
audit/rule_compliance/evidence/criteria_recheck/initial_windows/PER-08.json,7681,14ace92c2c7693f564d77163622441e3a2c371690fc7f44dbd7e82ee1ee3a916
audit/rule_compliance/evidence/criteria_recheck/initial_windows/PER-09.json,8311,46271fafec49618c130a63fdc17a6241aec38d9cd28c2048cf69171c7ded2598
audit/rule_compliance/evidence/criteria_recheck/initial_windows/PER-10.json,7163,c32cadef8279243d764c68fb6f07eec8f24662e6b22506e3d4a1ace6cd9634e2
audit/rule_compliance/evidence/criteria_recheck/initial_windows/PER-11.json,7949,29ce71123ed333f674732c9636821877b909106b8dcf622a02c1693f56d06767
audit/rule_compliance/evidence/criteria_recheck/initial_windows/PER-12.json,7123,8794b442b6bf3fd1d3fc1e1208339c74c32797d395cb6b63a48121a9cc414598
audit/rule_compliance/evidence/criteria_recheck/initial_windows/PER-13.json,6749,4e14a2ec8809ec3c41b41f414e0100969280047c238e0cc1dc963c02cb49dbc5
audit/rule_compliance/evidence/criteria_recheck/initial_windows/PER-14.json,7913,e6dcfc7289e6878472ca8c4864c5f86a4f47d9160891e4aff64996e28bd18723
audit/rule_compliance/evidence/criteria_recheck/initial_windows/PER-15.json,8229,79cb429fdd47f698cecc90496416de8be82c6018a0403fae54f27c08536b11a0
audit/rule_compliance/evidence/criteria_recheck/initial_windows/PER-16.json,8122,0ef106b1512d5577125d85148ae72a3674eb2ff2ec02a93fdc497236ece52d4b
audit/rule_compliance/evidence/criteria_recheck/initial_windows/PER-17.json,6512,43589c852d8968bd810265c5535a324202113712634047f4e16b376342745c74
audit/rule_compliance/evidence/criteria_recheck/initial_windows/PER-18.json,7589,5f48c2ed7c95829b920ab3a3fed1d3bf98b333a4e02107232a09d006b8b1129f
audit/rule_compliance/evidence/criteria_recheck/initial_windows/PER-19.json,6603,fdf7868e5b85a15bd5bfe0a89b23d59650f106345611d611d79443561812c701
audit/rule_compliance/evidence/criteria_recheck/initial_windows/PER-20.json,7372,41fc211d336caa4213fb78bd49bfa250330c8802b7c120d8d5c9887119e89faa
audit/rule_compliance/evidence/criteria_recheck/initial_windows/PER-21.json,7386,2d9949f7e33904dec7fadff783608e5be9a81028838407afcdaa52c93a2728d0
audit/rule_compliance/evidence/criteria_recheck/initial_windows/PER-22.json,7937,38f9687a7346eaa99e63173f8c57a8c821ca7116b9e8f36c09ae8b1690efc34e
audit/rule_compliance/evidence/criteria_recheck/initial_windows/PER-23.json,6645,dbb15a7bc7916d17efa037e8acf02639d2138ca9d535d54782d596dce0d2e679
audit/rule_compliance/evidence/criteria_recheck/initial_windows/PER-24.json,6487,81e7eb32a8e32ef59c0744d2d4f38ed5999eecaa59603c03b5a2a1cfd24b363e
audit/rule_compliance/evidence/criteria_recheck/initial_windows/PER-25.json,7403,1c828f553b16999db22d0c68c9f5083d8aa063faa49ea726a67cf74235497f97
audit/rule_compliance/evidence/criteria_recheck/initial_windows/PER-26.json,8759,3e4b44038541b139c80de5a6607bed350d9dd50377e26e1bb965d3dc32b8b068
audit/rule_compliance/evidence/criteria_recheck/initial_windows/PER-27.json,6380,a368d5edcde1ed996a3f80667cd19ab99e4dba88385cb6ead6833cc757d4cba6
audit/rule_compliance/evidence/criteria_recheck/initial_windows/PER-28.json,7433,ac55287a964032889870fe67da7d619259cdeed6d2e800efac4e2686d108cac5
audit/rule_compliance/evidence/criteria_recheck/initial_windows/PER-29.json,7580,0c94a798ec04a1fcf63d07ed4e8aa4144da8d2175a5fa0dc0bf9375c2c26dadb
audit/rule_compliance/evidence/criteria_recheck/initial_windows/PER-30.json,6750,a7ccf64888a9ffea9716e3f8084e3439e7332f9afc9508505c89f3ea5af1c839
audit/rule_compliance/evidence/criteria_recheck/page_images/CLA-07_p2.png,151303,5d0e7236a5a566d931186183055e7a177b91cf168db85f8d0785a0598d14f061
audit/rule_compliance/evidence/criteria_recheck/page_images/GPT-28_p2.png,117422,95e7231b7997b71f08065943a5249ea583134808379cd6c8e8263a683d4222cb
audit/rule_compliance/evidence/criteria_recheck/page_images/PER-11_p12.png,152405,e3190c64a70d22a1cbc6b3b1a515ec28e1ef2861b7a18308fc77a175291e21ea
audit/rule_compliance/evidence/criteria_recheck/page_images/PER-20_p11.png,139123,77556dab30dc9874d38959efdd115590f41eb5de77346bbb60443f56fc369495
audit/rule_compliance/evidence/criteria_recheck/page_images/PER-20_p9.png,123667,f7b238a4a599bff65e83f95ef854703c43b7604f47a66f1f8e16dee0f24e53b9
audit/rule_compliance/evidence/criteria_recheck/page_images/PER-21_p7.png,134045,527bce8c030fd5d1708cfae6585ac9f7c3952be1e347156975cc48efc401aee0
audit/rule_compliance/evidence/criteria_recheck/page_images/PER-21_p8.png,121178,14852cc6c4e75f5c3af06f25b39ee2fa149a787b19b2bc52b434261237ba675d
audit/rule_compliance/evidence/criteria_recheck/page_images/PER-23_p1.png,119435,b86847e5b7b477e29e776a2ed099afa13d61aef1ddc14e438ba49312e9673e4b
audit/rule_compliance/evidence/criteria_recheck/parent_windows/PER-11.json,11318,798c5186f91a986149e3e2bca21785dfbd5c5abeb228d3c6b7f79c6e00ee9d3c
audit/rule_compliance/evidence/criteria_recheck/parent_windows/PER-20.json,13486,9f251b111966d846246d745187c2a0e3a6f740b68d58627dcc68058b76ad0539
audit/rule_compliance/evidence/criteria_recheck/parent_windows/PER-21.json,15268,3dcd361c0d0eeaead828eed04bc0a4cde18c3b7e4eb885440ab2359e591a115d
audit/rule_compliance/evidence/markers/fresh_marker_component_evidence.csv,440218,e4b127b78c2566134ccfd8cc0f4243b713bb188507537ab6e40b9e1816ea9798
audit/rule_compliance/evidence/representative_source_checks.json,741,1732ec0b1b575d08482f1df73af3125d9bb03616de9b0e8d88e0dee41fbda7f1
audit/rule_compliance/evidence/visual_inspection_record.json,324,2cf0452c3700a9fd2b9f3fa8b311f3361534f374f2925029d66a0ba01a04300b
audit/rule_compliance/legacy/2026-09-20_AI_AND_HUMAN_REVIEW.md,1471,7b03900520911b95fcb3f52b65af43b31c822e03e8e71ada4ba2d72b403eb05d
audit/rule_compliance/legacy/2026-09-20_README.md,3843,2eb2f80d4496525f73326abfa91ad1780cbcd04d3c741c688ec8262fda8b7c6b
audit/rule_compliance/limitations_and_coverage.csv,3265,1d8028db9c58fe91af3a23a5dd49202fdc23242b180b2d3e26cad3f87653dd37
audit/rule_compliance/manifest.csv,30947,65c3e9b76af546eeb53fcc62ac180d24ef3d5308cc0a341dc8bc8d1bb45930ad
audit/rule_compliance/protocol/CRITERIA_CONTEXT_V1.md,3961,0b8012bffcfdbeba89be8fb55088ca06e18fff56dbc52f378fe4f3c7c8f9b3e0
audit/rule_compliance/protocol/DATA_DICTIONARY.md,2042,8d9de5a816a9a3ff80c6f5a34d18cf47b53cec9ef9eee673bf2cc0c0cba5866d
audit/rule_compliance/protocol/HISTORICAL_EVIDENCE_AVAILABILITY.md,2420,3df15fe7534d3b5dacd3446f9362e177f0f07c7078684e730e18de37aae8e70e
audit/rule_compliance/protocol/INTERPRETATION.md,2139,f9a76f1a89aaa81a4a2af88e1414d239c04f231acba0baf260f715c9a6c8d4e1
audit/rule_compliance/protocol/actor_later_policy.md,2192,0e7bca4f962b0eccb27a22d9cd62f65dc4ccc6e763efbad49d1af18facd71479
audit/rule_compliance/protocol/analysis_spec.json,8594,b12337ac0c5c4a6d294eb2f784ae88ef109f8f5bd531a0ea08de11dc0111fffe
audit/rule_compliance/protocol/control_requirements.csv,258634,59bddbd663c1a234b69794f45d6e2ddf7f701eb598dff2e42c1a59e11657cf47
audit/rule_compliance/protocol/criteria_source_context.csv,4805,8d1ca65a500db9200f06c02c9f5171144b7f755d7df97d5d472d1d035081fefc
audit/rule_compliance/protocol/effect_review_policy.md,2677,30f9e6eda5bf3cd034c15bac8bc862a0bd25a300e2459ad6f05233e81dc319f2
audit/rule_compliance/protocol/historical_evidence_availability.csv,741571,6bb9d7fe99045a2e36829b5b1587924fc28f950c95958f11e28a4235ea4c51d3
audit/rule_compliance/protocol/input_assets.csv,1280,cfe0ea56dbdd7e8a0a0e577eac202391e4caa9cf64096781b82c601598cecd41
audit/rule_compliance/protocol/input_hash_variants.csv,821,516f6113b244ec2fd772855ee9697801430ea58d98bfca60359ba07749f53755
audit/rule_compliance/protocol/module_commands.json,986,155bbb9b0c2866bef1c533ba7e35ea889331ed4e050d3168e59450836097a655
audit/rule_compliance/protocol/original_pattern_specification.json,1214,3f35f826a67c20d53762fa3bd706fb496806e0988d2f014182b44deb61224522
audit/rule_compliance/protocol/pinned_raw_source_links.csv,58556,9d444d42b85641b45e876e988e0235e6526fa601ff2b5cb95e51532e6cb08d59
audit/rule_compliance/protocol/public_copy_derivations.csv,39252,b5e0d8037314f76f42d68e60c82d552a04d9556bbba3e69ae9a380a1c3d52e85
audit/rule_compliance/protocol/selection_v1_arithmetic_subset.csv.json,339,67f7079d00ff32885e4a35f44639324db8d3eb093974a67b785ceb737ba22f54
audit/rule_compliance/protocol/selection_v3_arithmetic_candidates_subset.csv.json,345,9de6c03a7613bbf290a7aa83cfda6a0667b61749fb6bd5b59870fd566ce4abd1
audit/rule_compliance/protocol/source_derivations.csv,11966,d0bca74c7931cb7842d408d46461ded1c66c17f42e71d72fedafac443a9d8a6a
audit/rule_compliance/protocol/supplemental_ahp_requirements.csv,2628,2180f21eae290bbb3428d9df7a6e52a0ccf1ba869bc70f4f6fa9932c23e08a4a
audit/rule_compliance/qa/execution_summary.json,1060,98165458527693d3d4e508b6f814bbf64c0b5eeb331c6d6f93b7a9aa193dbeef
audit/rule_compliance/qa/isolated_complete_run1.json,1955,137deb8555532c253f17920cbecde3bfaf57acc6fee2d0cfe813a3e879544be7
audit/rule_compliance/qa/isolated_complete_run2.json,1955,dcec58207eecbe17d206e3c903f90106f9487d5d53dde08e4b18a8ef68726d39
audit/rule_compliance/qa/isolated_core_diagnostic_tests.json,6484,f25b46e64a25134737c3a66bc835a77097ce0cf689ca325843a8940f75ccfe21
audit/rule_compliance/qa/isolated_top1_tests.json,1287,faf457531402fac417f22efcc173dddadc36af1608e1bca1eb9057cdee6033ec
audit/rule_compliance/qa/offline_reproduction_guard.py,1443,388bdea6759ac260393285722a48f16eb992d11f18bbaf89bfd56db1bc70d514
audit/rule_compliance/qa/two_run_scientific_hashes.csv,7789,3e32fe79a07c7fb56fb288f5e1556d2dd2bdf03883783f768314bf9af6a5e033
audit/rule_compliance/requirements-source-checks.txt,16,45dc0273db825fd7699369d8607618bff80e9da4c903fbc4ae4c80e8c2b70502
audit/rule_compliance/requirements.txt,136,de5071bcee74251694be408bd3dcfca5d6350bee6f4c8bd632ad0853ea117fb9
audit/rule_compliance/results/adjudication_change_history.csv,6417,934a386daaefd5549d956e2015dce669cef284717a80387147d9c60877a07adc
audit/rule_compliance/results/claims/claim_comparison.csv,450392,3fa942acd10082f0df1774af7c40a4e3eb203a4041bcd7981b5df8fbd6f66696
audit/rule_compliance/results/claims/claim_comparison.json,797566,797c8f1996554d1be24b43c032d9109ac9fcc4796c65384bf3089c212a42a243
audit/rule_compliance/results/claims/claim_summary.json,294,9f6378778f3a15acc36da52be0a528f673b405a235ca22f333a9ee06599e65a1
audit/rule_compliance/results/criteria/clear_common_1320.csv,10481407,a24add48c08f2022300761e390c6e1256b279cf6761e8cf38ad09eeb169948fa
audit/rule_compliance/results/criteria/conservative_common_1320.csv,10483423,c45822a008f9f4bf2f53000987082a4a8cd5bd12e211d92ae73531c6d71f6f01
audit/rule_compliance/results/criteria/criteria_comparison.csv,1019,10fa5c35c6dbd3f7879d25b11cb7585b31ead0ba1297d506a239ae0e554ac48b
audit/rule_compliance/results/criteria/criteria_reproduction.json,363,e9942fa97a8389d9cb8ae33938654f9db565ec37293ebd41ab2f9e5857b0509c
audit/rule_compliance/results/diagnostic/diagnostic_by_domain.csv,325,09287df49ec532f38b289459677f99c557248e4b71f57632f4f5c1e008c8f9ef
audit/rule_compliance/results/diagnostic/diagnostic_conditional_arithmetic.csv,186,a688bfc3d5a6c51cf43b910753c60fe982ff54cfd787ba80a6f407fb8465497c
audit/rule_compliance/results/diagnostic/diagnostic_core_linkage.csv,1860,02a0fc03d504e31cbe1ca73b197b166662270fccfa3828248fcc0072bc0f73bb
audit/rule_compliance/results/diagnostic/diagnostic_counts.csv,117,13cbe23a04d58a58ccac78b66eb3c607630c8ca226b73e2eba6710aac0dc4d78
audit/rule_compliance/results/diagnostic/diagnostic_missing_response_dependencies.csv,233,e2ccf1627a5031143575c691a98bf1941be343e0007e53d10a4844fc65cb6cc9
audit/rule_compliance/results/diagnostic/diagnostic_reproduction.json,1823,053c10ab5b2f751c34462ef4020b44c6f93db3a4997054152778350d4314471e
audit/rule_compliance/results/diagnostic/diagnostic_u_reason_counts.csv,428,ac5e11ce8cfab47634042a55caae0de434b297cb96c12308b1d1a491bf634666
audit/rule_compliance/results/independent_crosscheck.json,235,6b08a3e7b1515a8f4e3b4e47c915b788a02504a75df9931441c8a2b1953ba0b8
audit/rule_compliance/results/legacy_fixed/deterministic_check_details.csv,469592,8b230bdd372a6d71d5d82cf4aa5814d248d0634963b040930af3497f60890b4a
audit/rule_compliance/results/legacy_fixed/differences.csv,861166,cdf16c4719646e37235f8de16987d716b96f3f465bb7d8cb917d389ef19be867
audit/rule_compliance/results/legacy_fixed/domain_results.csv,4416,b92f16588aca5d06a5e9b5470e48627c0bb730cfedb75a79847c05cfddfaa643
audit/rule_compliance/results/legacy_fixed/local_case_calculations.csv,1117,e08aef757b4046f18d35cbed77f609974e6d8a8f8ae7bc4f85d1ad07449a6fa5
audit/rule_compliance/results/legacy_fixed/reconciliation_summary.json,508,fdb76c6f9c7797e8e9d0aec340c5827f5aeba658514cd53b82f0ddf23ddcb96c
audit/rule_compliance/results/legacy_fixed/run_subcontrol_status.csv,12499,5a48b4ce2131ffa4a5cd2514f50e3d302714ea8b8bee9d8814407131b576f483
audit/rule_compliance/results/legacy_fixed/technical_results.json,2979,361bdddb138c098aa7e507aae2d63efd91caec458c80c46620e5ebd0f4d47ef4
audit/rule_compliance/results/marker_summary.csv,1198,e756d2bc4e4f866c15d49ecfa6ca11007bb974ea522f3ce279cce8b6aa8a3ab3
audit/rule_compliance/results/revision17_summary.json,725,fff39b67eae93fcee49e4f0801d8f2db1a219387b9d8255175b8d488435891bc
audit/rule_compliance/results/survey/survey_summary_reproduced.json,389,ec4bfeafd77df4a0be13eacc91017d3c07a72d2392e8e54584a22b21bbd58155
audit/rule_compliance/results/survey/table_c1_reproduced.csv,374,2725bd91a74cb3fe393beaf62e7f466b19491ebcdb6a23b31ee4d3b32e094154
audit/rule_compliance/results/table4.csv,414,67f2fdafa6ffd2350c3c1a11dd7fe9f6060f86b03e7dedc66bbb41c7a3a3b7b1
audit/rule_compliance/results/top1/table_b1_counts.csv,263,cb9fdf5c0179837141b7bd8c368a79f33d414578afcbfb810cf939ef00db3eeb
audit/rule_compliance/results/top1/table_b1_percentages.csv,1206,ea0aceec7736e7093c6a388d16c630b0f2753d26f340a82d403e7096e3812169
audit/rule_compliance/results/top1/top1_reproduction.json,1663,7844fb1c195c7b85b1270bcffebaa32cb7e717cf9dd95ac146321d126d5a336b
audit/rule_compliance/results/top1/withheld_cases.csv,16633,2cacb4fb9a592e8dcc350a6e24d6ecf1740f39ea78015df89ad1982688a61bc3
audit/rule_compliance/results/turn_summary.csv,701,58b1872db3f91d11fa6f410db8e82983fa7cbe625f93f41752182967b0f30475
audit/rule_compliance/source_assets.csv,74328,36eee80d3ce950afff8cc8a824ad83dce5083cf870b1bc3f74c28c41c5f8bf4a
audit/rule_compliance/tests/test_closeout.py,4779,c8ef6fd23e2126868f277ab301b519deeed5126c167e4b65fbedb30b97dbaeec
audit/rule_compliance/tests/test_criteria_recheck.py,3628,3967e03af1df0b30dbb823b9aec304807b5e6b87f98b12045d554af1d914a61c
audit/rule_compliance/tests/test_diagnostic.py,2650,0fec2ae2157f0da293e1b40e81b6b510fae26f8ece3264943732f1591a6e938e
audit/rule_compliance/tests/test_revision17.py,3642,0b87c446ff7edade8e0b97ca8352037652fca4e78ebd157e3cf7ac050e0b1598
coding/coding_rules.md,2074,53b9070b48ac5c1e53f32e5e847efaf75a1b43ee85abe1323396b96bca2163fe
coding/expert_survey_aggregate.md,1162,65aa81ef3670db8a5599f16bacf2f1afd7010f63f3705517e6783bf09e9786c1
coding/expert_survey_instrument.pdf,928010,fa67a35da305a561b3cf1dc6611c3b5ed66cfdd50cb32cf7c06df07885f67b56
coding/final_outcome_coding.csv,1775,4b1cc3e3b1ab539d15da0d678653ea40a7c5629a6c17276b6243cb55d0ee3515
coding/final_outcome_coding_run_level.csv,21200,3cf4f67b7835a3286cc268606c2883132d231aab8b0cb1cc1cce17aee7dd5be9
coding/top1_reanalysis/DATA_DICTIONARY.md,1517,ba2fb60a1479ace67a47b8e287df6ee0c1e7a8589930f543bd6d17a77291e800
coding/top1_reanalysis/README.md,3738,68dde839502b62cbb0a4e4a3bdd68efa85246cb818551eeeafdcab2cdb6d6c23
coding/top1_reanalysis/RECODING_PROTOCOL.md,3387,c968636396e19f46c623bf7f746739152c3d40b87fa553bd23db9e5014c2924c
coding/top1_reanalysis/code/reproduce_top1.py,5081,f8d00cd241945528841479f57960aec17a2309ef9e2d99c33d70d67aff96412b
coding/top1_reanalysis/data/provenance.json,467,415bb05bffe45c61e8c8f2773805324f65a2b430c957e60f3855d538429463f6
coding/top1_reanalysis/data/source_references.csv,44203,97b7a926b33c26e2559fe4f92cedb1dd32ece1f253cf89b910b9fe662877ace8
coding/top1_reanalysis/data/top1_source_recoding.csv,140153,71722afb2faff08f3e8ed7e647c3304a401aec46d723f7490f8e2a558f077efa
coding/top1_reanalysis/tests/test_top1.py,2385,d9de174137a1c960da8162fb88fd673f42a68bb8974e71452999956efb5c5010
docs/AHP_power_weight_method.md,2499,6259389c0017e1fee2ce01ac71eadb7b27a78c08110fe499cfd10cdbfc806c13
docs/claim_reconciliation/README.md,3863,05c15bcef87a22e442b4adf4fe8db99413670b32dcb4f1141610df80ffd62881
docs/claim_reconciliation/claim_spec.json,534548,8b3ee7fb0fde4587857e8aaf03a691cef50ffd28fe15e5beecbf0f9865c4cb3b
docs/claim_reconciliation/code/verify_claims.py,8721,205bd73d4fdb83681a4979b2b6072b6e14b0d2677f035d1453b06101e8a2795c
docs/data_dictionary.md,5286,0dd5a4d7c5b784818cfd9ab2567f2640f82819a1f19c4ebe2ee8341cc65f5087
docs/file_inventory.md,4847,2759980d249749f2e4c08c1c390e119129e3c65bd8fc5adf713d0423fd363a03
docs/final_experiment_design_notes.md,4217,c9bbb99c25998e9a477f9b59b60dbb9ddc7a458aabddd2f0f0478af22ebaeb7c
docs/input_artifact_caveats.md,4496,61d0d8e03fceeb8a5eb168337fd9fdde6903486c8e72a3369961dece10c61efb
docs/provenance_audit.md,10010,faf35336bb8eea710bda9298778046c867f490ddb0aa4441d143b911f9a9ec04
docs/release_audit_20261005.md,5334,54e40c059a1b31e34d7a48a26afd0c7dc761db681c8d71128b1f80acd8becec1
docs/replication_notes.md,7520,87c37dc6a1215c7a7d41e6c7b680f102626abf9597fa06ffafe8eb4ba8680c4c
docs/survey_summary/README.md,3690,cc4c006a1488f30482f97563e307e731ca613931d19bbd0f680808f60a872088
docs/survey_summary/code/reproduce_survey.py,3024,6695d0b68738710c8e9a664e4537598b5d58cd3ce5f2b11b2206e43763f77cbe
docs/survey_summary/data/question_labels.csv,2045,9e6127ae84712ef03a35313ee5394b39545fa40f7e93b5a3559f1d8afc779ec7
docs/survey_summary/data/survey_context.json,682,6dedade8b217289a977b88c0bdff0c51e423dfd8fad1a16a552cd7022b03cba9
docs/survey_summary/data/survey_sufficient_statistics.csv,166,c517279e4acf280eb9ad189878d1d19e21d8172e30b7c34e8c7e99d9bfbb3deb
docs/survey_summary/legacy/existing_expert_survey_aggregate.md,1162,65aa81ef3670db8a5599f16bacf2f1afd7010f63f3705517e6783bf09e9786c1
docs/survey_summary/legacy/existing_survey_summary.csv,278,547a10c6cdc3e893cd0d3a5ac2c3c9953cce1e909290b81fca8f9614c4c7cb03
figures/figure1_end_of_run_variables.png,107622,63571b782e82cdc41bfb952bb5bfaf1fa7e4f5af72d2d72fdf72a3abb5de68d0
figures/figure2_final_outcome_distribution.png,101604,7057b079721db678dff167a6f8abf71559e69535148ca96d62511e98d5e0eb50
protocols/Simulation_Protocol_English.docx,25974,57dedb9530562737578e5a766f6185c776322b91ce3690cd571a2596d4383846
protocols/prompt_templates/Prompt.pdf,53830,a3b87d66392bba576d5ecd97c1b526f361138ba9656fb63a4cac8bbef9d5719a
requirements.txt,60,9da7c0794088b5c19c0084cf5f552f574500564a5ffce240431a1330a3e0e1db
runs/raw_logs/Claude_Opus_4/1. Strategic Decision Modeling Protocol.pdf,214928,40d5cae1d73766c272755651180a2bd68fc15bcba8e8b191d49ea919c615a314
runs/raw_logs/Claude_Opus_4/10. Strategic Decision Modeling Protocol.pdf,245976,5255cd8d71f9307c8ed99cef241c860e42aa46b41ac602bc69fd74491fc6da3e
runs/raw_logs/Claude_Opus_4/11. Strategic Decision Modeling Protocol.pdf,243596,7bcd520a56e9b07a3c24bc40692aa4cfdc76a448b0e7cae4845ddc14f769112b
runs/raw_logs/Claude_Opus_4/12. Strategic Decision Modeling Protocol.pdf,237676,14eb5bc5437bb94e9347990891c7f714425ce1bcea18d1d717d056901de5869a
runs/raw_logs/Claude_Opus_4/13. Strategic Decision Modeling Protocol.pdf,219506,ed12e96517ebf09d595c80a487509e61c148bf3203963f0d7f5f3c9887cdf7d0
runs/raw_logs/Claude_Opus_4/14. Strategic Decision Modeling Framework.pdf,259911,d06a065a49e343d1ea363d8bc282a138fa18b24a87cf1ceb7802b9c8f3b6cd48
runs/raw_logs/Claude_Opus_4/15. Strategic Decision Modeling Protocol.pdf,290510,8c74bc5d7c3173bd504a72b0e7f67e036dfa659ebb86c93df50015772406dba4
runs/raw_logs/Claude_Opus_4/16. Strategic Decision Modeling Protocol.pdf,216880,512cad7aeb7d57f010cb83ce1de3b46e8604e4c5a9ab56ce7439249bd51d173b
runs/raw_logs/Claude_Opus_4/17. Strategic Decision Modeling Protocol.pdf,225982,23cb50f75cbbfed2b24308abbcdb2c3d80b63f35f95d56c38ff116faadbe5895
runs/raw_logs/Claude_Opus_4/18. Strategic Decision Modeling Protocol.pdf,219212,1335cd9261700838df1005974bc9b6d8e0d588edc4e6fa98266cf7f7b4b6f4eb
runs/raw_logs/Claude_Opus_4/19. Strategic Decision Modeling Protocol.pdf,216949,865cb6b736997d80879ca1e14a2ac4287a22d947f1e8a9001777cd989ad1739e
runs/raw_logs/Claude_Opus_4/2. Strategic Decision Modeling Framework.pdf,230906,6c6f488169edae35c15cc3b485683c2d6e85c599b4f7ef1100d23589f0cb98c7
runs/raw_logs/Claude_Opus_4/20. Strategic Decision Modeling Protocol.pdf,213967,140f97c1fe5bcdeecb443b961d760f556823b2c59f8599d0117a7a94b159194c
runs/raw_logs/Claude_Opus_4/21. Strategic Decision Modeling Protocol.pdf,238057,5ee44e1ed46e15915bd9c886afecd1bd24314e9cb01852c1cef874e5cef627f7
runs/raw_logs/Claude_Opus_4/22. Strategic Decision Modeling Protocol.pdf,232591,d074b16e3594924462b1c7d66b1276a5e557b97922f485b616c78fb2455293b5
runs/raw_logs/Claude_Opus_4/23.Strategic Decision Modeling Protocol.pdf,206545,286ed2b46996ee5f703069d95d599a17d5b40279c8e8653363fd76a7fc8b48bf
runs/raw_logs/Claude_Opus_4/24. Strategic Decision Modeling Protocol.pdf,231965,822278632565a419957939665a946d23b1996d89c719f726bcdc7e6bf50c8934
runs/raw_logs/Claude_Opus_4/25. Strategic Decision Modeling Protocol.pdf,265813,2f6cac443ec1cf8b7d33cca5e1f424a04d3bed2d80d10edca11eb64b73791b06
runs/raw_logs/Claude_Opus_4/26. Strategic Decision Modeling Protocol.pdf,247844,7e77386b1508cb0ccb67234a4c65ac36e1ba14a49f024211c4968f9d6dec192e
runs/raw_logs/Claude_Opus_4/27. Strategic Decision Modeling Protocol.pdf,208968,74ebc65e71943daab5b1d67c2f483bc0681058e99d10903ee21cd20e8d26f517
runs/raw_logs/Claude_Opus_4/28. Strategic Decision Modeling Protocol.pdf,248689,b8f3364ae20410873bc6b6a153c4f6b11b653f6b27b8b1a574020e2e6869a337
runs/raw_logs/Claude_Opus_4/29. Strategic Decision Modeling Protocol.pdf,241047,58e8e1c1071435670fd7047ff623809184435745bb9882b7c8b5d9f752051541
runs/raw_logs/Claude_Opus_4/3. Strategic Decision Modeling Protocol.pdf,184198,b38d30d7290f6dd06dfdd11e9e91d690046307e35d589010665a82cf73f85c9c
runs/raw_logs/Claude_Opus_4/30. Strategic Decision Modeling Protocol.pdf,221611,b2d21bce34c5189b872a0904e6ffd2720ff48da70483eee12737cde23898c37a
runs/raw_logs/Claude_Opus_4/4. Strategic Decision Modeling Protocol.pdf,222074,40ed9943db9822e0a9e63d8f4a7e9b9b6d53c0b5bc29ac3b092464de64a84acd
runs/raw_logs/Claude_Opus_4/5. Strategic Decision Modeling Protocol.pdf,250671,f668bfe0fa63e29d37bd0bc5e77f2d848cdc7902d3b0e8a196771f492768310b
runs/raw_logs/Claude_Opus_4/6. Strategic Decision Modeling Protocol.pdf,235419,bb6deff79a553a8604a9df6eab4e68e954b122f7cf24ee75aaa2431d914436ec
runs/raw_logs/Claude_Opus_4/7. Strategic Decision Modeling Protocol.pdf,254203,bc1a14b993ed1b7b515df936c8c2c6766e8ad849c6beaf23f5a2c1300bd55ae3
runs/raw_logs/Claude_Opus_4/8. Strategic Decision Modeling Protocol.pdf,227212,5b336e028ed2a632165b9753b8e14d1f6ac1b74fd84c15e74c5f80a91002f706
runs/raw_logs/Claude_Opus_4/9. Strategic Decision Modeling Protocol.pdf,231752,3e463422829f39192ebbb24aa96f676d5bda251f4d225a45c204d53857f394fb
runs/raw_logs/GPT-4o/GPT_시뮬레이션 V1.pdf,198216,5b719bdd43372cc576043419b9abdff92627fd32b3ed0bf74f439ea9c1555f54
runs/raw_logs/GPT-4o/GPT_시뮬레이션 V10.pdf,173191,c95c58c512afda8d047eb925bd47801968f42f53b2d18458d6cccce3aa1c3aad
runs/raw_logs/GPT-4o/GPT_시뮬레이션 V11.pdf,176134,da0399d4adc653c8b6ad22ac5f9cc9cfd6a3eaf479694ba79318867dd370ad78
runs/raw_logs/GPT-4o/GPT_시뮬레이션 V12.pdf,159462,f3b1fb6fcbafc7446847aa51e799b7b5013ad6c06e2bb1ac50e89cd6beaeebaa
runs/raw_logs/GPT-4o/GPT_시뮬레이션 V13.pdf,155836,7a15bdd69ad5389061eaf2b5b0300161a7fe984561a7a77f2ba13764f431ac49
runs/raw_logs/GPT-4o/GPT_시뮬레이션 V14.pdf,180528,e6bf4ece8979113a25230a1f7f747f60235d7261dc2c51c61984e4178ffb114c
runs/raw_logs/GPT-4o/GPT_시뮬레이션 V15.pdf,179438,82da816b1d9610816025abf6b57e0ddb30d45896c19a99bf382c88ae5370f33c
runs/raw_logs/GPT-4o/GPT_시뮬레이션 V16.pdf,178536,095afc84f8437c7f5343b184d25cd23dfd17693b1386f84d94fa35f778900e7d
runs/raw_logs/GPT-4o/GPT_시뮬레이션 V17.pdf,157330,68003af1d7585e2b160a148685d20484b7576af921e5792488adfbf768abafeb
runs/raw_logs/GPT-4o/GPT_시뮬레이션 V18.pdf,152469,f0dad85d4e2cfc4eaaf5de2909bacdad3105b8f12cfca38f8df9bed75cd66ecd
runs/raw_logs/GPT-4o/GPT_시뮬레이션 V19.pdf,196650,4750ec398977fac0511c235af8f5947636e89150f2a8a28b03df2f3f246df7d0
runs/raw_logs/GPT-4o/GPT_시뮬레이션 V2.pdf,185468,841b7b9fe14dfd575acca1315fa4ddd5d5ce28674d9f053188bfccb2968253c4
runs/raw_logs/GPT-4o/GPT_시뮬레이션 V20.pdf,188652,60668599f034f9aa539712f4a5180b7e8fa74acf6cb5de703adbf86195f8f9cf
runs/raw_logs/GPT-4o/GPT_시뮬레이션 V21.pdf,186847,3118d6828e017eae7eb572f1e11734a172741fea6ddc2bbf116ab2726be8cb11
runs/raw_logs/GPT-4o/GPT_시뮬레이션 V22.pdf,168171,80cff2f749dcefe8b48c003c616763359c4ac63fd1709a407f9b6e7181235bb4
runs/raw_logs/GPT-4o/GPT_시뮬레이션 V23.pdf,140297,2847d060b5d31732c7d018ae6266a603ed9b8e1f7f4bd61973149618e70f08cf
runs/raw_logs/GPT-4o/GPT_시뮬레이션 V24.pdf,162052,7714ddf156a4047a6a3fd46367c3dcd82b1135b26e3420dd5eb131dbd6fcaccd
runs/raw_logs/GPT-4o/GPT_시뮬레이션 V25.pdf,125246,b0a112a6a6dcc9a56fe67c8983a15f4e06a3034ebb03146ca406d11d3c476a8d
runs/raw_logs/GPT-4o/GPT_시뮬레이션 V26.pdf,190335,093cab78c8c0ce3f58bc0fbcf0c4c3aea891b778b2aff263971884fdf93e5606
runs/raw_logs/GPT-4o/GPT_시뮬레이션 V27.pdf,175427,1c91642cd20ca4e538be5a3c52238b74a3c68ca7a248a9c91157a240a8415847
runs/raw_logs/GPT-4o/GPT_시뮬레이션 V28.pdf,151664,ee50e21096f64d31b893ea2862c7725b2f15b11ffd90ecd7c150b89ead491ad9
runs/raw_logs/GPT-4o/GPT_시뮬레이션 V29.pdf,192847,588bfc80c9151a9a8981f07b5c5f73f2c4ec0c93ae8849ad9c0b3dcd23eb1a4b
runs/raw_logs/GPT-4o/GPT_시뮬레이션 V3.pdf,180973,f2ffaacf63446d0349875fa6a15f65971b3a9130bf9bf071035952189c2bf35b
runs/raw_logs/GPT-4o/GPT_시뮬레이션 V30.pdf,196678,b94418adfac3570e22ca85e3d4c4b7d2f6e7fe2559b695680da0c623834de476
runs/raw_logs/GPT-4o/GPT_시뮬레이션 V4.pdf,164972,95c63ce082198bc429b45c484279b7887410e35a7aef3ca5d65cf31edd70b91b
runs/raw_logs/GPT-4o/GPT_시뮬레이션 V5.pdf,146660,28218a57fa385b6d821654bcfe6a491c593cb096e0a6d565246cc2055e6cd334
runs/raw_logs/GPT-4o/GPT_시뮬레이션 V6.pdf,156464,9774116c3cb26e1e5074757116f478be4a37245408d420e1fa7aaf56107b3de9
runs/raw_logs/GPT-4o/GPT_시뮬레이션 V7.pdf,191978,0d3091d3a53a6368abfef39deee17ddab276b321a1e00b8e71fffbe692e834b0
runs/raw_logs/GPT-4o/GPT_시뮬레이션 V8.pdf,173011,7ae272d0a426e2a6f8ede13771fa4df309df1ee68514d2914fe79c082de4fada
runs/raw_logs/GPT-4o/GPT_시뮬레이션 V9.pdf,188212,607655405a9010782d4b8b5c48542e810ea26919eb223a708d534add0181d646
runs/raw_logs/Gemini_2.5_Flash/1.pdf,188343,60b683fad5d8af65fc9934a49a4bc262b5f63f9c4271a5c57f250c9a4cd86edc
runs/raw_logs/Gemini_2.5_Flash/10.pdf,216069,af69ef34182f9377e7841f1d52bead035465690250852c6534352750132c57a1
runs/raw_logs/Gemini_2.5_Flash/11.pdf,169818,1e7cc5584589422807c07a6e553a76bd75c7d2987baf595494cc8ee58b062e5b
runs/raw_logs/Gemini_2.5_Flash/12.pdf,145961,c2c2bce3e75636936daee00e9c96947fda09833c4b926293af2461a8bc8706f7
runs/raw_logs/Gemini_2.5_Flash/13.pdf,201851,ccf30441bebecfd97a4409496d8fff4aadec2b8480a9db6ba8168c506776b861
runs/raw_logs/Gemini_2.5_Flash/14.pdf,215114,32558992e6b4380b514ad18b74013c5da25a4475b714b431da1d3a71b49fd364
runs/raw_logs/Gemini_2.5_Flash/15.pdf,151584,cd82705ab9c0dc918addd8d0c11cdce02690709153d644f9d712a416f7620010
runs/raw_logs/Gemini_2.5_Flash/16.pdf,162583,323a16d61a463622c71f23b05bed082d5acd543c6651915856faffe298449e7c
runs/raw_logs/Gemini_2.5_Flash/17.pdf,169868,6066886a021fcdd753f7cda12cda04a70cd6d1bdd2aef6ac8f8a112415114b83
runs/raw_logs/Gemini_2.5_Flash/18.pdf,204027,aaa0d621f0c19f50ff8297f4fb55ee4d8a07bddde5d253b44931494c6b5ccbed
runs/raw_logs/Gemini_2.5_Flash/19.pdf,185393,6e649446230838f960d437735ad8b9305820f677efd5850bb52e6e9bbc3f6244
runs/raw_logs/Gemini_2.5_Flash/2.pdf,160873,f60a793430a7ec5a8d7948d4d8877506baf6a7c56e7f77de8451d1d02533a744
runs/raw_logs/Gemini_2.5_Flash/20.pdf,171035,b5366f0317c70f3f2ca2d4adac5d59e5ee6abce2235f4a485e1c61d5fa34312d
runs/raw_logs/Gemini_2.5_Flash/21.pdf,199205,48780cb2300f1e4a3dcfdfc5be7e89a40fbd9812d79b098fbc28175fc8f1432e
runs/raw_logs/Gemini_2.5_Flash/22.pdf,174709,bfa358bdaed1913da73d49cfb017ac39e9767ca320223b8a6252c09fcaf08dba
runs/raw_logs/Gemini_2.5_Flash/23.pdf,209039,939e97ca32c21fcc8ba046295057b74065589dbd0a1cc4571edc78dfc53a589f
runs/raw_logs/Gemini_2.5_Flash/24.pdf,228884,9638caa8bc4fa08de4553906e1c5f485dbb91a60ac0fb4c28ae40f3d841cad38
runs/raw_logs/Gemini_2.5_Flash/25.pdf,174217,cc8ae9cce3fa6720e3e004d5795c653b28396fd13694062ec29cc3059fae60bb
runs/raw_logs/Gemini_2.5_Flash/26.pdf,212649,46e640b6bbb8bb8db3c52faf0635576230ea91ea1df5253de6c0f82be9ac9b56
runs/raw_logs/Gemini_2.5_Flash/27.pdf,198312,429f9d8d033969cc1fd79087ded0cff5286c4a770cf53a1be22d289e3076bcd1
runs/raw_logs/Gemini_2.5_Flash/28.pdf,145518,070afef4916b15e5e456ad4d640e3987cbea13c5d6a17385d09dcf7ffd7cae08
runs/raw_logs/Gemini_2.5_Flash/29.pdf,167564,3871fee4f4a6d1531606622af87a18536f355399a51cc73bb347dfee051f2383
runs/raw_logs/Gemini_2.5_Flash/3.pdf,165159,092f0ead211ce16053d0f731365505ea2e743c6b270d04d511de98c537ce8bbc
runs/raw_logs/Gemini_2.5_Flash/30.pdf,151675,deec8ca1b5a32775554e7d53d93e80d6907e431576576dd28dff077d314be431
runs/raw_logs/Gemini_2.5_Flash/4.pdf,228843,b9f04fc684f85dd185114908f8a63c8a1d06480aa75654a33e7708e5a460a0da
runs/raw_logs/Gemini_2.5_Flash/5.pdf,155689,8382b0cabe6a0bf0580fcb4f11d3fd8175782776ba78f990a78490a52f2c63f5
runs/raw_logs/Gemini_2.5_Flash/6.pdf,148607,18c44b91110590a552fded979dd21edaa1820df5c18a98cd0daecaee41b00136
runs/raw_logs/Gemini_2.5_Flash/7.pdf,202687,717dc2371128a4a1db840c6fb1b92f909e4d4df3278c30de36a293cd69e0f746
runs/raw_logs/Gemini_2.5_Flash/8.pdf,211385,839ef63d28bc63e5ee12235fdb0c4a113606bfdd28c15ea80d30fbe1df5505c5
runs/raw_logs/Gemini_2.5_Flash/9.pdf,153061,efa339c5b9d76c8a994d137771ed819addd5ce7beec7cecc7665ff57853bc665
runs/raw_logs/Perplexity_RAG/1. Strategic Decision Modeling_ U.S. Discovery of Cub.pdf,1226145,3a5f70972ae4b178b2ba9ff51b3127770e918103fe41b688c11032b827bb532c
runs/raw_logs/Perplexity_RAG/10. Strategic Alternatives and Triggers.pdf,1120708,ffe6549ae0e4c4252079f40ac3eedcd601481c0b7a5d552879b1f143ff5f8061
runs/raw_logs/Perplexity_RAG/11. __Strategic Action Options Analysis__.pdf,840260,c4bde1b8fb8f558cb6480afe71d3266fb879254fed954e6dfde8cb0b248d2fbe
runs/raw_logs/Perplexity_RAG/12. Strategic Decision Modeling for Cuban Missile Cris.pdf,1166555,80fdaba7f1f0a872aecb0d610fb8bf792b288f88a30d14b3a6095def4627fcf5
runs/raw_logs/Perplexity_RAG/13. Strategic Analysis of Current Event_ Soviet Nuclea.pdf,970821,5b712a6d1b6c251a9027e011f4e6250e2f6c80a5620bdb283829af5f25f3900f
runs/raw_logs/Perplexity_RAG/14. Strategic Decision Modeling_ Cuban Missile Crisis.pdf,1198680,f4e323e0d788f5423578471fbbc8d541d9b5c6f533439a35d302fd52bb52b9f2
runs/raw_logs/Perplexity_RAG/15. Strategic Decision Model for Cuban Missile Crisis.pdf,891679,bbe1d6156557812e559fa9bd82cfa7965887593868c4ad8285aa7798dbd9f5c0
runs/raw_logs/Perplexity_RAG/16. You are a tool for modeling strategic decisions. A.pdf,1091465,bafd99d6049da828c410d69298865ad2c2e5cdee59cc7fe0fcee8c406e495621
runs/raw_logs/Perplexity_RAG/17. Strategic Decision Modeling_ Cuban Missile Crisis (1).pdf,1066051,7fe13a44539c6e256f7983e49ac38b8a3e62df817de6878b69711ab3c0dd03c2
runs/raw_logs/Perplexity_RAG/18. Strategic Decision Analysis_ Cuban Missile Crisis.pdf,924729,b624441c87c3bcfa55e45ddda163803f5fd321193a5fb0da4f2b9f66c0d55e81
runs/raw_logs/Perplexity_RAG/19. Strategic Analysis of Cuban Missile Crisis Event.pdf,923708,48113015b8f8167b340f24e6225e7f895102252c5767eaf7696d979f21b111f8
runs/raw_logs/Perplexity_RAG/2. Strategic Options Analysis_ U.S. Discovery of Sovi.pdf,1114925,bdd671738db7d1f126dbe72a53027c5970ac761a90731b39a00766aa34082e53
runs/raw_logs/Perplexity_RAG/20. Strategic Analysis for Cuban Missile Crisis (Based.pdf,971748,83085ec83b15b44b09de543bd4199ffc3a1fef15cdb5115df2e6a1fdf26de57d
runs/raw_logs/Perplexity_RAG/21. Strategic Decision Model for Cuba Missile Crisis D.pdf,1122445,b4020fece93a951229c550c8ebadd25d6e2b12de5f793de110be6c9031874342
runs/raw_logs/Perplexity_RAG/22. You are a tool for modeling strategic decisions. A.pdf,956984,dfa679a2e8e0ac42e05662062f390bb1f837cecfbf4d888893f54af270ceeab0
runs/raw_logs/Perplexity_RAG/23. Strategic Decision Analysis_ Cuban Missile Crisis.pdf,970500,00736a030be770100052f60ac989aa5cbeb6f84d3094dc24a9ba850dbc5658c9
runs/raw_logs/Perplexity_RAG/24. Strategic Alternatives Analysis for Missile Crisis.pdf,1070667,2a6ec5f9e15f31b3fa67d32b5c790079f140b611bf13012923316d6a10215a37
runs/raw_logs/Perplexity_RAG/25. Strategic Response Modeling_ Cuban Missile Crisis.pdf,983297,1d1b2305e57df21974bb84bf05f7b4f6eb88a63a9b3e20c16c85b3d73c386d7c
runs/raw_logs/Perplexity_RAG/26. You are a tool for modeling strategic decisions. A.pdf,1047979,ed6b4901a20f459ee4f0bfb4d7bfd3a31c213a864bf546265b241d3ebf984f49
runs/raw_logs/Perplexity_RAG/27. Strategic Decision Analysis_ Cuban Missile Crisis.pdf,1048305,fc5bece68d62652495b92941b31299f5ba4770db51e5ad640662424dcf30c1f8
runs/raw_logs/Perplexity_RAG/28. You are a tool for modeling strategic decisions. A (1).pdf,862954,d0b530bd3fe34a0a1275d98b455ebca35e241b34a9846972f97715ff8d19b48b
runs/raw_logs/Perplexity_RAG/29. Strategic Decision Modeling_ U.S. and Soviet React.pdf,805175,92dfeecd15f4ed66ee45d7e4e12b9e7594deec57e2a4c1ccfd032ebab5708810
runs/raw_logs/Perplexity_RAG/3. You are a tool for modeling strategic decisions. A.pdf,1015287,f66660795410dafe3f5701cb7adfc38276bcd171429e66f79411bb5e18b79d0c
runs/raw_logs/Perplexity_RAG/30. Strategic Decision Analysis_ Soviet Missile Discov.pdf,1020262,6633d5f367fc9b84501437bba8e62278ae94c9da8eb7321adea9b8e64f865503
runs/raw_logs/Perplexity_RAG/4. Strategic Alternatives & Conflict Scenarios.pdf,1005532,e690d7c16a86bd88adbd6a64cf76c62061eaeafa4af8304cfd4dcf5ab4611803
runs/raw_logs/Perplexity_RAG/5. You are a tool for modeling strategic decisions. A.pdf,1289154,b168b0ce9bf51ef2a92086c472372d37641efe0d4584cc53cdb0cbf28d12af48
runs/raw_logs/Perplexity_RAG/6. Strategic Analysis of Soviet Missile Discovery in.pdf,900447,cc974f3606f19904b045b791e122d013847ea1e8c44175bf38f1a76bdf994f8b
runs/raw_logs/Perplexity_RAG/7. Strategic Decision Modeling_ Soviet Missile Deploy.pdf,967375,1668f1cf6f059d3671721d77aa3cf9f72fc0c4f1bcaa98466f3cfe21db443de4
runs/raw_logs/Perplexity_RAG/8. U.S. Strategic Alternatives.pdf,836390,f28dfb54f3011bdc879738da1a4ca595625a79451f3ffd79b8d1ecaaf848223b
runs/raw_logs/Perplexity_RAG/9. You are a tool for modeling strategic decisions. A.pdf,1046810,d0e66854e6be9415522cbc0ac45e89d3a30e05d6dc4c276b9776ade368481352
vdm/Variable-Decision Matrix.json,4637,be0e56e182015348af3a6916d07b302c9382c54bd3624795f6aa51dcbbed4977
vdm/action_to_vdm_mapping.md,1937,0ee7cfa2fdf7dd3f1dc9c65786bd7533610733baf6e07f1dfeea01c032bcc393
verify_release.py,1957,d5400de65b0f06ba298751f470f87bb180447442f6aba183735335e472f03628
