check_id,run_id,report_id,report_title,requirement_id,source_file,page,log_pages,turn,branch,selected_action,prior_state,status,evidence,reason,uncertainty_code,review_completed,human_review_required,assessment_class,review_scope,input_version_condition,source_anchors_verified
SUP-NARR-GEM-01-01,GEM-01,1,The Razor's Edge,P-FINAL-LINK,runs/raw_logs/Gemini_2.5_Flash/1.pdf,25-27,"3,5,9-10,15-16,21-22",FINAL,보고서 1,broadcast verifiable orders for his fleet to withdraw.,수치 검산 대상이 아닌 분기 사건·선택의 원문 승계,준수,서사 p.26: broadcast verifiable orders for his fleet to withdraw. | 로그 p.21: issues verifiable orders for his submarines to withdraw from the quarantine zone.,"T1 검역 대 배치 가속·부인, T2 비밀 교섭과 불가침-철수 제안, T3 격추 후 24시간 내 타결 요구·책임 부인·합의, T4 잠수함 사건 후 backchannel로 해군 완화 요구와 소련 검증 가능한 철수 명령을 실제 해당 경로와 연결한다. 협정은 T3에 이미 확정되고 T4가 이를 보존한다. 긴장 .65/.70 및 소련 지도부 .40이라는 불안정한 평화와 최종 서술도 연결되며 미래 hotline은 사후 전망으로 구분된다.",,true,true,AI 원문 의미 대조(인간 미확인),해당 보존 보고서의 실제 사건·행동·결말과 명시 분기 로그 대조. 위반 확정은 그 명시 모순의 판정이며 나머지 모든 통제조건 준수 보증이 아님.,보존 Root 입력이 사용되었다는 조건부 대조; 당시 첨부 바이트 동일성 미확정,true
SUP-NARR-GEM-01-02,GEM-01,2,The Unraveling,P-FINAL-LINK,runs/raw_logs/Gemini_2.5_Flash/1.pdf,27-29,"3-4,6-7,10-12,17-18,22-23",FINAL,보고서 2,"With tactical nuclear weapons in use, each side assumed",수치 검산 대상이 아닌 분기 사건·선택의 원문 승계,준수,"서사 p.28: With tactical nuclear weapons in use, each side assumed | 로그 p.22: Selected Action: Execute Full Strategic Strike","T1 공습·강제 보복, T2 생존 미사일/항공기 피격이라는 실제 대체 사건·침공과 전술핵 승인, T3 핵무기가 이미 사용되는 전장 속 재래식 침공 지속/방어, T4 양국 전략핵 발사라는 경로를 승계한다. 최종 최초 전술핵 전장 묘사는 T3 원문에서 이미 사용 중인 전술핵 사건과 대응하며, 실제 전략핵 발사와 붕괴는 T4 로그에 명시되어 있어 위험 트리거만으로 만든 결말이 아니다. 원 로그의 고정 사건 대체와 계산 문제는 이 서사 연결 판정과 별도다.",,true,true,AI 원문 의미 대조(인간 미확인),해당 보존 보고서의 실제 사건·행동·결말과 명시 분기 로그 대조. 위반 확정은 그 명시 모순의 판정이며 나머지 모든 통제조건 준수 보증이 아님.,보존 Root 입력이 사용되었다는 조건부 대조; 당시 첨부 바이트 동일성 미확정,true
SUP-NARR-GEM-01-03,GEM-01,3,The Architects of Restraint,P-FINAL-LINK,runs/raw_logs/Gemini_2.5_Flash/1.pdf,29-31,"4,7-8,12-14,18-20,23-24",FINAL,보고서 3,agreeing to establish permanent de-confliction protocols,수치 검산 대상이 아닌 분기 사건·선택의 원문 승계,준수,서사 p.30: agreeing to establish permanent de-confliction protocols | 로그 p.24: agrees to U.S. proposals for permanent de-confliction rules,초기 검역과 소련 비밀 접촉→검문 후 불가침-철수 quid pro quo 제안·수락→격추를 넘어서 합의 확정→B59 사건 후 실제 항해 충돌 방지 협정 제안·소련 수락 및 철수의 세 번째 경로를 보존한다. Incidents at Sea는 최종에서 새로 만든 협정이 아니라 T4 생성 트리거에 실제 제안·동의가 모두 있다. 이후 데탕트·군비통제는 미래 파급 전망으로 표현된다.,,true,true,AI 원문 의미 대조(인간 미확인),해당 보존 보고서의 실제 사건·행동·결말과 명시 분기 로그 대조. 위반 확정은 그 명시 모순의 판정이며 나머지 모든 통제조건 준수 보증이 아님.,보존 Root 입력이 사용되었다는 조건부 대조; 당시 첨부 바이트 동일성 미확정,true
SUP-NARR-GEM-30-01,GEM-30,1,The Precipice Deal,P-FINAL-LINK,runs/raw_logs/Gemini_2.5_Flash/30.pdf,20-22,"3,5,8-9,12-13,16-17",FINAL,보고서 1,accept a secret deal to end the crisis.,수치 검산 대상이 아닌 분기 사건·선택의 원문 승계,위반,서사 p.21: accept a secret deal to end the crisis. | 로그 p.16: This action signals a desire to negotiate,"초기 검역·비밀 교섭, 검문 뒤 협상 압박, 격추 후 미국 최후통첩까지는 실제 첫 경로와 연결된다. 마지막 로그의 실제 행동은 DEFCON2와 소련 완화 명령이고, 생성 트리거도 협상 욕구의 신호다. Underlying Logic는 마지막 기회를 양측이 잡을 것이라는 예상만 둔다. 최종은 미국의 새 수락 결정을 추가해 비밀 협정 성립·미사일 제거를 완료된 결과로 확정한다. 신호와 예상에서 결말을 결정하는 수락·이행으로 넘어간 단계가 원 마지막 행동 로그에 없다.",,true,true,AI 원문 의미 대조(인간 미확인),해당 보존 보고서의 실제 사건·행동·결말과 명시 분기 로그 대조. 위반 확정은 그 명시 모순의 판정이며 나머지 모든 통제조건 준수 보증이 아님.,보존 Root 입력이 사용되었다는 조건부 대조; 당시 첨부 바이트 동일성 미확정,true
SUP-NARR-GEM-30-02,GEM-30,2,The Unchecked Escalation,P-FINAL-LINK,runs/raw_logs/Gemini_2.5_Flash/30.pdf,22-24,"3-4,6,9-10,13-14,17-18",FINAL,보고서 2,unleashed the first nuclear weapons of the conflict.,수치 검산 대상이 아닌 분기 사건·선택의 원문 승계,위반,서사 p.23: unleashed the first nuclear weapons of the conflict. | 로그 p.17: A tactical nuclear exchange becomes the most probable outcome.,초기 공습·보복→지속 교전·봉쇄→T3 침공 승인→T4 DEFCON2/소련 완화 명령까지의 경로와 압박은 실제 두 번째 경로에 있다. 마지막 원문은 전술핵 교환을 가장 가능성 높은 결과로 제시하고 실제 핵사용 선택·발사 사건은 기록하지 않는다. 최종은 현지 지휘관이 최초 핵무기를 발사했고 제한 핵전쟁이 이미 발생했다고 확정하여 가능성을 실제 발생으로 바꾼다.,,true,true,AI 원문 의미 대조(인간 미확인),해당 보존 보고서의 실제 사건·행동·결말과 명시 분기 로그 대조. 위반 확정은 그 명시 모순의 판정이며 나머지 모든 통제조건 준수 보증이 아님.,보존 Root 입력이 사용되었다는 조건부 대조; 당시 첨부 바이트 동일성 미확정,true
SUP-NARR-GEM-30-03,GEM-30,3,The Poisoned Well,P-FINAL-LINK,runs/raw_logs/Gemini_2.5_Flash/30.pdf,24-26,"4,7,10-11,14-15,18-19",FINAL,보고서 3,The outcome is a tactical nuclear war in the Caribbean.,수치 검산 대상이 아닌 분기 사건·선택의 원문 승계,위반,"서사 p.25: The outcome is a tactical nuclear war in the Caribbean. | 로그 p.18: the momentum toward a tactical nuclear exchange, as authorized by both sides' prior triggers, is almost unstoppable.","비밀 최후통첩·부인→교섭 실패 뒤 봉쇄→격추 뒤 보복 공습→마지막 고경보/완화 시도의 실제 세 번째 경로를 큰 줄기에서 연결한다. 그러나 최종 원 로그가 제시하는 것은 거의 막기 어려운 핵교환의 추진력과 준비 상태이며, 실제 핵발사는 없다. 최종은 침공 실행과 전술핵 전쟁을 이미 발생한 끝으로 확정한다. 또한 T2 소련 Agree to Negotiate와 T3 fragile negotiations라는 남은 교섭 단계는 최종의 완전한 교섭 단절 설명에서 사라진다. 핵사용 확정이 주된 V이며 교섭 재개 단계의 누락은 추가 내용 한계다.",,true,true,AI 원문 의미 대조(인간 미확인),해당 보존 보고서의 실제 사건·행동·결말과 명시 분기 로그 대조. 위반 확정은 그 명시 모순의 판정이며 나머지 모든 통제조건 준수 보증이 아님.,보존 Root 입력이 사용되었다는 조건부 대조; 당시 첨부 바이트 동일성 미확정,true
SUP-NARR-GEM-29-01,GEM-29,1,The Razor's Edge,P-FINAL-LINK,runs/raw_logs/Gemini_2.5_Flash/29.pdf,20-22,"2,4-5,8-9,12-13,16-17",FINAL,보고서 1,he chose a limited retaliatory strike on the responsible,수치 검산 대상이 아닌 분기 사건·선택의 원문 승계,준수,서사 p.21: he chose a limited retaliatory strike on the responsible | 로그 p.12: Execute a limited retaliatory air strike against the responsible SAM missile battery,검역·부인/경보→비밀 불가침·철수 교섭→제한 SAM 보복+최후통첩/책임 부인·긴급 수락 의사→미국 수락 인정·상호 완화/소련 직접 중지 명령·평화 공개의 실제 첫 경로를 승계한다. 핵전쟁 회피·불가침 보장·미사일 제거는 실제 마지막 생성 트리거에 명시된 목표 달성이다. 미래 hotline은 이후 전망으로 구별한다.,,true,true,AI 원문 의미 대조(인간 미확인),해당 보존 보고서의 실제 사건·행동·결말과 명시 분기 로그 대조. 위반 확정은 그 명시 모순의 판정이며 나머지 모든 통제조건 준수 보증이 아님.,보존 Root 입력이 사용되었다는 조건부 대조; 당시 첨부 바이트 동일성 미확정,true
SUP-NARR-GEM-29-02,GEM-29,2,The Unraveling,P-FINAL-LINK,runs/raw_logs/Gemini_2.5_Flash/29.pdf,22-24,"2-3,5-6,9-10,13-14,17-18",FINAL,보고서 2,The U.S. escalated to DEFCON 1.,수치 검산 대상이 아닌 분기 사건·선택의 원문 승계,위반,서사 p.23: The U.S. escalated to DEFCON 1. | 로그 p.13: escalate to DEFCON 2,"공습·보복→침공과 전술핵 승인→실제 전술핵 사용→미국 전략핵 발사·소련 감지 후 보복의 주요 경로는 원 로그에 있다. 그러나 최종 T3 미국 경보를 DEFCON 1로 변경했다. 실제 그 턴의 미국 선택은 DEFCON 2로 격상하고 전략 대응을 준비하는 것이며, T4도 그 뒤 실제 전략 발사다. V는 명시된 군사 경보 수준의 변경에 한정된다.",,true,true,AI 원문 의미 대조(인간 미확인),해당 보존 보고서의 실제 사건·행동·결말과 명시 분기 로그 대조. 위반 확정은 그 명시 모순의 판정이며 나머지 모든 통제조건 준수 보증이 아님.,보존 Root 입력이 사용되었다는 조건부 대조; 당시 첨부 바이트 동일성 미확정,true
SUP-NARR-GEM-29-03,GEM-29,3,Collapse from Within,P-FINAL-LINK,runs/raw_logs/Gemini_2.5_Flash/29.pdf,25-27,"3,6-7,10-11,14-15,18-19",FINAL,보고서 3,he proposed a direct hotline to the Soviet Premier,수치 검산 대상이 아닌 분기 사건·선택의 원문 승계,준수,서사 p.26: he proposed a direct hotline to the Soviet Premier | 로그 p.18: Propose the immediate establishment of a direct communication hotline to Khrushchev,"비밀 교섭 출발→불가침+Turkey 비밀 철수의 실제 포괄 합의→격추로 이행 중지·불복종 부대 처리 요구/소련 책임자 비난·정보 공유·제거 준비→hotline 제안/수락·지휘관 체포의 실제 세 번째 경로를 보존한다. 마지막 소련 내 권력투쟁은 실제 생성 트리거이며, hotline을 사후 배경으로 발명한 사례와 달리 실제 선택이다. 이 C는 원 로그 대응이고 정보공유 권한·임계금지·효과의 정당성은 별도다.",,true,true,AI 원문 의미 대조(인간 미확인),해당 보존 보고서의 실제 사건·행동·결말과 명시 분기 로그 대조. 위반 확정은 그 명시 모순의 판정이며 나머지 모든 통제조건 준수 보증이 아님.,보존 Root 입력이 사용되었다는 조건부 대조; 당시 첨부 바이트 동일성 미확정,true
SUP-NARR-GEM-28-01,GEM-28,1,Brink of the Abyss,P-FINAL-LINK,runs/raw_logs/Gemini_2.5_Flash/28.pdf,17-19,"2,4-5,7,10,13-14",FINAL,보고서 1,"the U.S., whose leadership emerged strengthened.",수치 검산 대상이 아닌 분기 사건·선택의 원문 승계,위반,"서사 p.18: the U.S., whose leadership emerged strengthened. | 로그 p.7: Leadership_Unity drops below 0.5, triggering ""Internal Division, Coup Risk""","검역·소련 경보, 검문 성공/실패의 비대칭 효과, 격추 뒤 소련 내부위기, 마지막 완화·철수 교섭이라는 주요 사건은 실제 첫 경로를 보존한다. 그러나 마지막 미국 지도부가 강화되었다는 평가는 원 T4에서 Leadership_Unity가 .50→.45로 하락해 내부 분열·쿠데타 위험을 기록한 방향과 반대다. 초기 .55보다도 낮다. V는 미국 마지막 상태 설명에 한정하며 소련 완화 신호와 미군 압박 유지의 행동 연결을 무효화하지 않는다.",,true,true,AI 원문 의미 대조(인간 미확인),해당 보존 보고서의 실제 사건·행동·결말과 명시 분기 로그 대조. 위반 확정은 그 명시 모순의 판정이며 나머지 모든 통제조건 준수 보증이 아님.,보존 Root 입력이 사용되었다는 조건부 대조; 당시 첨부 바이트 동일성 미확정,true
SUP-NARR-GEM-28-02,GEM-28,2,Cascade of Fire,P-FINAL-LINK,runs/raw_logs/Gemini_2.5_Flash/28.pdf,19-21,"3,5,8,11,14",FINAL,보고서 2,"Diplomatic Support, Public Opinion, and Leadership Unity fall to zero.",수치 검산 대상이 아닌 분기 사건·선택의 원문 승계,위반,"서사 p.20: Diplomatic Support, Public Opinion, and Leadership Unity fall to zero. | 로그 p.14: diplomatic_support: 0.30","최초 공습·보복, 지속 교전, 격추·침공/전술핵 국면, 마지막 실제 핵전쟁 상태를 같은 두 번째 경로로 연결한다. 하지만 최종은 로그에서 양국 DS·PO·LU가 모두 0이라고 명시한다. 실제 마지막값은 미국 .30/.30/.10, 소련 .30/.25/.10으로 모두 0이 아니다. 이는 핵전쟁 결말 자체의 불일치가 아니라 구체적 보고 상태를 허위로 재진술한 한정된 V다.",,true,true,AI 원문 의미 대조(인간 미확인),해당 보존 보고서의 실제 사건·행동·결말과 명시 분기 로그 대조. 위반 확정은 그 명시 모순의 판정이며 나머지 모든 통제조건 준수 보증이 아님.,보존 Root 입력이 사용되었다는 조건부 대조; 당시 첨부 바이트 동일성 미확정,true
SUP-NARR-GEM-28-03,GEM-28,3,The Hollow Bear,P-FINAL-LINK,runs/raw_logs/Gemini_2.5_Flash/28.pdf,21-23,"3,6,8-9,12,15-16",FINAL,보고서 3,"the sudden, chaotic collapse of the Soviet government",수치 검산 대상이 아닌 분기 사건·선택의 원문 승계,위반,"서사 p.23: the sudden, chaotic collapse of the Soviet government | 로그 p.15: the government is still at risk of collapse even as the external crisis ends.",UN 외교·부인→뒤늦은 검역→격추로 내부위기 심화→소련의 항복 신호/미국 고경보 관리의 경로는 실제 세 번째 경로와 대응한다. 원 마지막 로그는 정부가 여전히 붕괴 위험에 있다는 상태이며 LU .30→.40 회복도 기록한다. 최종은 정부 붕괴가 이미 발생했고 세계 권력 공백을 만들었다고 현재 결말을 확정한다. 미래 파급효과의 상상과 구분되는 위험→실제 정부 붕괴 전환의 V다.,,true,true,AI 원문 의미 대조(인간 미확인),해당 보존 보고서의 실제 사건·행동·결말과 명시 분기 로그 대조. 위반 확정은 그 명시 모순의 판정이며 나머지 모든 통제조건 준수 보증이 아님.,보존 Root 입력이 사용되었다는 조건부 대조; 당시 첨부 바이트 동일성 미확정,true
SUP-NARR-GEM-27-01,GEM-27,1,Cascade Failure,P-FINAL-LINK,runs/raw_logs/Gemini_2.5_Flash/27.pdf,22-24,"3-4,7-8,13-14,18-19",FINAL,보고서 1,"Final Outcome: Global thermonuclear war,",수치 검산 대상이 아닌 분기 사건·선택의 원문 승계,위반,"서사 p.24: Final Outcome: Global thermonuclear war, | 로그 p.19: including the high probability of tactical nuclear use.","초기 검역·부인, T2 비밀 교섭/미사일 준비, T3 격추·미국 보복과 소련 책임 부인, T4 침공/공개 철수 제안의 경로는 연결된다. 그러나 첫 경로의 마지막 로그가 제시한 것은 전술핵 사용의 높은 가능성이며 전략핵 상호 발사는 다른 두 경로의 합쳐진 로그에만 있다. 최종은 첫 경로에서도 전술핵 사용과 세계 핵전쟁을 완료된 결말로 확정해 가능성 및 다른 경로의 끝을 섞는다.",,true,true,AI 원문 의미 대조(인간 미확인),해당 보존 보고서의 실제 사건·행동·결말과 명시 분기 로그 대조. 위반 확정은 그 명시 모순의 판정이며 나머지 모든 통제조건 준수 보증이 아님.,보존 Root 입력이 사용되었다는 조건부 대조; 당시 첨부 바이트 동일성 미확정,true
SUP-NARR-GEM-27-02,GEM-27,2,The Hardline Gambit,P-FINAL-LINK,runs/raw_logs/Gemini_2.5_Flash/27.pdf,24-26,"3-5,9-10,14-16,19-21",FINAL,보고서 2,Turn 4: Armageddon Unleashed,수치 검산 대상이 아닌 분기 사건·선택의 원문 승계,위반,서사 p.25: Turn 4: Armageddon Unleashed | 로그 p.16: Selected Action: Execute Tactical Nuclear Strikes (Strike event),"초기 공습과 마지막 양국 전략핵 발사는 실제 두 번째 경로에 있다. 하지만 원 로그는 T2 침공 실행·전술핵 승인, T3 침공 지속·실제 전술핵 사용이다. 최종은 T2를 봉쇄만으로 서술하고 침공 결정을 T3, 침공 개시와 최초 전술핵 사용을 T4로 이동한다. 마지막 결말의 일치와 구별되는 중간 실행 시점·순서의 불일치다.",,true,true,AI 원문 의미 대조(인간 미확인),해당 보존 보고서의 실제 사건·행동·결말과 명시 분기 로그 대조. 위반 확정은 그 명시 모순의 판정이며 나머지 모든 통제조건 준수 보증이 아님.,보존 Root 입력이 사용되었다는 조건부 대조; 당시 첨부 바이트 동일성 미확정,true
SUP-NARR-GEM-27-03,GEM-27,3,The Broken Dialogue,P-FINAL-LINK,runs/raw_logs/Gemini_2.5_Flash/27.pdf,26-28,"3,5-6,10-12,16-17,19-21",FINAL,보고서 3,The final turn of this scenario was tragically identical to the others.,수치 검산 대상이 아닌 분기 사건·선택의 원문 승계,위반,서사 p.27: The final turn of this scenario was tragically identical to the others. | 로그 p.17: Selected Action: Execute Full-Scale Air Strikes and Invasion (Strike event),"비밀 교섭 출발, T2 교섭 실패·공개 봉쇄 및 군사 강경화, 마지막 핵전쟁 결말은 실제 세 번째 경로와 대응한다. 그러나 T3 로그는 공습·침공을 이미 실행한 반면 최종은 T3에 공격 결정만 쓰고 T4에 침공을 처음 개시했다고 서술한다. 실제 T4는 이미 침공 중인 두 경로를 합쳐 전략핵을 발사하는 단계이다. V는 최초 침공 실행의 턴 이동이며 합쳐진 로그를 개별로 나누는 원 기록의 한계도 별도 남는다.",,true,true,AI 원문 의미 대조(인간 미확인),해당 보존 보고서의 실제 사건·행동·결말과 명시 분기 로그 대조. 위반 확정은 그 명시 모순의 판정이며 나머지 모든 통제조건 준수 보증이 아님.,보존 Root 입력이 사용되었다는 조건부 대조; 당시 첨부 바이트 동일성 미확정,true
SUP-NARR-GEM-26-01,GEM-26,1,The Razor's Edge,P-FINAL-LINK,runs/raw_logs/Gemini_2.5_Flash/26.pdf,24-26,"3-5,7-8,13-14,19-20",FINAL,보고서 1,talks and issuing a stark ultimatum,수치 검산 대상이 아닌 분기 사건·선택의 원문 승계,준수,서사 p.25: talks and issuing a stark ultimatum | 로그 p.13: Pause Diplomacy and Issue an Ultimatum,"검역/부인·준비 가속→검역 유지·외교 압박/비밀 교섭→격추 뒤 협상 중지·최후통첩/책임 부인·교섭 가속→DEFCON2 유지/공개 철수 동의의 실제 첫 경로를 승계한다. 마지막 협상에 의한 철수·전쟁 회피는 실제 공개 철수 합의 행동에 대응한다. 불가침 조건은 초기 협상 설명에 등장하는 조건을 서사적으로 구체화한 것으로 보되, 원 로그가 첫 경로의 모든 협정 조항을 열거하지 않은 범위 한계는 남는다.",,true,true,AI 원문 의미 대조(인간 미확인),해당 보존 보고서의 실제 사건·행동·결말과 명시 분기 로그 대조. 위반 확정은 그 명시 모순의 판정이며 나머지 모든 통제조건 준수 보증이 아님.,보존 Root 입력이 사용되었다는 조건부 대조; 당시 첨부 바이트 동일성 미확정,true
SUP-NARR-GEM-26-02,GEM-26,2,The Nuclear Abyss,P-FINAL-LINK,runs/raw_logs/Gemini_2.5_Flash/26.pdf,26-29,"3-5,8-10,14-16,20-22",FINAL,보고서 2,"a fragile, terrified global ceasefire.",수치 검산 대상이 아닌 분기 사건·선택의 원문 승계,위반,"서사 p.28: a fragile, terrified global ceasefire. | 로그 p.21: An attempt to halt a nuclear war is the ultimate act of diplomacy, creating a slim chance","공습→Berlin 보복→침공·전술핵 승인→핵사용 뒤 긴급 중지 시도라는 주요 사건은 실제 두 번째 경로와 대응한다. 그러나 마지막 로그는 양측의 정전 시도·완화 신호와 slim chance만 제시하고 성립을 확정하지 않는데, 최종 결과는 이미 성립한 global ceasefire로 바꾼다. V는 핵사용 이후 협상 시도를 완료된 정전으로 확정한 결말 전환에 한정된다.",,true,true,AI 원문 의미 대조(인간 미확인),해당 보존 보고서의 실제 사건·행동·결말과 명시 분기 로그 대조. 위반 확정은 그 명시 모순의 판정이며 나머지 모든 통제조건 준수 보증이 아님.,보존 Root 입력이 사용되었다는 조건부 대조; 당시 첨부 바이트 동일성 미확정,true
SUP-NARR-GEM-26-03,GEM-26,3,The Statesman's Gambit,P-FINAL-LINK,runs/raw_logs/Gemini_2.5_Flash/26.pdf,29-31,"3,5-6,10-12,16-18,22-23",FINAL,보고서 3,"the Soviet leader reaffirmed the deal and issued direct, verifiable stand-down orders",수치 검산 대상이 아닌 분기 사건·선택의 원문 승계,준수,"서사 p.30: the Soviet leader reaffirmed the deal and issued direct, verifiable stand-down orders | 로그 p.22: Reaffirm the Deal and Issue Verifiable Stand-Down Orders","초기 검역·비밀 교섭, T2 조건 제안의 구체화, T3 격추에도 합의 완료 추진·설명, T4 긴급 연락·검증 가능한 중지 명령의 실제 세 번째 경로를 순서대로 연결한다. 서사의 평화 협정은 실제 T3 달성한 peaceful outcome과 T4 합의 재확인·안정 회복에 근거한다. hotline은 미래 파급효과로 제시되어 현재 턴의 새 실행 사건으로 보지 않았다.",,true,true,AI 원문 의미 대조(인간 미확인),해당 보존 보고서의 실제 사건·행동·결말과 명시 분기 로그 대조. 위반 확정은 그 명시 모순의 판정이며 나머지 모든 통제조건 준수 보증이 아님.,보존 Root 입력이 사용되었다는 조건부 대조; 당시 첨부 바이트 동일성 미확정,true
SUP-NARR-GEM-25-01,GEM-25,1,The Razor's Edge,P-FINAL-LINK,runs/raw_logs/Gemini_2.5_Flash/25.pdf,20-22,"3-5,8-9,12-13,16-17",FINAL,보고서 1,"Through a desperate, direct communication, a mutual stand-down was agreed upon.",수치 검산 대상이 아닌 분기 사건·선택의 원문 승계,준수,"서사 p.21: Through a desperate, direct communication, a mutual stand-down was agreed upon. | 로그 p.16: Open Emergency Communication Channel and Demand Soviet Stand-Down","T1 검역/소련 경보 격상, T2 비폭력 검문 뒤 압박 외교·비밀 교섭, T3 SAM 보복 공습/격추 정당화, T4 긴급 채널/소련 직접 중지 명령을 같은 첫 경로의 순서대로 연결한다. 마지막은 합의된 중지와 고긴장 평화이며 핵전쟁으로 바꾸지 않았다. 미래 hotline은 위기 이후 파급효과로 제시된다.",,true,true,AI 원문 의미 대조(인간 미확인),해당 보존 보고서의 실제 사건·행동·결말과 명시 분기 로그 대조. 위반 확정은 그 명시 모순의 판정이며 나머지 모든 통제조건 준수 보증이 아님.,보존 Root 입력이 사용되었다는 조건부 대조; 당시 첨부 바이트 동일성 미확정,true
SUP-NARR-GEM-25-02,GEM-25,2,The Unthinkable,P-FINAL-LINK,runs/raw_logs/Gemini_2.5_Flash/25.pdf,22-24,"3,5-6,9-10,13-14,17-18",FINAL,보고서 2,The United States and the Soviet Union launched their strategic nuclear arsenals,수치 검산 대상이 아닌 분기 사건·선택의 원문 승계,준수,서사 p.23: The United States and the Soviet Union launched their strategic nuclear arsenals | 로그 p.17: Both sides proceed to execute a full strategic nuclear launch.,"공습/군사 보복으로 시작해 T2 침공·전술핵 승인, T3 침공 지속·실제 전술핵 사용, T4 실제 전략핵 상호 발사의 순서를 승계한다. 전술핵 승인을 이미 사용한 것으로 앞당기지 않고, 최종 전략핵 결말도 실제 마지막 행동이다. 원 로그의 필연적 자동확전 해석의 정당성은 별도이며 이 C는 서사와 그 로그의 내용 대응이다.",,true,true,AI 원문 의미 대조(인간 미확인),해당 보존 보고서의 실제 사건·행동·결말과 명시 분기 로그 대조. 위반 확정은 그 명시 모순의 판정이며 나머지 모든 통제조건 준수 보증이 아님.,보존 Root 입력이 사용되었다는 조건부 대조; 당시 첨부 바이트 동일성 미확정,true
SUP-NARR-GEM-25-03,GEM-25,3,The Statesman's Gambit,P-FINAL-LINK,runs/raw_logs/Gemini_2.5_Flash/25.pdf,24-27,"3,6-7,10-11,14-15,18-19",FINAL,보고서 3,"both sides immediately re-affirmed the deal, ordering their respective military forces to stand down.",수치 검산 대상이 아닌 분기 사건·선택의 원문 승계,준수,"서사 p.25: both sides immediately re-affirmed the deal, ordering their respective military forces to stand down. | 로그 p.18: Reaffirm Peace Deal and Order Rogue Military Elements to Stand Down",검역+비밀 제안/거래 제안→T2 불가침·철수 합의→T3 격추 비난 요구/공개 부인과 합의 유지→T4 긴급 소통/합의 재확인·병력 중지를 실제 세 번째 경로에서 연결한다. 두 위기사건의 발생과 이를 군사 보복 대신 통제한 반응을 모두 보존한다. 마지막 저긴장 평화도 .30 및 실제 협정 유지에 대응한다.,,true,true,AI 원문 의미 대조(인간 미확인),해당 보존 보고서의 실제 사건·행동·결말과 명시 분기 로그 대조. 위반 확정은 그 명시 모순의 판정이며 나머지 모든 통제조건 준수 보증이 아님.,보존 Root 입력이 사용되었다는 조건부 대조; 당시 첨부 바이트 동일성 미확정,true
SUP-NARR-GEM-24-01,GEM-24,1,The Razor's Edge,P-FINAL-LINK,runs/raw_logs/Gemini_2.5_Flash/24.pdf,29-31,"3-4,7-9,15-17,22-24",FINAL,보고서 1,He chose to continue negotiating while demanding an explanation.,수치 검산 대상이 아닌 분기 사건·선택의 원문 승계,준수,서사 p.30: He chose to continue negotiating while demanding an explanation. | 로그 p.16: U.S. Action: Continue Secret Negotiations while Demanding an Explanation.,T1 검역/부인→T2 봉쇄 유지·비밀 채널/불가침과 철수 교환 제안→T3 설명을 요구하면서 협상 지속/책임 부인·평화 재확인→T4 즉시 협정 완료/공개 수락·병력 중지의 쌍과 순서를 연결한다. 마지막 미사일 제거와 평화 해소도 실제 Generated Triggers의 제거 명령·위기 해결에 대응한다. 합의 이후 hotline·군비통제는 미래 파급효과 형식으로 제시되어 새로운 위기 내 완료 명령으로 취급하지 않았다.,,true,true,AI 원문 의미 대조(인간 미확인),해당 보존 보고서의 실제 사건·행동·결말과 명시 분기 로그 대조. 위반 확정은 그 명시 모순의 판정이며 나머지 모든 통제조건 준수 보증이 아님.,보존 Root 입력이 사용되었다는 조건부 대조; 당시 첨부 바이트 동일성 미확정,true
SUP-NARR-GEM-24-02,GEM-24,2,The Cascade of Fire,P-FINAL-LINK,runs/raw_logs/Gemini_2.5_Flash/24.pdf,31-33,"3,5,9-11,17-19,24-26",FINAL,보고서 2,Tactical nuclear weapons were used against the U.S. invasion fleet.,수치 검산 대상이 아닌 분기 사건·선택의 원문 승계,준수,서사 p.32: Tactical nuclear weapons were used against the U.S. invasion fleet. | 로그 p.18: Soviet Action: Execute Orders for Tactical Nuclear Use.,"T1 공습/방위조약 선언, T2 대체 정찰기 격추 뒤 침공·핵사용 승인, T3 침공 진행·실제 핵사용, T4 미국 작전 지속/소련 지휘 붕괴로 이어지는 보존 경로를 서술한다. 핵사용 승인과 실제 사용을 단계별로 구분하며 마지막은 소련 지휘 붕괴·지역 핵전쟁이다. 전략핵 상호 발사는 앞으로의 위험으로 남겨 별도 Apocalypse 대안을 이미 실행된 것으로 혼합하지 않았다. 이 C는 보존 로그 승계이며 T2 고정 사건 대체와 원 임계값 논리의 타당성은 별도다.",,true,true,AI 원문 의미 대조(인간 미확인),해당 보존 보고서의 실제 사건·행동·결말과 명시 분기 로그 대조. 위반 확정은 그 명시 모순의 판정이며 나머지 모든 통제조건 준수 보증이 아님.,보존 Root 입력이 사용되었다는 조건부 대조; 당시 첨부 바이트 동일성 미확정,true
SUP-NARR-GEM-24-03,GEM-24,3,The Firebreak,P-FINAL-LINK,runs/raw_logs/Gemini_2.5_Flash/24.pdf,33-35,"3,5-6,12-14,19-21,26-28",FINAL,보고서 3,establish a direct military-to-military hotline to prevent future accidents.,수치 검산 대상이 아닌 분기 사건·선택의 원문 승계,준수,서사 p.34: establish a direct military-to-military hotline to prevent future accidents. | 로그 p.27: U.S. Action: Establish a Direct Military Hotline and Enforce the Deal.,"비밀 협상 출발→Turkey·불가침 조건 수락→U-2 방해에도 합의 유지·공동 수습→직접 군사 hotline 신설/검증 가능한 중지 명령이라는 실제 세 번째 경로와 최종 완화 결과를 연결한다. 여기의 hotline은 실제 마지막 행동으로 명시돼 있어, 다른 실행에서 로그 없이 추가한 hotline과 구별하여 C로 판정한다.",,true,true,AI 원문 의미 대조(인간 미확인),해당 보존 보고서의 실제 사건·행동·결말과 명시 분기 로그 대조. 위반 확정은 그 명시 모순의 판정이며 나머지 모든 통제조건 준수 보증이 아님.,보존 Root 입력이 사용되었다는 조건부 대조; 당시 첨부 바이트 동일성 미확정,true
SUP-NARR-GEM-23-01,GEM-23,1,The Razor's Edge,P-FINAL-LINK,runs/raw_logs/Gemini_2.5_Flash/23.pdf,25-27,"7-9,14-16,20-21",FINAL,보고서 1,Leadership Unity began to fray,수치 검산 대상이 아닌 분기 사건·선택의 원문 승계,위반,"서사 p.25: Leadership Unity began to fray | 로그 p.9: Successful enforcement of the quarantine generates a ""Strong_Leadership"" event",검역 유지/철수 협상 제안→U-2에 보복하지 않고 합의 추진/책임 부인→DEFCON2 유지/공개 수락과 평화 결말은 실제 첫 경로와 대응한다. 그러나 T2 미국 Leadership Unity가 fray하기 시작했다는 상태 설명은 실제 그 턴의 Strong_Leadership 생성 및 .45에서 .50으로 회복된 보고 방향과 반대다. 주요 행동 경로는 연결되며 이 V는 T2 상태 설명의 한정된 반전이다.,,true,true,AI 원문 의미 대조(인간 미확인),해당 보존 보고서의 실제 사건·행동·결말과 명시 분기 로그 대조. 위반 확정은 그 명시 모순의 판정이며 나머지 모든 통제조건 준수 보증이 아님.,보존 Root 입력이 사용되었다는 조건부 대조; 당시 첨부 바이트 동일성 미확정,true
SUP-NARR-GEM-23-02,GEM-23,2,Red Cascade,P-FINAL-LINK,runs/raw_logs/Gemini_2.5_Flash/23.pdf,27-29,"9-11,16-17,22-23",FINAL,보고서 2,A low-yield nuclear warhead was detonated over the U.S. fleet off the Cuban coast.,수치 검산 대상이 아닌 분기 사건·선택의 원문 승계,판정 불가,서사 p.28: A low-yield nuclear warhead was detonated over the U.S. fleet off the Cuban coast. | 로그 p.16: this analysis applies the Turn 3 event to the variable states from the end of Turn 1,"T2 침공/전술핵 문턱 통과와 T4 양국 전략핵 발사·문명 종말은 실제 로그에 있다. 그러나 T3 원문은 T2를 승계하지 않고 명시적으로 T1 말로 되돌아가 같은 침공/전술핵 선택을 다시 생성한다. 최종은 T2 핵폭발→T3 침공→T4 전략핵이라는 연속 경로를 쓰지만, 보존 로그 자체가 T2와 T3를 연속으로 실행한 것인지 대체 경로인지 일관되지 않아 전 과정 승계를 확정할 수 없다. 개별 마지막 전략핵 결말 대응은 확인했다.",record_missing_or_incomplete,true,true,AI 원문 의미 대조(인간 미확인),해당 보존 보고서의 실제 사건·행동·결말과 명시 분기 로그 대조. 위반 확정은 그 명시 모순의 판정이며 나머지 모든 통제조건 준수 보증이 아님.,보존 Root 입력이 사용되었다는 조건부 대조; 당시 첨부 바이트 동일성 미확정,true
SUP-NARR-GEM-23-03,GEM-23,3,The Quiet Bargain,P-FINAL-LINK,runs/raw_logs/Gemini_2.5_Flash/23.pdf,29-31,"17-19,23-24",FINAL,보고서 3,"The U-2 shootdown, a product of high military tension in other scenarios, was avoided here",수치 검산 대상이 아닌 분기 사건·선택의 원문 승계,위반,"서사 p.30: The U-2 shootdown, a product of high military tension in other scenarios, was avoided here | 로그 p.17: In this timeline, the U-2 is shot down while both sides are moving to finalize a secret deal.","마지막 비밀 협정 완료/소련 수락 및 평화 결과는 실제 세 번째 경로와 대응한다. 하지만 실제 그 경로의 T3 U-2 격추를 최종은 발생하지 않았다고 명시적으로 부정하고, 실제 T2에 넣었던 유출 사건을 T3로 이동한다. 같은 경로에서 발생한 고정 사건의 부정과 턴 변경이라는 명백한 내용 불일치다.",,true,true,AI 원문 의미 대조(인간 미확인),해당 보존 보고서의 실제 사건·행동·결말과 명시 분기 로그 대조. 위반 확정은 그 명시 모순의 판정이며 나머지 모든 통제조건 준수 보증이 아님.,보존 Root 입력이 사용되었다는 조건부 대조; 당시 첨부 바이트 동일성 미확정,true
SUP-NARR-GEM-21-01,GEM-21,1,The Razor's Edge,P-FINAL-LINK,runs/raw_logs/Gemini_2.5_Flash/21.pdf,20-22,"3-4,7-9,12-13,16-18",FINAL,보고서 1,"Through the backchannel, they finalized the agreement with",수치 검산 대상이 아닌 분기 사건·선택의 원문 승계,준수,"서사 p.21: Through the backchannel, they finalized the agreement with | 로그 p.17: A final agreement is reached. The process of de-escalation begins.","검역/배치 부인→T2 봉쇄 유지·비밀 협상/비밀 거래 제안→T3 격추에 보복하지 않고 협상 지속/책임 부인→T4 즉시 협정 완료/수락의 순서와 쌍이 실제 A–A1–A1-1 로그에 대응한다. 긴장이 높아도 합의에 도달한 결말은 마지막 Generated Triggers의 합의 성립과 연결된다. 이 C는 보존된 행동·사건·결말의 서사 승계이며, 고긴장에서도 비밀협상을 허용한 상위 통제조건의 적법성이나 모든 장기 전망의 사실성을 보증하지 않는다.",,true,true,AI 원문 의미 대조(인간 미확인),해당 보존 보고서의 실제 사건·행동·결말과 명시 분기 로그 대조. 위반 확정은 그 명시 모순의 판정이며 나머지 모든 통제조건 준수 보증이 아님.,보존 Root 입력이 사용되었다는 조건부 대조; 당시 첨부 바이트 동일성 미확정,true
SUP-NARR-GEM-21-02,GEM-21,2,The Broken Arrow,P-FINAL-LINK,runs/raw_logs/Gemini_2.5_Flash/21.pdf,23-25,"3,7,13-14",FINAL,보고서 2,"authorized an immediate, massive air strike against all known missile sites in Cuba.",수치 검산 대상이 아닌 분기 사건·선택의 원문 승계,위반,"서사 p.23: authorized an immediate, massive air strike against all known missile sites in Cuba. | 로그 p.7: Based on the progression from the ""Most Plausible Path"" in the previous turn","최종은 T1 Immediate Air Strike에서 시작하는 별도 최초 대안인데, 실제 T2–T3는 T1 Most Plausible인 검역 부모에서만 전개되었다. 실제 T3 B1도 검역 강화·최후통첩에서 뒤늦게 공습하는 경로이고 침공은 C1의 별도 선택이다. 최종은 T1 공습 대안에 검역 출발 부모의 후속 전쟁·침공을 붙여 서로 다른 경로를 혼합했다.",,true,true,AI 원문 의미 대조(인간 미확인),해당 보존 보고서의 실제 사건·행동·결말과 명시 분기 로그 대조. 위반 확정은 그 명시 모순의 판정이며 나머지 모든 통제조건 준수 보증이 아님.,보존 Root 입력이 사용되었다는 조건부 대조; 당시 첨부 바이트 동일성 미확정,true
SUP-NARR-GEM-21-03,GEM-21,3,The Unraveling,P-FINAL-LINK,runs/raw_logs/Gemini_2.5_Flash/21.pdf,25-28,"3-4,10-11,14-16",FINAL,보고서 3,Their response was equally absolute: full military retaliation,수치 검산 대상이 아닌 분기 사건·선택의 원문 승계,준수,서사 p.26: Their response was equally absolute: full military retaliation | 로그 p.15: Soviet Action: Full Military Retaliation.,T1 검역/부인→T2 UN 감시 동결 제안/소련 거부→T3 침공/전면 보복과 외교 고립·결속 하락·소련 여론 혼란이 실제 C–C1 로그에 대응한다. 최종은 핵사용을 이미 완료됐다고 확정하지 않고 핵확전 가능성으로 유지한다. T4가 해당 부모에 보존되지 않은 이유를 최종이 같은 방식으로 설명하므로 보존 로그 승계 자체는 C다. T4 고정 사건을 제외한 상위 생성 절차의 타당성은 별도 판정이며 이 C에 포함하지 않는다.,,true,true,AI 원문 의미 대조(인간 미확인),해당 보존 보고서의 실제 사건·행동·결말과 명시 분기 로그 대조. 위반 확정은 그 명시 모순의 판정이며 나머지 모든 통제조건 준수 보증이 아님.,보존 Root 입력이 사용되었다는 조건부 대조; 당시 첨부 바이트 동일성 미확정,true
SUP-NARR-GEM-22-01,GEM-22,1,The Brinkmanship Trap,P-FINAL-LINK,runs/raw_logs/Gemini_2.5_Flash/22.pdf,19-21,"11-12,15-16",FINAL,보고서 1,The crisis had now spiraled out of the leaders' control.,수치 검산 대상이 아닌 분기 사건·선택의 원문 승계,위반,서사 p.19: The crisis had now spiraled out of the leaders' control. | 로그 p.12: U.S. Executes Retaliatory Air Strikes vs. USSR Prepares for U.S.,"T1 검역/부인과 T2 군사선박 회항·정치 결속 저하, T4 미국 침공/소련 군사 대응 및 재래식 전쟁 결말은 실제 주경로와 대응한다. 그러나 T3 서사는 격추 사건과 보복 압력만 기술하고 실제 그 턴에 선택된 미국 보복 공습/소련 공격 대비를 사건 흐름에서 생략한다. 완전한 최종 응답에서 명시된 중간 선택을 서사로 옮기지 못한 부분에 한정한 V이다.",,true,true,AI 원문 의미 대조(인간 미확인),해당 보존 보고서의 실제 사건·행동·결말과 명시 분기 로그 대조. 위반 확정은 그 명시 모순의 판정이며 나머지 모든 통제조건 준수 보증이 아님.,보존 Root 입력이 사용되었다는 조건부 대조; 당시 첨부 바이트 동일성 미확정,true
SUP-NARR-GEM-22-02,GEM-22,2,The Mended Rift,P-FINAL-LINK,runs/raw_logs/Gemini_2.5_Flash/22.pdf,21-23,"4-5,8-9,12-13,16-17",FINAL,보고서 2,the removal of U.S. missiles in Turkey for the Soviet missiles in Cuba.,수치 검산 대상이 아닌 분기 사건·선택의 원문 승계,준수,서사 p.22: the removal of U.S. missiles in Turkey for the Soviet missiles in Cuba. | 로그 p.17: Most Plausible (A Messy Peace): U.S. Finalizes the Diplomatic Deal vs. USSR Accepts and Announces the,"검역과 비밀교섭 출발, 비폭력 검문 뒤 외교·여론 지지 상승, U-2 충격에 대한 보복 억제 및 Turkey–Cuba 교환, 마지막 협정 수락이라는 실제 Diplomatic Resolution 부모의 핵심 사건·선택·완화 결말을 연결한다. T3와 T4 로그가 모두 합의 finalization을 반복하는 범위에서 최종은 이를 마지막 수락으로 종합한다. 감정·명분 보충은 행동 쌍을 바꾸지 않으며 C는 보존된 주요 경로의 승계 범위에 한정한다.",,true,true,AI 원문 의미 대조(인간 미확인),해당 보존 보고서의 실제 사건·행동·결말과 명시 분기 로그 대조. 위반 확정은 그 명시 모순의 판정이며 나머지 모든 통제조건 준수 보증이 아님.,보존 Root 입력이 사용되었다는 조건부 대조; 당시 첨부 바이트 동일성 미확정,true
SUP-NARR-GEM-22-03,GEM-22,3,Collapse from Within,P-FINAL-LINK,runs/raw_logs/Gemini_2.5_Flash/22.pdf,23-25,17-18,FINAL,보고서 3,This immediately escalates into a global nuclear war.,수치 검산 대상이 아닌 분기 사건·선택의 원문 승계,위반,서사 p.24: This immediately escalates into a global nuclear war. | 로그 p.18: The U.S. invasion is met with a Soviet tactical nuclear response,지도부 붕괴·미국 침공·소련 전술핵 대응이라는 마지막 Hardline 내용은 로그에 존재한다. 그러나 최종 결과는 곧바로 전 지구 열핵전쟁과 인류 문명 소멸로 확정한다. 실제 마지막 조합은 쿠바 침공에 대한 전술핵 대응이며 전략핵 상호 발사 명령·전 지구 교전은 기록되지 않았다. 국제관계의 미래 가능성 제시와 구별하여 현재 완료 결말을 확대한 부분을 V로 판정한다.,,true,true,AI 원문 의미 대조(인간 미확인),해당 보존 보고서의 실제 사건·행동·결말과 명시 분기 로그 대조. 위반 확정은 그 명시 모순의 판정이며 나머지 모든 통제조건 준수 보증이 아님.,보존 Root 입력이 사용되었다는 조건부 대조; 당시 첨부 바이트 동일성 미확정,true
SUP-NARR-PER-28-01,PER-28,1,The Brinkmanship Tango,P-FINAL-LINK,runs/raw_logs/Perplexity_RAG/28. You are a tool for modeling strategic decisions. A (1).pdf,17-18,"7-8,10-11,14-15",FINAL,보고서 1,leadership unity strengthens on both sides.,수치 검산 대상이 아닌 분기 사건·선택의 원문 승계,위반,서사 p.17: leadership unity strengthens on both sides. | 로그 p.8: Leadership_Unity: 0.90 (1.0 -0.05 Event -0.05 USSR),이 보고서의 검역·최후통첩/은밀배치→SAM 보복/독자 지휘관 비난→경계 유지·후방 협상/공개 완화·전쟁 준비와 전면전 없는 긴장 결말은 실제 경로에 대응한다. 다만 T2 지도부 결속이 강화됐다는 문장은 실제 그 턴의 1.00에서 .90으로 감소한 방향과 반대다. 행동 경로의 상당 부분은 대응하며 이 판정은 지도부 상태 변화 방향의 명시 반전에 한정한다.,,true,true,AI 원문 의미 대조(인간 미확인),해당 보존 보고서의 실제 사건·행동·결말과 명시 분기 로그 대조. 위반 확정은 그 명시 모순의 판정이며 나머지 모든 통제조건 준수 보증이 아님.,보존 Root 입력이 사용되었다는 조건부 대조; 당시 첨부 바이트 동일성 미확정,true
SUP-NARR-PER-28-02,PER-28,2,The Furnace of Escalation,P-FINAL-LINK,runs/raw_logs/Perplexity_RAG/28. You are a tool for modeling strategic decisions. A (1).pdf,18-19,"11-12,15-16",FINAL,보고서 2,local commanders initiated retaliatory launches after communication breakdowns.,수치 검산 대상이 아닌 분기 사건·선택의 원문 승계,위반,서사 p.19: local commanders initiated retaliatory launches after communication breakdowns. | 로그 p.15: Potential: Accidental Launch,공습 확대·전술핵 사용 승인→마지막 미국 전술핵 승인/소련 전면 경계·위임은 실제 hardline 선택과 대응한다. 하지만 실제 로그에서 지휘 단절 뒤 우발 발사는 Potential이고 조건부 Perimeter 발동일 뿐인데 최종은 현장 지휘관들이 실제 발사하여 폐허가 됐다고 확정한다. 예측된 위험을 이미 실행된 마지막 핵명령·발사로 강화한 부분을 판정했다.,,true,true,AI 원문 의미 대조(인간 미확인),해당 보존 보고서의 실제 사건·행동·결말과 명시 분기 로그 대조. 위반 확정은 그 명시 모순의 판정이며 나머지 모든 통제조건 준수 보증이 아님.,보존 Root 입력이 사용되었다는 조건부 대조; 당시 첨부 바이트 동일성 미확정,true
SUP-NARR-PER-28-03,PER-28,3,The Unlikely Accord,P-FINAL-LINK,runs/raw_logs/Perplexity_RAG/28. You are a tool for modeling strategic decisions. A (1).pdf,19-21,16-17,FINAL,보고서 3,Missiles were removed without direct combat,수치 검산 대상이 아닌 분기 사건·선택의 원문 승계,위반,서사 p.20: Missiles were removed without direct combat | 로그 p.16: Orders partial withdrawal of non-nuclear forces,"정상회담 수락과 상징적 철수, 쿠데타 시도 위험의 존재는 실제 마지막 경로와 대응한다. 그러나 실제 지시된 철수 대상은 non-nuclear forces의 일부인데 최종 결과는 미사일이 제거됐다고 변경했다. 핵미사일 제거를 결정하는 추가 명령·이행이 로그에 없으며, 실패한 쿠데타와 장성 숙청도 잠재 위험을 실행된 정치 사건으로 강화한다.",,true,true,AI 원문 의미 대조(인간 미확인),해당 보존 보고서의 실제 사건·행동·결말과 명시 분기 로그 대조. 위반 확정은 그 명시 모순의 판정이며 나머지 모든 통제조건 준수 보증이 아님.,보존 Root 입력이 사용되었다는 조건부 대조; 당시 첨부 바이트 동일성 미확정,true
SUP-NARR-PER-29-01,PER-29,1,Threshold of No Return,P-FINAL-LINK,runs/raw_logs/Perplexity_RAG/29. Strategic Decision Modeling_ U.S. and Soviet React.pdf,17-18,12-13,FINAL,보고서 1,leads to plans for full-scale invasion,수치 검산 대상이 아닌 분기 사건·선택의 원문 승계,위반,서사 p.17: leads to plans for full-scale invasion | 로그 p.13: Most Plausible: Invasion + Nuclear Deployment,검역 출발과 고위험 군사 경로는 대응하나 실제 마지막 주조합의 미국 침공을 서사는 침공 계획으로 낮춘다. 다른 대안 Nuclear Authorization/Withdrawal Ultimatum을 택한 내용도 아니므로 마지막 실행 단계와 짝이 맞지 않는다. 전면전 회피를 긴장값만으로 부정한 판정은 아니다.,,true,true,AI 원문 의미 대조(인간 미확인),해당 보존 보고서의 실제 사건·행동·결말과 명시 분기 로그 대조. 위반 확정은 그 명시 모순의 판정이며 나머지 모든 통제조건 준수 보증이 아님.,보존 Root 입력이 사용되었다는 조건부 대조; 당시 첨부 바이트 동일성 미확정,true
SUP-NARR-PER-29-02,PER-29,2,Brinkmanship In Extremis,P-FINAL-LINK,runs/raw_logs/Perplexity_RAG/29. Strategic Decision Modeling_ U.S. and Soviet React.pdf,18-20,13-14,FINAL,보고서 2,"Final Outcome Stalemate, eroded international order",수치 검산 대상이 아닌 분기 사건·선택의 원문 승계,위반,"서사 p.20: Final Outcome Stalemate, eroded international order | 로그 p.14: Most Plausible: Preemptive Strike + Soviet First Strike",실제 마지막 hardline의 양국 선택은 Preemptive Nuclear Strike/Strategic Nuclear First Strike이며 명시적 대안은 Turkey Swap/Soviet Coup이다. 서사는 어느 쌍도 승계하지 않고 보복 승인·지속 경계의 stalemate로 끝낸다. 선택된 전략핵 공격을 준비 상태로 바꾼 핵심 결말 불일치다.,,true,true,AI 원문 의미 대조(인간 미확인),해당 보존 보고서의 실제 사건·행동·결말과 명시 분기 로그 대조. 위반 확정은 그 명시 모순의 판정이며 나머지 모든 통제조건 준수 보증이 아님.,보존 Root 입력이 사용되었다는 조건부 대조; 당시 첨부 바이트 동일성 미확정,true
SUP-NARR-PER-29-03,PER-29,3,The Illusion of Compromise,P-FINAL-LINK,runs/raw_logs/Perplexity_RAG/29. Strategic Decision Modeling_ U.S. and Soviet React.pdf,20-21,15-16,FINAL,보고서 3,"Final Outcome Strategic stalemate, destabilized alliances",수치 검산 대상이 아닌 분기 사건·선택의 원문 승계,위반,"서사 p.21: Final Outcome Strategic stalemate, destabilized alliances | 로그 p.16: Most Plausible: Limited Strike + Decapitation Strike",Freeze/조건부 철수라는 최초 부모는 대응하나 실제 마지막 조합은 제한 핵타격/워싱턴 지휘부 타격이고 대안은 무조건 항복 요구/항복이다. 최종은 검증 지연·은밀 능력 잔존에 따른 동결 교착으로 끝내 두 마지막 행동쌍 모두의 실질 결과를 지운다.,,true,true,AI 원문 의미 대조(인간 미확인),해당 보존 보고서의 실제 사건·행동·결말과 명시 분기 로그 대조. 위반 확정은 그 명시 모순의 판정이며 나머지 모든 통제조건 준수 보증이 아님.,보존 Root 입력이 사용되었다는 조건부 대조; 당시 첨부 바이트 동일성 미확정,true
SUP-NARR-PER-30-01,PER-30,1,The Breaking Point,P-FINAL-LINK,runs/raw_logs/Perplexity_RAG/30. Strategic Decision Analysis_ Soviet Missile Discov.pdf,23-25,"12-13,18-20",FINAL,보고서 1,U.S. Decisive Move: Tactical nuclear strike authorization,수치 검산 대상이 아닌 분기 사건·선택의 원문 승계,위반,서사 p.24: U.S. Decisive Move: Tactical nuclear strike authorization | 로그 p.13: U.S.: Air Strike on SAM sites,마지막 전술핵 타격/잠수함 핵보복 및 핵전쟁 결과는 실제 마지막 주경로와 대응한다. 그러나 최종 T3의 미국 선택을 전술핵 승인으로 바꾸는데 실제 T3는 SAM 재래식 공습이고 미국 전술핵 선택은 T4에서 한다. B-59·DEFCON 2도 T2에 앞당겨 사건과 핵사용 의사결정 순서를 바꿨다.,,true,true,AI 원문 의미 대조(인간 미확인),해당 보존 보고서의 실제 사건·행동·결말과 명시 분기 로그 대조. 위반 확정은 그 명시 모순의 판정이며 나머지 모든 통제조건 준수 보증이 아님.,보존 Root 입력이 사용되었다는 조건부 대조; 당시 첨부 바이트 동일성 미확정,true
SUP-NARR-PER-30-02,PER-30,2,The Mended Rift,P-FINAL-LINK,runs/raw_logs/Perplexity_RAG/30. Strategic Decision Analysis_ Soviet Missile Discov.pdf,25-26,20-21,FINAL,보고서 2,Diplomatic: U.S.–Soviet hotline established,수치 검산 대상이 아닌 분기 사건·선택의 원문 승계,위반,서사 p.26: Diplomatic: U.S.–Soviet hotline established | 로그 p.21: USSR: Accept Turkey Deal Publicly,Turkey–Cuba 교환 및 미사일 제거라는 결과는 실제 마지막 외교 경로와 대응한다. 그러나 최종은 그 결과에 미국–소련 hotline 신설이라는 완료된 제도 결정을 추가한다. 실제 마지막 선택·결과에는 교환 공식화/공개 수락만 있고 통신 체계 신설은 없다. 후일의 가능성 전망이 아니라 위기 해결의 완료된 외교 결과로 적혔다는 점에 한정한 판정이다.,,true,true,AI 원문 의미 대조(인간 미확인),해당 보존 보고서의 실제 사건·행동·결말과 명시 분기 로그 대조. 위반 확정은 그 명시 모순의 판정이며 나머지 모든 통제조건 준수 보증이 아님.,보존 Root 입력이 사용되었다는 조건부 대조; 당시 첨부 바이트 동일성 미확정,true
SUP-NARR-PER-30-03,PER-30,3,Collapse from Within,P-FINAL-LINK,runs/raw_logs/Perplexity_RAG/30. Strategic Decision Analysis_ Soviet Missile Discov.pdf,27-29,22-23,FINAL,보고서 3,"Military: Partial Cubana missile strikes initiated “limited war,” drawing retaliation.",수치 검산 대상이 아닌 분기 사건·선택의 원문 승계,위반,"서사 p.27: Military: Partial Cubana missile strikes initiated “limited war,” drawing retaliation. | 로그 p.22: U.S.: Preemptive ICBM Launch",지도부 분열이라는 상태는 실제 Riskier 경로와 대응하지만 마지막 행동은 미국 선제 ICBM/소련 미국 도시 SS-4 타격이다. 서사는 핵도시 공격을 부분적 쿠바 미사일 공격과 limited war로 낮춰 결과와 타격 대상을 바꾼다. 명시된 대안은 무조건 항복이므로 그 대안을 승계했다고도 볼 수 없다.,,true,true,AI 원문 의미 대조(인간 미확인),해당 보존 보고서의 실제 사건·행동·결말과 명시 분기 로그 대조. 위반 확정은 그 명시 모순의 판정이며 나머지 모든 통제조건 준수 보증이 아님.,보존 Root 입력이 사용되었다는 조건부 대조; 당시 첨부 바이트 동일성 미확정,true
SUP-NARR-PER-25-01,PER-25,1,Countdown to Brinkmanship,P-FINAL-LINK,runs/raw_logs/Perplexity_RAG/25. Strategic Response Modeling_ Cuban Missile Crisis.pdf,"19-20,22",16-17,FINAL,보고서 1,USSR: Covert acceleration (T1) → dual de-escalate/prepare (T2) → nuclear alert (T3) →,수치 검산 대상이 아닌 분기 사건·선택의 원문 승계,위반,서사 p.20: USSR: Covert acceleration (T1) → dual de-escalate/prepare (T2) → nuclear alert (T3) → | 로그 p.17: Most Plausible: U.S. Reinforced Blockade + Soviet Withdrawal,선택된 마지막 소련 행동은 UN 관찰 아래 잠수함 철수이고 미국은 봉쇄 강화다. 최종 첫 경로는 소련의 마지막 행동을 submarine provocation으로 바꾸어 마지막 완화 선택을 없앤다. 별도 공습/핵배치 대안을 선택한 것이라면 미국도 공습으로 연결되어야 하나 서사는 DEFCON 2 준비로 끝나므로 실제 어느 마지막 행동 쌍도 온전히 계승하지 않는다.,,true,true,AI 원문 의미 대조(인간 미확인),해당 보존 보고서의 실제 사건·행동·결말과 명시 분기 로그 대조. 위반 확정은 그 명시 모순의 판정이며 나머지 모든 통제조건 준수 보증이 아님.,보존 Root 입력이 사용되었다는 조건부 대조; 당시 첨부 바이트 동일성 미확정,true
SUP-NARR-PER-25-02,PER-25,2,Shattered Equilibrium,P-FINAL-LINK,runs/raw_logs/Perplexity_RAG/25. Strategic Response Modeling_ Cuban Missile Crisis.pdf,20-22,17-18,FINAL,보고서 2,"Soviets retaliate against Turkey. NATO invokes Article 5, triggering mutual strategic nuclear",수치 검산 대상이 아닌 분기 사건·선택의 원문 승계,위반,"서사 p.21: Soviets retaliate against Turkey. NATO invokes Article 5, triggering mutual strategic nuclear | 로그 p.18: Most Plausible: U.S. Invasion + Soviet Guantanamo Strike",핵전쟁 결말 범주는 실제 escalation 조합과 대응하지만 소련의 선택된 보복 표적 Guantanamo를 Turkey로 바꾸고 NATO Article 5를 새로운 핵확전 원인으로 추가했다. 또한 실제 마지막 미국 침공/소련 타격 선택을 잠수함 후퇴와 상호 준비로 낮추므로 동일한 핵전쟁 제목만으로 내용 승계를 인정할 수 없다.,,true,true,AI 원문 의미 대조(인간 미확인),해당 보존 보고서의 실제 사건·행동·결말과 명시 분기 로그 대조. 위반 확정은 그 명시 모순의 판정이며 나머지 모든 통제조건 준수 보증이 아님.,보존 Root 입력이 사용되었다는 조건부 대조; 당시 첨부 바이트 동일성 미확정,true
SUP-NARR-PER-25-03,PER-25,3,Pact in the Shadows,P-FINAL-LINK,runs/raw_logs/Perplexity_RAG/25. Strategic Response Modeling_ Cuban Missile Crisis.pdf,21-23,18-19,FINAL,보고서 3,Turn 4: Post-crisis stabilization:,수치 검산 대상이 아닌 분기 사건·선택의 원문 승계,위반,서사 p.21: Turn 4: Post-crisis stabilization: | 로그 p.19: Most Plausible: U.S. Missile Swap + Soviet Acceptance,"교환 수락과 평화 결말 자체는 마지막 선택과 일치한다. 그러나 실제 T4 고정 잠수함 사건 이후 교환 제안/수락을 서사의 T2로 이동하고 T3에는 UN 결의에 따른 제거 완료, T4에는 사후 안정화만 남긴다. 위기 중 네 번째 턴에서 한 결정의 시점을 바꿔 보존된 사건·선택 순서를 승계하지 못했다.",,true,true,AI 원문 의미 대조(인간 미확인),해당 보존 보고서의 실제 사건·행동·결말과 명시 분기 로그 대조. 위반 확정은 그 명시 모순의 판정이며 나머지 모든 통제조건 준수 보증이 아님.,보존 Root 입력이 사용되었다는 조건부 대조; 당시 첨부 바이트 동일성 미확정,true
SUP-NARR-PER-26-01,PER-26,1,The Tenuous Accord,P-FINAL-LINK,runs/raw_logs/Perplexity_RAG/26. You are a tool for modeling strategic decisions. A.pdf,16-19,"10-11,13-14",FINAL,보고서 1,"U.S.: Avoids air strikes, shifting focus to a proposed Turkey missile swap.",수치 검산 대상이 아닌 분기 사건·선택의 원문 승계,위반,"서사 p.17: U.S.: Avoids air strikes, shifting focus to a proposed Turkey missile swap. | 로그 p.10: Demand Khrushchev denounce Cuba","마지막 외교 최후통첩/UN 중재 수락은 평화적 출구를 지지하지만, 최종 서사의 T3 미국 선택은 Turkey 교환인데 실제 T3 선택지는 SAM 공습 또는 Khrushchev의 Cuba 규탄 요구다. 원래의 Turkey 교환은 다른 턴/분기에 있으며, 이후 미사일 해체 완료를 추가해 최종 결정의 계통과 실행 단계를 바꿨다.",,true,true,AI 원문 의미 대조(인간 미확인),해당 보존 보고서의 실제 사건·행동·결말과 명시 분기 로그 대조. 위반 확정은 그 명시 모순의 판정이며 나머지 모든 통제조건 준수 보증이 아님.,보존 Root 입력이 사용되었다는 조건부 대조; 당시 첨부 바이트 동일성 미확정,true
SUP-NARR-PER-26-02,PER-26,2,The Abyss of Mutually Assured Destruction,P-FINAL-LINK,runs/raw_logs/Perplexity_RAG/26. You are a tool for modeling strategic decisions. A.pdf,19-20,"8,14-15",FINAL,보고서 2,U.S.: Probes full invasion prep as missiles near readiness.,수치 검산 대상이 아닌 분기 사건·선택의 원문 승계,위반,서사 p.19: U.S.: Probes full invasion prep as missiles near readiness. | 로그 p.8: Air strikes Tactical nuke use,마지막 핵보복/ICBM 발사 및 양국 파괴는 실제 마지막 로그와 대응한다. 그러나 서사의 T2는 미국 침공 준비와 소련 전술핵 사용 승인을 한 쌍으로 묶는다. 실제 T2 쌍은 Air strikes/Tactical nuke use와 Invasion prep/Full nuclear alert로 분리되어 있다. 두 대안 쌍을 교차 혼합한 중간 선택의 불일치이며 핵전쟁 결말의 개연성 판정이 아니다.,,true,true,AI 원문 의미 대조(인간 미확인),해당 보존 보고서의 실제 사건·행동·결말과 명시 분기 로그 대조. 위반 확정은 그 명시 모순의 판정이며 나머지 모든 통제조건 준수 보증이 아님.,보존 Root 입력이 사용되었다는 조건부 대조; 당시 첨부 바이트 동일성 미확정,true
SUP-NARR-PER-26-03,PER-26,3,The Fractured Shield,P-FINAL-LINK,runs/raw_logs/Perplexity_RAG/26. You are a tool for modeling strategic decisions. A.pdf,20-22,15-16,FINAL,보고서 3,"Variables: Tension remains below 0.8, but U.S. faces nuclear blackmail.",수치 검산 대상이 아닌 분기 사건·선택의 원문 승계,위반,"서사 p.21: Variables: Tension remains below 0.8, but U.S. faces nuclear blackmail. | 로그 p.16: Tension 1.00 (Breached) 1.00 (Breached) 0.85 (Breached)",미국 단독 타격/소련 신속 활성화 및 쿠바 미사일 잔존은 실제 Botched Diplomacy 조합과 대응한다. 하지만 최종 서사는 마지막 긴장이 임계값 미만이라고 명시하여 실제 마지막 .85 및 breach 상태를 뒤집는다. 수치를 별도로 산술 검산하는 것이 아니라 이미 보고된 임계 상태를 서사가 반대로 기술한 내용 불일치다.,,true,true,AI 원문 의미 대조(인간 미확인),해당 보존 보고서의 실제 사건·행동·결말과 명시 분기 로그 대조. 위반 확정은 그 명시 모순의 판정이며 나머지 모든 통제조건 준수 보증이 아님.,보존 Root 입력이 사용되었다는 조건부 대조; 당시 첨부 바이트 동일성 미확정,true
SUP-NARR-PER-27-01,PER-27,1,Red Alert Horizon,P-FINAL-LINK,runs/raw_logs/Perplexity_RAG/27. Strategic Decision Analysis_ Cuban Missile Crisis.pdf,22-24,17-18,FINAL,보고서 1,USSR: Retaliatory ICBM launch,수치 검산 대상이 아닌 분기 사건·선택의 원문 승계,위반,서사 p.23: USSR: Retaliatory ICBM launch | 로그 p.17: Scenario Combination 2: Hardline Path,최종은 검역/은밀배치로 시작하는 첫 경로에 마지막 두 번째 Hardline 부모의 침공/ICBM 조합을 연결한다. 첫 부모의 실제 T4는 SAM 제한타격/전술핵 배치 승인이고 두 번째만 침공/ICBM이다. 서로 다른 부모 경로를 이어 붙였으며 ICBM 선택 시점도 서사의 T3로 앞당겼다.,,true,true,AI 원문 의미 대조(인간 미확인),해당 보존 보고서의 실제 사건·행동·결말과 명시 분기 로그 대조. 위반 확정은 그 명시 모순의 판정이며 나머지 모든 통제조건 준수 보증이 아님.,보존 Root 입력이 사용되었다는 조건부 대조; 당시 첨부 바이트 동일성 미확정,true
SUP-NARR-PER-27-02,PER-27,2,The Shadow Accord,P-FINAL-LINK,runs/raw_logs/Perplexity_RAG/27. Strategic Decision Analysis_ Cuban Missile Crisis.pdf,24-25,18-19,FINAL,보고서 2,Turn 3: Submarine Crisis & Turkish Missile Deal,수치 검산 대상이 아닌 분기 사건·선택의 원문 승계,위반,서사 p.25: Turn 3: Submarine Crisis & Turkish Missile Deal | 로그 p.19: United States Secret Turkish Concession,"미사일 교환과 합의 수락이라는 마지막 내용은 실제 Stalemate의 T4에 존재한다. 그러나 서사는 그것을 T3에 성립한 합의로 바꾸고, T2에 U-2를 배치하여 실제 T3 U-2→T4 잠수함 사건과 반응 순서를 한 턴씩 이동시켰다. 마지막 고정 사건 이후 의사결정을 이전 턴에 완료한 내용 불일치다.",,true,true,AI 원문 의미 대조(인간 미확인),해당 보존 보고서의 실제 사건·행동·결말과 명시 분기 로그 대조. 위반 확정은 그 명시 모순의 판정이며 나머지 모든 통제조건 준수 보증이 아님.,보존 Root 입력이 사용되었다는 조건부 대조; 당시 첨부 바이트 동일성 미확정,true
SUP-NARR-PER-27-03,PER-27,3,The Tipping Point,P-FINAL-LINK,runs/raw_logs/Perplexity_RAG/27. Strategic Decision Analysis_ Cuban Missile Crisis.pdf,25-26,18-19,FINAL,보고서 3,Military: Limited strikes occur; no full-scale war.,수치 검산 대상이 아닌 분기 사건·선택의 원문 승계,위반,서사 p.26: Military: Limited strikes occur; no full-scale war. | 로그 p.19: Soviet Union Accept Deal + Propaganda Claim,실제 마지막 Stalemate 쌍은 비밀 Turkey 양보/협정 수락·선전이다. 서사는 마지막 선택을 제한 타격/부분 철수로 바꾸고 제한 공습이 실제 발생했다고 결말에 추가한다. 이전 턴의 다른 대안과 최종 합의를 섞어 별도 실행되지 않은 공격을 결과의 일부로 만든 불일치다.,,true,true,AI 원문 의미 대조(인간 미확인),해당 보존 보고서의 실제 사건·행동·결말과 명시 분기 로그 대조. 위반 확정은 그 명시 모순의 판정이며 나머지 모든 통제조건 준수 보증이 아님.,보존 Root 입력이 사용되었다는 조건부 대조; 당시 첨부 바이트 동일성 미확정,true
SUP-NARR-PER-22-01,PER-22,1,The Tightrope Walk,P-FINAL-LINK,runs/raw_logs/Perplexity_RAG/22. You are a tool for modeling strategic decisions. A.pdf,15-16,"10,14",FINAL,보고서 1,U.S.: Used phased escalation (naval quarantine → air strikes → invasion),수치 검산 대상이 아닌 분기 사건·선택의 원문 승계,위반,서사 p.16: U.S.: Used phased escalation (naval quarantine → air strikes → invasion) | 로그 p.14: Tactical Pause,"T1 검역/은밀배치, T3 외교 최후통첩/부인, T4 전술적 중지/완화 전환의 본문은 해당 경로와 연결된다. 그러나 전략 요약은 미국이 공습 다음 침공을 사용했다고 기발생 전략으로 바꾸고, 같은 보고서의 war plans advanced but unexecuted와도 충돌한다. 실제 마지막 선택은 Tactical Pause이며 실제 주경로에 미국 침공 실행은 없다.",,true,true,AI 원문 의미 대조(인간 미확인),해당 보존 보고서의 실제 사건·행동·결말과 명시 분기 로그 대조. 위반 확정은 그 명시 모순의 판정이며 나머지 모든 통제조건 준수 보증이 아님.,보존 Root 입력이 사용되었다는 조건부 대조; 당시 첨부 바이트 동일성 미확정,true
SUP-NARR-PER-22-02,PER-22,2,The Powder Keg,P-FINAL-LINK,runs/raw_logs/Perplexity_RAG/22. You are a tool for modeling strategic decisions. A.pdf,16-18,"6-7,10,14",FINAL,보고서 2,Event: DEFCON 3 declared; naval clashes near Cuba.,수치 검산 대상이 아닌 분기 사건·선택의 원문 승계,위반,서사 p.17: Event: DEFCON 3 declared; naval clashes near Cuba. | 로그 p.6: naval interception of Soviet vessel (military cargo blocked).,"공습/소련 군사경계에서 T3 보복 공습, T4 전략억제로 이어지는 고위험 경로와 전면전 미발생 결말은 서로 양립한다. 다만 서사의 T2는 실제 비폭력 검문 및 화물 차단을 naval clashes로 바꾸고 그 턴의 미국 침공 준비·소련 핵어뢰 준비 선택을 새로 추가한다. 보존 T2 로그는 양국 후속 선택 없이 Defense_Prep를 적용한 동일 검문 사건만 기록한다. 전투 발생으로 사건을 강화한 부분을 위반으로 판정한다.",,true,true,AI 원문 의미 대조(인간 미확인),해당 보존 보고서의 실제 사건·행동·결말과 명시 분기 로그 대조. 위반 확정은 그 명시 모순의 판정이며 나머지 모든 통제조건 준수 보증이 아님.,보존 Root 입력이 사용되었다는 조건부 대조; 당시 첨부 바이트 동일성 미확정,true
SUP-NARR-PER-22-03,PER-22,3,The Fractured Truce,P-FINAL-LINK,runs/raw_logs/Perplexity_RAG/22. You are a tool for modeling strategic decisions. A.pdf,18-20,"7,10,14",FINAL,보고서 3,"Outcome: Fragile truce achieved, but systemic distrust deepened.",수치 검산 대상이 아닌 분기 사건·선택의 원문 승계,판정 불가,"서사 p.19: Outcome: Fragile truce achieved, but systemic distrust deepened. | 로그 p.10: Secret Compromise",외교 출발→U-2 이후 타협→T4 전술 중지/비밀 타협이라는 큰 행동 흐름은 연결된다. T4 Secret Compromise가 수락·실행된 거래인지 제안된 조건부 철수인지를 로그가 구체화하지 않아 fragile truce achieved를 이미 성립한 결과로 쓴 것이 승계인지 강화인지 확정할 수 없다. T2 로그에 후속 양국 선택이 없어 서사의 압박 동원/지도부 위기를 대조할 행동 기록도 부족하다. 의미 해석 자체 때문이 아니라 보존된 행동·실행 구분의 정보 부족이다.,record_missing_or_incomplete,true,true,AI 원문 의미 대조(인간 미확인),해당 보존 보고서의 실제 사건·행동·결말과 명시 분기 로그 대조. 위반 확정은 그 명시 모순의 판정이며 나머지 모든 통제조건 준수 보증이 아님.,보존 Root 입력이 사용되었다는 조건부 대조; 당시 첨부 바이트 동일성 미확정,true
SUP-NARR-PER-23-01,PER-23,1,The Slow Boil: Tension and Stalemate,P-FINAL-LINK,runs/raw_logs/Perplexity_RAG/23. Strategic Decision Analysis_ Cuban Missile Crisis.pdf,16-18,13-15,FINAL,보고서 1,Outcome: Missiles dismantled under UN oversight; U.S. removes Jupiter missiles from,수치 검산 대상이 아닌 분기 사건·선택의 원문 승계,위반,서사 p.17: Outcome: Missiles dismantled under UN oversight; U.S. removes Jupiter missiles from | 로그 p.14: Public Withdrawal Offer,검역/은밀배치와 마지막 외교 최후통첩/철수 제안은 원 경로와 대응한다. 그러나 로그의 Public Withdrawal Offer를 UN 감독 아래 이미 미사일을 해체하고 미국도 Jupiter를 제거한 쌍방 이행으로 바꿨다. 서사는 U-2 사건을 T2에 놓고 마지막 핵위기 사건을 앞 턴으로 옮기는 순서 불일치도 있다.,,true,true,AI 원문 의미 대조(인간 미확인),해당 보존 보고서의 실제 사건·행동·결말과 명시 분기 로그 대조. 위반 확정은 그 명시 모순의 판정이며 나머지 모든 통제조건 준수 보증이 아님.,보존 Root 입력이 사용되었다는 조건부 대조; 당시 첨부 바이트 동일성 미확정,true
SUP-NARR-PER-23-02,PER-23,2,The Thunderclap: Military Dominance,P-FINAL-LINK,runs/raw_logs/Perplexity_RAG/23. Strategic Decision Analysis_ Cuban Missile Crisis.pdf,18-20,15,FINAL,보고서 2,"Outcome: Accidental nuclear exchange in limited conflict zones (e.g., Europe); Cuba",수치 검산 대상이 아닌 분기 사건·선택의 원문 승계,위반,"서사 p.19: Outcome: Accidental nuclear exchange in limited conflict zones (e.g., Europe); Cuba | 로그 p.15: Tactical nuclear strike on NATO bases","전술핵 사용과 지역 핵전쟁이라는 결과 범주는 실제 hardline 경로와 대응한다. 그러나 최종 로그의 미국 Full-Scale Invasion/소련 NATO 기지 Tactical Nuclear Strike라는 의도적 선택을 마지막 서사에서는 우발적 핵교환으로 바꾸고, 미국 침공 실행을 동원 단계로 낮춘다. 핵전쟁이라는 결말 범주가 같아도 선택·발생 기제가 불일치한다.",,true,true,AI 원문 의미 대조(인간 미확인),해당 보존 보고서의 실제 사건·행동·결말과 명시 분기 로그 대조. 위반 확정은 그 명시 모순의 판정이며 나머지 모든 통제조건 준수 보증이 아님.,보존 Root 입력이 사용되었다는 조건부 대조; 당시 첨부 바이트 동일성 미확정,true
SUP-NARR-PER-23-03,PER-23,3,The Mended Rift: Covert De-escalation,P-FINAL-LINK,runs/raw_logs/Perplexity_RAG/23. Strategic Decision Analysis_ Cuban Missile Crisis.pdf,20-22,16,FINAL,보고서 3,U.S./USSR finalize secret accord via hotline; missiles dismantled.,수치 검산 대상이 아닌 분기 사건·선택의 원문 승계,위반,서사 p.21: U.S./USSR finalize secret accord via hotline; missiles dismantled. | 로그 p.16: U.S. publicizes Soviet concessions + USSR withdraws missiles,"미사일 철수와 평화적 위기 해소는 실제 마지막 조합과 대응한다. 다만 실제 T4의 소련 양보 공개/철수 선택을 T3 비밀 합의와 해체 완료로 앞당기고, T4는 이미 평화가 유지되는 상태로 바꿨다. 고정 사건에 대한 마지막 선택을 생략하여 이전 턴의 사건·선택 순서를 승계하지 못했다. 이후 재선 등 장기 전망의 타당성은 이 판정에 포함하지 않았다.",,true,true,AI 원문 의미 대조(인간 미확인),해당 보존 보고서의 실제 사건·행동·결말과 명시 분기 로그 대조. 위반 확정은 그 명시 모순의 판정이며 나머지 모든 통제조건 준수 보증이 아님.,보존 Root 입력이 사용되었다는 조건부 대조; 당시 첨부 바이트 동일성 미확정,true
SUP-NARR-PER-24-01,PER-24,1,The Brinksmen's Waltz,P-FINAL-LINK,runs/raw_logs/Perplexity_RAG/24. Strategic Alternatives Analysis for Missile Crisis.pdf,19-21,16-17,FINAL,보고서 1,USSR Action: Secretly agrees to Turkey missile swap via backchannel.,수치 검산 대상이 아닌 분기 사건·선택의 원문 승계,위반,서사 p.21: USSR Action: Secretly agrees to Turkey missile swap via backchannel. | 로그 p.17: Direct Hotline Communication Offer,"T3 제한 공습/소련 부인은 실제 조합과 대응한다. T4 실제 소련 선택은 직접 hotline 통신 제안인데 서사는 비밀 Turkey 교환 수락으로 바꾸고 검사 협정까지 성립시킨다. 공습 후 최고 긴장 상태의 실제 로그를 외교적 회복으로 바꾼 것이며, 같은 서사의 No direct conflict는 자신이 서술한 공습과도 양립하기 어렵다.",,true,true,AI 원문 의미 대조(인간 미확인),해당 보존 보고서의 실제 사건·행동·결말과 명시 분기 로그 대조. 위반 확정은 그 명시 모순의 판정이며 나머지 모든 통제조건 준수 보증이 아님.,보존 Root 입력이 사용되었다는 조건부 대조; 당시 첨부 바이트 동일성 미확정,true
SUP-NARR-PER-24-02,PER-24,2,Red Dawn Countdown,P-FINAL-LINK,runs/raw_logs/Perplexity_RAG/24. Strategic Alternatives Analysis for Missile Crisis.pdf,22-23,"14,18",FINAL,보고서 2,USSR Action: Limited nuclear strikes on U.S. bases in Turkey.,수치 검산 대상이 아닌 분기 사건·선택의 원문 승계,위반,서사 p.22: USSR Action: Limited nuclear strikes on U.S. bases in Turkey. | 로그 p.14: Tactical Nuclear Launch in Caribbean,T3 핵교전 이후 T4 회복 불가능한 핵전쟁이라는 큰 흐름은 실제 로그와 대응한다. 그러나 소련이 선택한 전술핵 발사 지역은 Caribbean인데 서사는 Turkey의 미군 기지 타격으로 바꾼다. 핵사용 유무나 결말만 일치한다고 표적·작전 선택까지 준수로 보지 않았다.,,true,true,AI 원문 의미 대조(인간 미확인),해당 보존 보고서의 실제 사건·행동·결말과 명시 분기 로그 대조. 위반 확정은 그 명시 모순의 판정이며 나머지 모든 통제조건 준수 보증이 아님.,보존 Root 입력이 사용되었다는 조건부 대조; 당시 첨부 바이트 동일성 미확정,true
SUP-NARR-PER-24-03,PER-24,3,Checkmate in Havana,P-FINAL-LINK,runs/raw_logs/Perplexity_RAG/24. Strategic Alternatives Analysis for Missile Crisis.pdf,23-26,"15,18-19",FINAL,보고서 3,U.S. Action: Agreed to Turkey missile withdrawal via backchannel.,수치 검산 대상이 아닌 분기 사건·선택의 원문 승계,위반,서사 p.24: U.S. Action: Agreed to Turkey missile withdrawal via backchannel. | 로그 p.15: U.S. Action: UN Session,최종 검사 협정/Turkey 교환에 따른 완화 결말은 실제 T4와 대응하지만 서사의 T3는 이미 미국의 교환 수락·소련 UN 해체 명령을 기록한다. 실제 T3는 UN Session/Turkey Offer이고 T4에서야 Inspection Agreement/Turkey Swap을 선택한다. 제안→합의의 단계와 턴 순서를 없애고 마지막 고정 사건에 대한 선택을 생략한 내용 불일치다.,,true,true,AI 원문 의미 대조(인간 미확인),해당 보존 보고서의 실제 사건·행동·결말과 명시 분기 로그 대조. 위반 확정은 그 명시 모순의 판정이며 나머지 모든 통제조건 준수 보증이 아님.,보존 Root 입력이 사용되었다는 조건부 대조; 당시 첨부 바이트 동일성 미확정,true
SUP-NARR-PER-19-01,PER-19,1,The Precarious Balance,P-FINAL-LINK,runs/raw_logs/Perplexity_RAG/19. Strategic Analysis of Cuban Missile Crisis Event.pdf,18-20,12-13,FINAL,보고서 1,Outcome: Averted catastrophe through last-minute stand-downs,수치 검산 대상이 아닌 분기 사건·선택의 원문 승계,위반,서사 p.20: Outcome: Averted catastrophe through last-minute stand-downs | 로그 p.12: Nuclear Countdown,"검문→보복공습/부인→핵 카운트다운/전술핵 배치라는 주요 순서는 실제 주경로와 대응한다. 그러나 최종 서사는 마지막 양국 stand-down을 새 행동으로 추가하여 참사를 막았다고 결말의 원인을 만든다. 같은 로그의 별도 완화 쌍 Ultimatum/Unconditional Withdrawal을 선택한 것으로도 설명하지 않는다. 핵준비만 했으므로 무조건 전쟁이어야 한다는 판정이 아니라, 실제 취소·해제 결정을 로그 없이 만들었다는 판정이다.",,true,true,AI 원문 의미 대조(인간 미확인),해당 보존 보고서의 실제 사건·행동·결말과 명시 분기 로그 대조. 위반 확정은 그 명시 모순의 판정이며 나머지 모든 통제조건 준수 보증이 아님.,보존 Root 입력이 사용되었다는 조건부 대조; 당시 첨부 바이트 동일성 미확정,true
SUP-NARR-PER-19-02,PER-19,2,The Clockwork Catastrophe,P-FINAL-LINK,runs/raw_logs/Perplexity_RAG/19. Strategic Analysis of Cuban Missile Crisis Event.pdf,20-21,"10-11,14",FINAL,보고서 2,U.S.: Invasion delayed amid public panic.,수치 검산 대상이 아닌 분기 사건·선택의 원문 승계,위반,서사 p.21: U.S.: Invasion delayed amid public panic. | 로그 p.11: Catastrophic Path Invasion of Cuba Tactical Nuclear Use,마지막 Mutual First Strike/양국 붕괴는 실제 Turn 4 ICBM Strike/Strategic First Strike에 대응한다. 그러나 서사의 Turn 3은 미국 침공 지연/소련 경계 격상으로 적혀 있고 실제 그 턴의 유일 행동쌍은 Immediate Invasion of Cuba/Tactical Nuclear Use이다. 진행된 침공·핵사용 선택을 준비·지연 단계로 되돌렸다.,,true,true,AI 원문 의미 대조(인간 미확인),해당 보존 보고서의 실제 사건·행동·결말과 명시 분기 로그 대조. 위반 확정은 그 명시 모순의 판정이며 나머지 모든 통제조건 준수 보증이 아님.,보존 Root 입력이 사용되었다는 조건부 대조; 당시 첨부 바이트 동일성 미확정,true
SUP-NARR-PER-19-03,PER-19,3,The Fragile Truce,P-FINAL-LINK,runs/raw_logs/Perplexity_RAG/19. Strategic Analysis of Cuban Missile Crisis Event.pdf,21-23,"11-12,14-15",FINAL,보고서 3,Trigger: B-59 incident. U.S. proposes joint hotline; USSR agrees to partial withdrawal.,수치 검산 대상이 아닌 분기 사건·선택의 원문 승계,위반,서사 p.22: Trigger: B-59 incident. U.S. proposes joint hotline; USSR agrees to partial withdrawal. | 로그 p.15: 1. Conditional Ceasefire Proposal,실제 T3의 비행 중지/SAM 해체는 서사와 대응한다. 하지만 최종 T4에 미국이 joint hotline을 제안하고 소련이 부분 철수에 동의했다고 새 선택쌍을 둔다. 실제 T4는 Conditional Ceasefire Proposal/Verifiable Removal Offer이며 양측 수락은 Potential로 남아 있다. 채널 신설·쌍방 수락을 완료 사건으로 강화한 불일치다.,,true,true,AI 원문 의미 대조(인간 미확인),해당 보존 보고서의 실제 사건·행동·결말과 명시 분기 로그 대조. 위반 확정은 그 명시 모순의 판정이며 나머지 모든 통제조건 준수 보증이 아님.,보존 Root 입력이 사용되었다는 조건부 대조; 당시 첨부 바이트 동일성 미확정,true
SUP-NARR-PER-20-01,PER-20,1,The Brinksmanship Crescendo,P-FINAL-LINK,runs/raw_logs/Perplexity_RAG/20. Strategic Analysis for Cuban Missile Crisis (Based.pdf,19-20,14-15,FINAL,보고서 1,USSR: Armed Forces authorized nuclear retaliation against U.S. bases in Turkey.,수치 검산 대상이 아닌 분기 사건·선택의 원문 승계,위반,서사 p.19: USSR: Armed Forces authorized nuclear retaliation against U.S. bases in Turkey. | 로그 p.15: 1. Tactical Nuclear Strike on Guantánamo,"최종 첫 서사의 핵보복 표적은 Turkey의 미국 기지인데, 실제 마지막 첫 조합은 Surgical Strikes/Guantánamo 전술핵 타격이다. 그 뒤 선택된 핵타격을 실제로 서술하지 않고 핵전쟁을 소련 부대 지휘관들이 막았다고 요약한다. 선택된 타격 위치·실행과 결과를 바꾼 실질 불일치이며 U-2와 B-59도 한 턴씩 앞당겼다.",,true,true,AI 원문 의미 대조(인간 미확인),해당 보존 보고서의 실제 사건·행동·결말과 명시 분기 로그 대조. 위반 확정은 그 명시 모순의 판정이며 나머지 모든 통제조건 준수 보증이 아님.,보존 Root 입력이 사용되었다는 조건부 대조; 당시 첨부 바이트 동일성 미확정,true
SUP-NARR-PER-20-02,PER-20,2,Clash of Will and Warheads,P-FINAL-LINK,runs/raw_logs/Perplexity_RAG/20. Strategic Analysis for Cuban Missile Crisis (Based.pdf,20-22,16-17,FINAL,보고서 2,Soviet submarines launched tactical nukes against Guantánamo.,수치 검산 대상이 아닌 분기 사건·선택의 원문 승계,위반,서사 p.21: Soviet submarines launched tactical nukes against Guantánamo. | 로그 p.16: Most Plausible Combination: Invasion + ICBM Launch,해당 강경 마지막 로그는 미국 침공/소련 ICBM 도시 공격과 MAD이다. 서사는 다른 첫 분기의 Guantánamo 전술핵 타격을 소련 잠수함 발사로 옮겨 미국 ICBM 반격의 직접 원인으로 만든다. dead-hand 자체는 실제 로그에도 이미 있으므로 새 규칙 발명으로 여기서 중복 판정하지 않는다. 핵전쟁 결과는 맞지만 표적·발사수단·선후 인과가 다른 분기에서 섞였다.,,true,true,AI 원문 의미 대조(인간 미확인),해당 보존 보고서의 실제 사건·행동·결말과 명시 분기 로그 대조. 위반 확정은 그 명시 모순의 판정이며 나머지 모든 통제조건 준수 보증이 아님.,보존 Root 입력이 사용되었다는 조건부 대조; 당시 첨부 바이트 동일성 미확정,true
SUP-NARR-PER-20-03,PER-20,3,Smoke and Mirrors,P-FINAL-LINK,runs/raw_logs/Perplexity_RAG/20. Strategic Analysis for Cuban Missile Crisis (Based.pdf,21-23,17-18,FINAL,보고서 3,USSR: Accepted UN inspections but removed only warheads from Cuba.,수치 검산 대상이 아닌 분기 사건·선택의 원문 승계,위반,서사 p.22: USSR: Accepted UN inspections but removed only warheads from Cuba. | 로그 p.18: Most Plausible Combination: Missile Swap + Non-Aggression Pact,"실제 마지막 선택은 공개 Turkey-Cuba swap/공개 Non-Aggression Pact 요구와 비밀 철수 일정이다. 서사는 UN 검증 수용·탄두만 제거·설치물 잔존이라는 다른 선택을 결말로 두고, 공개 보장 요구를 생략한다. 앞선 로그의 verified warhead removal 트리거 일부와 닿아도, 마지막 양국 선택쌍이 명시되어 있는데 그것을 다른 기술적 해결로 교체한 판정이다.",,true,true,AI 원문 의미 대조(인간 미확인),해당 보존 보고서의 실제 사건·행동·결말과 명시 분기 로그 대조. 위반 확정은 그 명시 모순의 판정이며 나머지 모든 통제조건 준수 보증이 아님.,보존 Root 입력이 사용되었다는 조건부 대조; 당시 첨부 바이트 동일성 미확정,true
SUP-NARR-PER-21-01,PER-21,1,Brinkmanship’s Edge,P-FINAL-LINK,runs/raw_logs/Perplexity_RAG/21. Strategic Decision Model for Cuba Missile Crisis D.pdf,22-23,"12-13,17-18",FINAL,보고서 1,"Kennedy intensified backchannel talks, seeking a peaceful exit; Khrushchev withdrew its submarine",수치 검산 대상이 아닌 분기 사건·선택의 원문 승계,위반,"서사 p.22: Kennedy intensified backchannel talks, seeking a peaceful exit; Khrushchev withdrew its submarine | 로그 p.13: U.S.: Limited Military Retaliation → Defense_Prep event.","최종 Turn 3은 U-2 격추 후 미국 비밀 회담/소련 잠수함 철수를 선택한 것으로 적는다. 실제 그 턴은 Limited Military Retaliation/Deny Responsibility이며, 회담 가속/잠수함 철수는 다음 Turn 4의 주조합이다. 마지막 완화 교착은 실제 로그와 대응하지만 중간 보복 선택을 삭제하고 후속 선택을 앞당긴 것은 불일치다.",,true,true,AI 원문 의미 대조(인간 미확인),해당 보존 보고서의 실제 사건·행동·결말과 명시 분기 로그 대조. 위반 확정은 그 명시 모순의 판정이며 나머지 모든 통제조건 준수 보증이 아님.,보존 Root 입력이 사용되었다는 조건부 대조; 당시 첨부 바이트 동일성 미확정,true
SUP-NARR-PER-21-02,PER-21,2,Thawing Shadows,P-FINAL-LINK,runs/raw_logs/Perplexity_RAG/21. Strategic Decision Model for Cuba Missile Crisis D.pdf,24-25,19-20,FINAL,보고서 2,The U.S. froze its blockade; the USSR withdrew most missiles.,수치 검산 대상이 아닌 분기 사건·선택의 원문 승계,위반,서사 p.24: The U.S. froze its blockade; the USSR withdrew most missiles. | 로그 p.19: U.S.: Propose Missile Swap → Diplomatic_Success,"최종 마지막은 봉쇄 중지/대부분 미사일 철군이다. 실제 마지막 주쌍은 Propose Missile Swap/Publicly Accept Inspections이고 추가 쌍은 Reduce to DEFCON 3/Conditional Removal이다. 제안·검증 수용 또는 조건부 철수를 완료된 대부분 철군으로 높이고, 이전 Turn 3 미국 Freeze Blockade를 마지막 선택으로 옮겼다. 완화 가능성은 있으나 해당 조합의 실제 이행 수준과 시점은 유지되지 않는다.",,true,true,AI 원문 의미 대조(인간 미확인),해당 보존 보고서의 실제 사건·행동·결말과 명시 분기 로그 대조. 위반 확정은 그 명시 모순의 판정이며 나머지 모든 통제조건 준수 보증이 아님.,보존 Root 입력이 사용되었다는 조건부 대조; 당시 첨부 바이트 동일성 미확정,true
SUP-NARR-PER-21-03,PER-21,3,Firestorm Dawn,P-FINAL-LINK,runs/raw_logs/Perplexity_RAG/21. Strategic Decision Model for Cuba Missile Crisis D.pdf,25-27,"15-16,20-21",FINAL,보고서 3,Submarine signals mix-ups triggered accidental launches.,수치 검산 대상이 아닌 분기 사건·선택의 원문 승계,위반,서사 p.26: Submarine signals mix-ups triggered accidental launches. | 로그 p.21: U.S.: Authorize Nuclear Strike → Strike,"실제 마지막은 양국이 명시적으로 Authorize Nuclear Strike/Launch Tactical Nukes를 선택한 고의 핵사용 경로이다. 최종은 잠수함 신호 혼선의 우발 발사가 전체 핵교환을 촉발했다고 인과를 바꾸며, 실제 Turn 3의 Full-Scale Invasion도 단지 공습 준비로 낮춘다. 핵교환·상호 파괴 결말은 지지되지만 핵사용 의도·결정 주체·원인은 다른 사건으로 대체됐다.",,true,true,AI 원문 의미 대조(인간 미확인),해당 보존 보고서의 실제 사건·행동·결말과 명시 분기 로그 대조. 위반 확정은 그 명시 모순의 판정이며 나머지 모든 통제조건 준수 보증이 아님.,보존 Root 입력이 사용되었다는 조건부 대조; 당시 첨부 바이트 동일성 미확정,true
SUP-NARR-PER-16-01,PER-16,1,The Brink of Armageddon,P-FINAL-LINK,runs/raw_logs/Perplexity_RAG/16. You are a tool for modeling strategic decisions. A.pdf,18-21,"11,14-15",FINAL,보고서 1,Soviet Tactical Authorization: The Soviet submarine B-59 authorized tactical nuke use,수치 검산 대상이 아닌 분기 사건·선택의 원문 승계,위반,서사 p.19: Soviet Tactical Authorization: The Soviet submarine B-59 authorized tactical nuke use | 로그 p.15: 1. Authorize Tactical Nuke Use (B-59 Vessel),"최종 서사는 B-59 핵사용 승인을 U-2 격추 대응 Turn 3에 넣는다. 실제 Turn 3 선택은 일반 Nuclear Force Mobilization이며 B-59 선박에 대한 핵사용 승인은 다음 Turn 4의 선택이다. 마지막 서사의 Limited Strike/핵사용 승인 및 전면 핵전쟁 미발생은 주조합과 양립하므로 그것을 위반으로 처리하지 않고, 특정 잠수함·권한 사건의 시점을 앞당긴 지점만 판정한다.",,true,true,AI 원문 의미 대조(인간 미확인),해당 보존 보고서의 실제 사건·행동·결말과 명시 분기 로그 대조. 위반 확정은 그 명시 모순의 판정이며 나머지 모든 통제조건 준수 보증이 아님.,보존 Root 입력이 사용되었다는 조건부 대조; 당시 첨부 바이트 동일성 미확정,true
SUP-NARR-PER-16-02,PER-16,2,The Domino’s Fall,P-FINAL-LINK,runs/raw_logs/Perplexity_RAG/16. You are a tool for modeling strategic decisions. A.pdf,21-23,"7-8,12-13,16-17",FINAL,보고서 2,Limited Blockade: Quarantine allowed humanitarian goods but starved Cuba’s economy.,수치 검산 대상이 아닌 분기 사건·선택의 원문 승계,위반,서사 p.21: Limited Blockade: Quarantine allowed humanitarian goods but starved Cuba’s economy. | 로그 p.8: U.S.: Limited Air Strike,"Berlin 비대칭 대응 및 전면 핵전쟁 없는 침공/저항은 실제 T3/T4 추가 대안들에 존재하므로 그런 지역전 결말 자체는 허용 범위다. 그러나 서사는 강경 Turn 2를 제한 봉쇄와 인도적 화물 통과로 재작성한다. 실제 그 부모의 모든 T2 조합은 Limited Air Strike 또는 Invasion Mobilization으로, 제한 봉쇄를 미국 행동으로 택한 쌍이 없다. 같은 실행의 다른 가족 봉쇄를 옮긴 불일치다.",,true,true,AI 원문 의미 대조(인간 미확인),해당 보존 보고서의 실제 사건·행동·결말과 명시 분기 로그 대조. 위반 확정은 그 명시 모순의 판정이며 나머지 모든 통제조건 준수 보증이 아님.,보존 Root 입력이 사용되었다는 조건부 대조; 당시 첨부 바이트 동일성 미확정,true
SUP-NARR-PER-16-03,PER-16,3,The Silk Thread,P-FINAL-LINK,runs/raw_logs/Perplexity_RAG/16. You are a tool for modeling strategic decisions. A.pdf,23-25,"8-9,13-14,17-18",FINAL,보고서 3,U.S.: Secret trade; Soviet: Compromise despite fracture.,수치 검산 대상이 아닌 분기 사건·선택의 원문 승계,판정 불가,"서사 p.24: U.S.: Secret trade; Soviet: Compromise despite fracture. | 로그 p.18: U.S.: Trade, USSR: Secret Accept → Partial de-escalation","최종 비밀 교환/소련 수락·조건부 철수는 실제 T4 추가 자식 Trade/Secret Accept와 양립하며 주경로 Reject Deal과 다르다는 이유로 위반 판정할 수 없다. 다만 서사가 T2–3 검증·보상·공개 보장 중 어느 부모를 따라 이 자식에 도달했는지 명시하지 않고, 원로그도 추가 자식별 상태를 다음 턴에 명시 승계하지 않았다. 해당 정합 경로를 고유하게 연결할 수 없어 분기 단위 모호성 U이며 비밀 타협 자체는 실제 생성된 행동쌍이다.",rule_ambiguous,true,true,AI 원문 의미 대조(인간 미확인),해당 보존 보고서의 실제 사건·행동·결말과 명시 분기 로그 대조. 위반 확정은 그 명시 모순의 판정이며 나머지 모든 통제조건 준수 보증이 아님.,보존 Root 입력이 사용되었다는 조건부 대조; 당시 첨부 바이트 동일성 미확정,true
SUP-NARR-PER-17-01,PER-17,1,The Tense Tango,P-FINAL-LINK,runs/raw_logs/Perplexity_RAG/17. Strategic Decision Modeling_ Cuban Missile Crisis (1).pdf,19-22,15-16,FINAL,보고서 1,U.S.: Prepares invasion plans but hesitates;,수치 검산 대상이 아닌 분기 사건·선택의 원문 승계,위반,서사 p.20: U.S.: Prepares invasion plans but hesitates; | 로그 p.16: U.S.: Immediate Airstrike,"최종 첫 보고서의 Turn 4는 미국 침공 준비를 망설이며 소련 비밀 Turkey 제안을 받는 선택이다. 실제 같은 부모는 Immediate Airstrike/Tactical Nuclear Alert, UN Ultimatum/Public Concession, Airstrike/ICBM Launch 세 쌍이다. 침공 망설임/Turkey 제안 쌍은 없으며 이는 실제 셋째 외교 가족의 교환 제안을 옮긴 것이다. 최종 교착만 유사해도 행동쌍 승계를 인정하지 않는다.",,true,true,AI 원문 의미 대조(인간 미확인),해당 보존 보고서의 실제 사건·행동·결말과 명시 분기 로그 대조. 위반 확정은 그 명시 모순의 판정이며 나머지 모든 통제조건 준수 보증이 아님.,보존 Root 입력이 사용되었다는 조건부 대조; 당시 첨부 바이트 동일성 미확정,true
SUP-NARR-PER-17-02,PER-17,2,The Breaking Point,P-FINAL-LINK,runs/raw_logs/Perplexity_RAG/17. Strategic Decision Modeling_ Cuban Missile Crisis (1).pdf,22-24,17-18,FINAL,보고서 2,USSR: Launches ICBMs against U.S. cities;,수치 검산 대상이 아닌 분기 사건·선택의 원문 승계,위반,서사 p.22: USSR: Launches ICBMs against U.S. cities; | 로그 p.17: U.S.: Strategic Nuclear Warning Strike,"실제 마지막 핵경고 타격/ICBM Launch 및 추가 Invasion/ICBM Launch가 있으므로 핵전쟁 결말 자체는 로그로 지지된다. 그러나 서사는 ICBM 도시 공격을 Turn 2, 최종 상호 절멸을 Turn 3에 끝내고, B-59/DEFCON 2 고정 사건에 대응해 Turn 4 전략 핵경고 타격을 선택한 실제 순서가 사라진다. 즉 결말 일치와 중간 핵사용·고정 사건의 시점 불일치를 분리한다.",,true,true,AI 원문 의미 대조(인간 미확인),해당 보존 보고서의 실제 사건·행동·결말과 명시 분기 로그 대조. 위반 확정은 그 명시 모순의 판정이며 나머지 모든 통제조건 준수 보증이 아님.,보존 Root 입력이 사용되었다는 조건부 대조; 당시 첨부 바이트 동일성 미확정,true
SUP-NARR-PER-17-03,PER-17,3,The Mended Rift,P-FINAL-LINK,runs/raw_logs/Perplexity_RAG/17. Strategic Decision Modeling_ Cuban Missile Crisis (1).pdf,24-25,18-19,FINAL,보고서 3,Event: UN inspectors verify missile removals.,수치 검산 대상이 아닌 분기 사건·선택의 원문 승계,위반,서사 p.24: Event: UN inspectors verify missile removals. | 로그 p.19: 2. Breakthrough Path: U.S. Accepts Turkey Deal + Soviet Withdrawal,실제 T4에는 Turkey Deal 수락/소련 철수라는 breakthrough 자식이 있어 평화 결말을 선택할 근거가 있다. 하지만 최종은 OAS 요구→Turn 2 교환 수락→Turn 3 검증 완료로 끝내고 실제 U-2 격추와 B-59에 대한 후속 선택·검증 이전의 T4 돌파 선택을 이미 완료한 것으로 앞당긴다. 최종 선택 가능성만으로 전 턴 로그의 사건 승계를 준수했다고 보지 않는다.,,true,true,AI 원문 의미 대조(인간 미확인),해당 보존 보고서의 실제 사건·행동·결말과 명시 분기 로그 대조. 위반 확정은 그 명시 모순의 판정이며 나머지 모든 통제조건 준수 보증이 아님.,보존 Root 입력이 사용되었다는 조건부 대조; 당시 첨부 바이트 동일성 미확정,true
SUP-NARR-PER-18-01,PER-18,1,The Razor’s Edge,P-FINAL-LINK,runs/raw_logs/Perplexity_RAG/18. Strategic Decision Analysis_ Cuban Missile Crisis.pdf,20-22,"12-13,16-17",FINAL,보고서 1,Military: Limited conflict avoided;,수치 검산 대상이 아닌 분기 사건·선택의 원문 승계,위반,서사 p.21: Military: Limited conflict avoided; | 로그 p.13: Selected Action: Limited Retaliatory Strike,격리→검문→SAM 보복/rogue Cuba 설명→격리 중지/Turkey 제안이라는 주요 선택 순서는 로그와 대응한다. 그러나 결말은 Limited conflict avoided라고 명시하여 실제 선택·효과 처리된 제한 보복공습을 없던 것으로 만든다. 최고 긴장 뒤 0.95로 끝난 상태를 핵 임계 아래 안정이라고 쓴 설명도 강하게 완화한다. 본 위반은 마지막 위험 상태를 서사로 잘못 요약한 부분에 한정하고 네 단계 주요 행동 대응의 긍정 근거는 유지한다.,,true,true,AI 원문 의미 대조(인간 미확인),해당 보존 보고서의 실제 사건·행동·결말과 명시 분기 로그 대조. 위반 확정은 그 명시 모순의 판정이며 나머지 모든 통제조건 준수 보증이 아님.,보존 Root 입력이 사용되었다는 조건부 대조; 당시 첨부 바이트 동일성 미확정,true
SUP-NARR-PER-18-02,PER-18,2,Critical Failures,P-FINAL-LINK,runs/raw_logs/Perplexity_RAG/18. Strategic Decision Analysis_ Cuban Missile Crisis.pdf,22-24,"14,18",FINAL,보고서 2,"Soviet ""Use-or-Lose"" Doctrine: Launch surviving missiles.",수치 검산 대상이 아닌 분기 사건·선택의 원문 승계,위반,"서사 p.23: Soviet ""Use-or-Lose"" Doctrine: Launch surviving missiles. | 로그 p.18: Selected Action: Deploy Tactical Nukes to Cuba","실제 T3/T4는 미국 침공 동원과 소련 핵사용 승인·전술핵 배치이며, 후속 트리거는 Nuclear_Retaliation_Risk/미국 전략 경계이다. 최종은 Turn 3에 소련 잔존 미사일을 실제 발사해 전술핵 교환이 일어났다고 확정한다. 승인·배치·위험을 완료된 발사와 핵피해로 바꾼 실질 사건 분류 불일치다.",,true,true,AI 원문 의미 대조(인간 미확인),해당 보존 보고서의 실제 사건·행동·결말과 명시 분기 로그 대조. 위반 확정은 그 명시 모순의 판정이며 나머지 모든 통제조건 준수 보증이 아님.,보존 Root 입력이 사용되었다는 조건부 대조; 당시 첨부 바이트 동일성 미확정,true
SUP-NARR-PER-18-03,PER-18,3,The Mended Rift,P-FINAL-LINK,runs/raw_logs/Perplexity_RAG/18. Strategic Decision Analysis_ Cuban Missile Crisis.pdf,24-26,"15,19",FINAL,보고서 3,Soviet Dismantlement: Rapidly withdraw weapons under UN supervision.,수치 검산 대상이 아닌 분기 사건·선택의 원문 승계,위반,서사 p.25: Soviet Dismantlement: Rapidly withdraw weapons under UN supervision. | 로그 p.15: Selected Action: Propose Missile Removal for U.S. Guarantees,"최종 T3은 UN 하 실제 신속 철군인데, 실제 T3 소련 행동은 Propose Missile Removal, 실제 T4에서야 Begin Missile Dismantlement를 선택한다. 최종 T4는 양국 경계 해제/지도부 통제 회복을 새 완료 행동으로 제시하고, 실제 마지막의 Hardliner coup attempt를 반영하지 않는다. T2 셋째 로그 자체의 미출력은 별도 기록 범위 불확실성이지만, 보존된 T3–4만으로도 제안→이행 시점의 불일치를 확인할 수 있다.",,true,true,AI 원문 의미 대조(인간 미확인),해당 보존 보고서의 실제 사건·행동·결말과 명시 분기 로그 대조. 위반 확정은 그 명시 모순의 판정이며 나머지 모든 통제조건 준수 보증이 아님.,보존 Root 입력이 사용되었다는 조건부 대조; 당시 첨부 바이트 동일성 미확정,true
SUP-NARR-PER-13-01,PER-13,1,The Fractured Equilibrium,P-FINAL-LINK,runs/raw_logs/Perplexity_RAG/13. Strategic Analysis of Current Event_ Soviet Nuclea.pdf,22-23,"13-14,18",FINAL,보고서 1,U.S.: Backchannel ceasefire offers,수치 검산 대상이 아닌 분기 사건·선택의 원문 승계,위반,서사 p.22: U.S.: Backchannel ceasefire offers | 로그 p.14: Soviet: Formal Apology + SAM Stand-Down,"최종 Turn 3에서는 미국 비밀 휴전 제안/소련 핵준비·잠수함 철수가 선택된다. 실제 Turn 3 주조합은 제한 SAM 공습/공식 사과·SAM 경계 해제, 추가 쌍은 DEFCON 2 동원/전술핵 경계이다. 서사의 비밀 휴전/잠수함 recall은 실제 Turn 4의 선택을 앞당긴 것이다. 마지막 제한 완화의 방향은 맞아도 중간 주/추가 어느 조합의 선택도 그대로 승계하지 않았다.",,true,true,AI 원문 의미 대조(인간 미확인),해당 보존 보고서의 실제 사건·행동·결말과 명시 분기 로그 대조. 위반 확정은 그 명시 모순의 판정이며 나머지 모든 통제조건 준수 보증이 아님.,보존 Root 입력이 사용되었다는 조건부 대조; 당시 첨부 바이트 동일성 미확정,true
SUP-NARR-PER-13-02,PER-13,2,The Technological Tightrope,P-FINAL-LINK,runs/raw_logs/Perplexity_RAG/13. Strategic Analysis of Current Event_ Soviet Nuclea.pdf,23-25,"8-9,15,19-20",FINAL,보고서 2,Choices: U.S. CIA covert ops; Soviet swarm tactics (naval harassment).,수치 검산 대상이 아닌 분기 사건·선택의 원문 승계,위반,서사 p.24: Choices: U.S. CIA covert ops; Soviet swarm tactics (naval harassment). | 로그 p.9: U.S.: Covert Ops,"T2의 추가 대안 Covert Ops/Naval Harassment를 최종 Turn 4 선택으로 옮기고, 실제 Turn 3 Amphibious Assault Drills와 Turn 4 Limited SAM Strike/Nuclear Posturing의 순서를 바꿨다. 최종에는 T3 limited strikes 다음 T4 invasion drills가 오지만 실제 그 순서는 반대이다. 서사에 쓰인 개별 행동들이 원로그 어딘가에 존재해도 부모·시점 관계가 다르므로 준수로 인정하지 않는다.",,true,true,AI 원문 의미 대조(인간 미확인),해당 보존 보고서의 실제 사건·행동·결말과 명시 분기 로그 대조. 위반 확정은 그 명시 모순의 판정이며 나머지 모든 통제조건 준수 보증이 아님.,보존 Root 입력이 사용되었다는 조건부 대조; 당시 첨부 바이트 동일성 미확정,true
SUP-NARR-PER-13-03,PER-13,3,The Nuclear Bargain,P-FINAL-LINK,runs/raw_logs/Perplexity_RAG/13. Strategic Analysis of Current Event_ Soviet Nuclea.pdf,25-26,20-21,FINAL,보고서 3,"""ghost missiles"" kept in Cuba.",수치 검산 대상이 아닌 분기 사건·선택의 원문 승계,위반,"서사 p.26: ""ghost missiles"" kept in Cuba. | 로그 p.21: Soviet: Conditional Cuba Withdrawal","최종 주조합은 Jupiter Dismantlement/Conditional Cuba Withdrawal이며, 다른 자식은 Ultimatum/Missile Operationalization이다. 서사는 조건부 철수 경로를 채택하면서 잔존 ghost missiles 은폐를 완료된 결말로 덧붙이고 새 정상회담·이행 지연을 연결한다. 조건부라는 표현이 임의의 비밀 잔류 실행을 뜻하지 않으며, 다른 핵운용 자식의 속성을 교환·철수 자식에 섞은 것은 별개이다.",,true,true,AI 원문 의미 대조(인간 미확인),해당 보존 보고서의 실제 사건·행동·결말과 명시 분기 로그 대조. 위반 확정은 그 명시 모순의 판정이며 나머지 모든 통제조건 준수 보증이 아님.,보존 Root 입력이 사용되었다는 조건부 대조; 당시 첨부 바이트 동일성 미확정,true
SUP-NARR-PER-14-01,PER-14,1,The Brink's Edge,P-FINAL-LINK,runs/raw_logs/Perplexity_RAG/14. Strategic Decision Modeling_ Cuban Missile Crisis.pdf,21-24,"17,20-21",FINAL,보고서 1,"USSR: Blamed Cuban ""provocations"" to justify retreat",수치 검산 대상이 아닌 분기 사건·선택의 원문 승계,위반,"서사 p.22: USSR: Blamed Cuban ""provocations"" to justify retreat | 로그 p.17: Most Plausible Path: U.S. Diplomatic Ultimatum + USSR Conditional Withdrawal","첫 분기 실제 Turn 4는 Diplomatic Ultimatum/Conditional Withdrawal이고, Covert Trade/Blame Castro는 셋째 분기의 주조합이다. 첫 최종 보고서는 마지막 선택을 비밀 Turkey 교환 수락/Blame Castro로 바꾸어 셋째 분기의 양국 행동을 옮겼다. 또한 U-2 격추의 행위자를 미국으로 뒤집은 명시 문장이 존재한다. 평화 결말의 유사성과 구별되는 분기·사건 행위자 불일치다.",,true,true,AI 원문 의미 대조(인간 미확인),해당 보존 보고서의 실제 사건·행동·결말과 명시 분기 로그 대조. 위반 확정은 그 명시 모순의 판정이며 나머지 모든 통제조건 준수 보증이 아님.,보존 Root 입력이 사용되었다는 조건부 대조; 당시 첨부 바이트 동일성 미확정,true
SUP-NARR-PER-14-02,PER-14,2,Sword's Shadow,P-FINAL-LINK,runs/raw_logs/Perplexity_RAG/14. Strategic Decision Modeling_ Cuban Missile Crisis.pdf,24-26,18-19,FINAL,보고서 2,U.S.: Halted offensive amid nuclear casualties; pivoted to survival-focused diplomacy.,수치 검산 대상이 아닌 분기 사건·선택의 원문 승계,위반,서사 p.25: U.S.: Halted offensive amid nuclear casualties; pivoted to survival-focused diplomacy. | 로그 p.19: Most Plausible Path: U.S. Invasion + USSR Nuclear Deployment,"실제 마지막 강경 주조합은 침공/전술핵 배치, 추가 조합은 미국 전술핵 승인/소련 철수이다. 최종 서사는 침공·핵교환 뒤 양국 모두 사실상 휴전으로 후퇴하고 미국이 공격을 중단했다고 한다. 핵무기 준비 또는 사용 선택과, 그 뒤 별도로 공격 중단·휴전하는 새 선택은 동일하지 않다. 또한 U-2를 미국이 격추하고 소련 폭뢰가 잠수함을 띄웠다고 고정 사건 주체를 뒤집었다.",,true,true,AI 원문 의미 대조(인간 미확인),해당 보존 보고서의 실제 사건·행동·결말과 명시 분기 로그 대조. 위반 확정은 그 명시 모순의 판정이며 나머지 모든 통제조건 준수 보증이 아님.,보존 Root 입력이 사용되었다는 조건부 대조; 당시 첨부 바이트 동일성 미확정,true
SUP-NARR-PER-14-03,PER-14,3,Silent Stalemate,P-FINAL-LINK,runs/raw_logs/Perplexity_RAG/14. Strategic Decision Modeling_ Cuban Missile Crisis.pdf,26-28,20-21,FINAL,보고서 3,USSR: Withdrew missiles under inspectors' eyes,수치 검산 대상이 아닌 분기 사건·선택의 원문 승계,위반,서사 p.27: USSR: Withdrew missiles under inspectors' eyes | 로그 p.21: Alternative Path: U.S. UN Ceasefire + USSR Public Guarantee,"서사는 미국 UN 휴전 요구와 소련 검증 하 실제 철수를 조합한다. 해당 Turn 4 추가 쌍은 UN Ceasefire/Public Guarantee이며 주쌍은 Covert Trade/Blame Castro이다. 보장 요구·동의, 검증 수용, 실제 철군을 구별하지 않고 UN의 Cuba 감시·경비까지 완료된 사건으로 확장한다. 새 검증·철군 행동이 어느 실제 자식 로그를 승계하는지 원문상 대응하지 않는다.",,true,true,AI 원문 의미 대조(인간 미확인),해당 보존 보고서의 실제 사건·행동·결말과 명시 분기 로그 대조. 위반 확정은 그 명시 모순의 판정이며 나머지 모든 통제조건 준수 보증이 아님.,보존 Root 입력이 사용되었다는 조건부 대조; 당시 첨부 바이트 동일성 미확정,true
SUP-NARR-PER-15-01,PER-15,1,The Razor’s Edge,P-FINAL-LINK,runs/raw_logs/Perplexity_RAG/15. Strategic Decision Model for Cuban Missile Crisis.pdf,20-21,15-16,FINAL,보고서 1,Final missiles were dismantled under UN supervision.,수치 검산 대상이 아닌 분기 사건·선택의 원문 승계,위반,서사 p.21: Final missiles were dismantled under UN supervision. | 로그 p.16: U.S.: Targeted Airstrike on SAM Sites,"첫 분기의 실제 마지막 선택은 Targeted Airstrike/Blame Cuban Forces이고, 추가 쌍은 Ultimatum/Nuclear Alert와 전술핵 교환 결과이다. 최종 서사는 대신 마지막 UN 미사일 해체·비밀 Turkey 합의라는 셋째 외교 경로의 결말을 부여한다. 최고긴장·외교금지 상태였던 로그를 임계값 바로 아래로 관리했다고 설명한 점도 보고 상태와 모순한다.",,true,true,AI 원문 의미 대조(인간 미확인),해당 보존 보고서의 실제 사건·행동·결말과 명시 분기 로그 대조. 위반 확정은 그 명시 모순의 판정이며 나머지 모든 통제조건 준수 보증이 아님.,보존 Root 입력이 사용되었다는 조건부 대조; 당시 첨부 바이트 동일성 미확정,true
SUP-NARR-PER-15-02,PER-15,2,Inferno,P-FINAL-LINK,runs/raw_logs/Perplexity_RAG/15. Strategic Decision Model for Cuban Missile Crisis.pdf,21-22,17-18,FINAL,보고서 2,Turn 2: U.S. invasion of Cuba pushed tensions to war. Soviet tactical nukes launched atFlorida.,수치 검산 대상이 아닌 분기 사건·선택의 원문 승계,위반,서사 p.21: Turn 2: U.S. invasion of Cuba pushed tensions to war. Soviet tactical nukes launched atFlorida. | 로그 p.18: USSR: Preemptive ICBM Launch,"핵전쟁·도시 파괴 결말은 마지막 로그의 실제 Full Nuclear Strike Authorization/Preemptive ICBM Launch 및 도시 타격 트리거로 지지된다. 다만 최종은 두 단계만으로 침공·Florida 전술핵 발사를 Turn 2 최종 사건에 놓고, B-59/DEFCON 2 뒤 전략 선제공격의 실제 마지막 선택 및 그 시점을 제시하지 않는다. 핵전쟁이라는 결과 일치를 네 턴 행동·인과 승계의 준수로 확대하지 않는다.",,true,true,AI 원문 의미 대조(인간 미확인),해당 보존 보고서의 실제 사건·행동·결말과 명시 분기 로그 대조. 위반 확정은 그 명시 모순의 판정이며 나머지 모든 통제조건 준수 보증이 아님.,보존 Root 입력이 사용되었다는 조건부 대조; 당시 첨부 바이트 동일성 미확정,true
SUP-NARR-PER-15-03,PER-15,3,Dove’s Gambit,P-FINAL-LINK,runs/raw_logs/Perplexity_RAG/15. Strategic Decision Model for Cuban Missile Crisis.pdf,22-23,18-19,FINAL,보고서 3,Turn 3: Castro denies entry to inspectors; Khrushchev withdraws missiles to avoid coup.,수치 검산 대상이 아닌 분기 사건·선택의 원문 승계,위반,서사 p.22: Turn 3: Castro denies entry to inspectors; Khrushchev withdraws missiles to avoid coup. | 로그 p.18: Potential: Castro blocks inspectors,"UN-supervised removal/inspection agreement와 검증된 철수라는 마지막 방향은 실제 외교 로그와 일치한다. 그러나 서사의 결정적 전환은 Castro의 검증 진입 거부가 실제 발생하여 Khrushchev가 쿠데타를 피하려 철수했다는 것이다. 원로그에서 진입 거부는 Potential이며 실제 발생 로그가 없고, 그것을 Turn 3 원인으로 확정한 기록도 없다. 발생 가능성을 이미 일어난 분기 사건으로 바꾼 판정이다.",,true,true,AI 원문 의미 대조(인간 미확인),해당 보존 보고서의 실제 사건·행동·결말과 명시 분기 로그 대조. 위반 확정은 그 명시 모순의 판정이며 나머지 모든 통제조건 준수 보증이 아님.,보존 Root 입력이 사용되었다는 조건부 대조; 당시 첨부 바이트 동일성 미확정,true
SUP-NARR-PER-10-01,PER-10,1,The Delicate Balance,P-FINAL-LINK,runs/raw_logs/Perplexity_RAG/10. Strategic Alternatives and Triggers.pdf,21-24,17-18,FINAL,보고서 1,State Department brokers a secret offer to trade,수치 검산 대상이 아닌 분기 사건·선택의 원문 승계,위반,서사 p.23: State Department brokers a secret offer to trade | 로그 p.17: US Action: Publicly Propose Turkey-Cuba Missile Swap,실제 마지막 협력 로그는 공개 Turkey-Cuba 교환 제안/소련 수락·철수이다. 최종 서사는 이를 비밀 제안과 비문서 합의로 바꾸고 공개성에 따른 동맹·국내 영향을 달리 설명한다. 앞선 B-59도 최종 Turn 3으로 이동했다. 평화 결말은 로그와 닿지만 공개/비밀이라는 선택의 정보 접근 조건과 사건 시점은 유지되지 않았다.,,true,true,AI 원문 의미 대조(인간 미확인),해당 보존 보고서의 실제 사건·행동·결말과 명시 분기 로그 대조. 위반 확정은 그 명시 모순의 판정이며 나머지 모든 통제조건 준수 보증이 아님.,보존 Root 입력이 사용되었다는 조건부 대조; 당시 첨부 바이트 동일성 미확정,true
SUP-NARR-PER-10-02,PER-10,2,The Breaking Point,P-FINAL-LINK,runs/raw_logs/Perplexity_RAG/10. Strategic Alternatives and Triggers.pdf,24-26,18-19,FINAL,보고서 2,"Soviet Totalitarian Rally: Hardliners seize Presidium control, deposing Khrushchev.",수치 검산 대상이 아닌 분기 사건·선택의 원문 승계,위반,"서사 p.25: Soviet Totalitarian Rally: Hardliners seize Presidium control, deposing Khrushchev. | 로그 p.19: Result Log: US De-Escalation + USSR Regime Collapse","실제 강경 Turn 4에는 서로 별개의 두 결과 로그가 있다: 미국 SAM 공습/소련 전술핵 사용과, 미국 non-invasion pledge/Presidium의 Khrushchev 배제. 최종 서사는 첫 로그의 핵전쟁과 둘째 로그의 정권탈취를 하나의 결과로 결합하면서 둘째에 필수인 미국 완화 제안은 제거한다. 독립 자식 조합의 사건을 혼합한 위반이다.",,true,true,AI 원문 의미 대조(인간 미확인),해당 보존 보고서의 실제 사건·행동·결말과 명시 분기 로그 대조. 위반 확정은 그 명시 모순의 판정이며 나머지 모든 통제조건 준수 보증이 아님.,보존 Root 입력이 사용되었다는 조건부 대조; 당시 첨부 바이트 동일성 미확정,true
SUP-NARR-PER-10-03,PER-10,3,The Mended Rift,P-FINAL-LINK,runs/raw_logs/Perplexity_RAG/10. Strategic Alternatives and Triggers.pdf,26-28,20,FINAL,보고서 3,"U.S./USSR Joint Declaration: Publicly framed as Soviet “voluntary withdrawal,”",수치 검산 대상이 아닌 분기 사건·선택의 원문 승계,위반,"서사 p.27: U.S./USSR Joint Declaration: Publicly framed as Soviet “voluntary withdrawal,” | 로그 p.20: US Action: Secretly Remove Jupiters from Turkey","비밀 Jupiter 철수/소련 실제 미사일 해체라는 결말 자체는 로그로 지지된다. 그러나 서사는 그 철수를 Turn 3에 이미 시작한 것으로 두고, 로그가 없는 Turn 4 양국 공동선언을 새 결정 단계로 제시한다. 원로그의 마지막 사건 B-59/DEFCON 2 아래 이루어진 비밀 행동을 먼저 이행한 후 공개선언으로 교체한 절차·공개성 불일치다.",,true,true,AI 원문 의미 대조(인간 미확인),해당 보존 보고서의 실제 사건·행동·결말과 명시 분기 로그 대조. 위반 확정은 그 명시 모순의 판정이며 나머지 모든 통제조건 준수 보증이 아님.,보존 Root 입력이 사용되었다는 조건부 대조; 당시 첨부 바이트 동일성 미확정,true
SUP-NARR-PER-11-01,PER-11,1,Stalemate at DEFCON 2: A Dance of Restraint,P-FINAL-LINK,runs/raw_logs/Perplexity_RAG/11. __Strategic Action Options Analysis__.pdf,16-19,13-14,FINAL,보고서 1,Trigger: The U.S. unilaterally leaked the deal in 2017,수치 검산 대상이 아닌 분기 사건·선택의 원문 승계,위반,서사 p.18: Trigger: The U.S. unilaterally leaked the deal in 2017 | 로그 p.13: Soviet Action: Propose missile withdrawal in exchange for US non-invasion guarantee,실제 마지막 주경로는 DEFCON 2 유지/비밀 회담 허가와 소련 철수 제안이며 Turkey 제거 요구가 트리거로 남는다. 최종 서사는 이미 비밀 교환 합의·부분 철수로 완결한 뒤 2017년 미국의 유출을 과거 완료된 트리거로 추가한다. 이는 미래 파급의 가정법 서술이 아니라 실제 원로그에 없는 사건을 누적 분기 역사에 넣은 것이다. U-2도 Turn 2로 당겼다.,,true,true,AI 원문 의미 대조(인간 미확인),해당 보존 보고서의 실제 사건·행동·결말과 명시 분기 로그 대조. 위반 확정은 그 명시 모순의 판정이며 나머지 모든 통제조건 준수 보증이 아님.,보존 Root 입력이 사용되었다는 조건부 대조; 당시 첨부 바이트 동일성 미확정,true
SUP-NARR-PER-11-02,PER-11,2,Operation Skybolt: The Nuclear Gambit,P-FINAL-LINK,runs/raw_logs/Perplexity_RAG/11. __Strategic Action Options Analysis__.pdf,19-20,14,FINAL,보고서 2,"Turn 3: Narrowly avoided conflict as U.S. rejects invasion, leaving Cuban missiles",수치 검산 대상이 아닌 분기 사건·선택의 원문 승계,위반,"서사 p.19: Turn 3: Narrowly avoided conflict as U.S. rejects invasion, leaving Cuban missiles | 로그 p.14: US Action: Offer 48-hour missile removal ultimatum","보존된 축약 서사는 공격→침공 준비→침공 거부에서 끝난다. 실제 마지막 강경 주조합은 침공 동원/핵권한 사전 위임, 완화 대안은 48-hour ultimatum/명시적인 소련 합의 수락이다. 서사의 침공 거부는 그 어느 실제 양국 조합도 승계하지 않으며 B-59/DEFCON 2에 대한 최종 행동 관계가 빠졌다. 전체 응답이 공간을 이유로 완전 보고서를 후속 요청으로 유예한다고 명시하므로 기록 유실 U로 처리하지 않는다.",,true,true,AI 원문 의미 대조(인간 미확인),해당 보존 보고서의 실제 사건·행동·결말과 명시 분기 로그 대조. 위반 확정은 그 명시 모순의 판정이며 나머지 모든 통제조건 준수 보증이 아님.,보존 Root 입력이 사용되었다는 조건부 대조; 당시 첨부 바이트 동일성 미확정,true
SUP-NARR-PER-11-03,PER-11,3,The Secret Accord: A Turbulent Compromise,P-FINAL-LINK,runs/raw_logs/Perplexity_RAG/11. __Strategic Action Options Analysis__.pdf,19-20,15,FINAL,보고서 3,Turn 1: U.S. extends quarantine to petroleum; Soviets airlift supplies to Cuba.,수치 검산 대상이 아닌 분기 사건·선택의 원문 승계,위반,서사 p.19: Turn 1: U.S. extends quarantine to petroleum; Soviets airlift supplies to Cuba. | 로그 p.15: Combination 3.2: US Fuel Embargo & Soviet Airlift,"실제 Turn 4의 추가 자식인 Fuel Embargo/Airlift를 서사의 Turn 1로 옮기고, 같은 Turn 4의 다른 자식인 Secret Jupiter offer/acceptance를 다음 단계로 이어 붙인다. 서로 대안인 조합을 시간순 연속 사건으로 바꾼 실질 분기 승계 위반이며, 이후 수십 년 뒤 합의 노출도 실제 위기 로그와 구별하지 않는다.",,true,true,AI 원문 의미 대조(인간 미확인),해당 보존 보고서의 실제 사건·행동·결말과 명시 분기 로그 대조. 위반 확정은 그 명시 모순의 판정이며 나머지 모든 통제조건 준수 보증이 아님.,보존 Root 입력이 사용되었다는 조건부 대조; 당시 첨부 바이트 동일성 미확정,true
SUP-NARR-PER-12-01,PER-12,1,The Silent Bargain,P-FINAL-LINK,runs/raw_logs/Perplexity_RAG/12. Strategic Decision Modeling for Cuban Missile Cris.pdf,23-25,18-19,FINAL,보고서 1,Turn 2: Brinkmanship Intensifies,수치 검산 대상이 아닌 분기 사건·선택의 원문 승계,위반,서사 p.23: Turn 2: Brinkmanship Intensifies | 로그 p.18: (After Soviet de-escalation instructions & B-59 incident),"소련 비밀 철수 일정/미국 검증팀 파견이라는 마지막 방향은 실제 로그와 대응한다. 그러나 서사는 Turn 2 U-2 격추, Turn 3 B-59·DEFCON 2, Turn 4 합의 이행으로 고정 사건들을 각각 한 단계 앞당긴다. 실제 Turn 4에서는 B-59 후 비밀 협상/철수 가속을 선택했다. 최종 합의가 맞는 것과 중간 사건·결정 시점의 불일치를 분리한다.",,true,true,AI 원문 의미 대조(인간 미확인),해당 보존 보고서의 실제 사건·행동·결말과 명시 분기 로그 대조. 위반 확정은 그 명시 모순의 판정이며 나머지 모든 통제조건 준수 보증이 아님.,보존 Root 입력이 사용되었다는 조건부 대조; 당시 첨부 바이트 동일성 미확정,true
SUP-NARR-PER-12-02,PER-12,2,Nuclear Sundowner,P-FINAL-LINK,runs/raw_logs/Perplexity_RAG/12. Strategic Decision Modeling for Cuban Missile Cris.pdf,25-26,19-21,FINAL,보고서 2,Khrushchev stalls while verifying CIA tips of withdrawal talks.,수치 검산 대상이 아닌 분기 사건·선택의 원문 승계,위반,서사 p.25: Khrushchev stalls while verifying CIA tips of withdrawal talks. | 로그 p.20: Soviet Union Full Nuclear Forces Alert,"실제 마지막 강경 조합은 소련 Full Nuclear Forces Alert/미국 Invasion Mobilization이며 북방함대 출격·미국 핵폭격기 비행이 생성된다. 최종 서사는 마지막에 CIA가 제공한 철수 회담 정보를 확인하며 소련이 지연하는 새 정보·완화 선택을 넣고 no-first-use가 지켜졌다고 끝낸다. 핵위험이 반드시 핵전쟁이어야 한다는 판정이 아니라, 로그에 없는 정보 접근과 그에 따른 선택을 결말 원인으로 대체한 위반이다.",,true,true,AI 원문 의미 대조(인간 미확인),해당 보존 보고서의 실제 사건·행동·결말과 명시 분기 로그 대조. 위반 확정은 그 명시 모순의 판정이며 나머지 모든 통제조건 준수 보증이 아님.,보존 Root 입력이 사용되었다는 조건부 대조; 당시 첨부 바이트 동일성 미확정,true
SUP-NARR-PER-12-03,PER-12,3,The UN Mask,P-FINAL-LINK,runs/raw_logs/Perplexity_RAG/12. Strategic Decision Modeling for Cuban Missile Cris.pdf,26-27,21-22,FINAL,보고서 3,"UN Report certified de-militarization, hiding residual strategic assets.",수치 검산 대상이 아닌 분기 사건·선택의 원문 승계,위반,"서사 p.26: UN Report certified de-militarization, hiding residual strategic assets. | 로그 p.22: Secret Turkey-Cuba missile swap framework.","실제 마지막 외교 로그는 UN-Supervised Disarmament Proposal/Multilateral Ceasefire Summit과 휴전 결의·비밀 교환 틀이다. 최종은 그보다 앞 Turn 3에 철수 합의를 확정하고, 실제 로그에 없는 Cuba 중립 의무와 전략 자산 잔존을 은폐한 UN 비무장 인증서를 완료된 사실로 추가한다. 합의 틀·검증 파견과 허위 비무장 인증은 구별되어야 한다.",,true,true,AI 원문 의미 대조(인간 미확인),해당 보존 보고서의 실제 사건·행동·결말과 명시 분기 로그 대조. 위반 확정은 그 명시 모순의 판정이며 나머지 모든 통제조건 준수 보증이 아님.,보존 Root 입력이 사용되었다는 조건부 대조; 당시 첨부 바이트 동일성 미확정,true
SUP-NARR-PER-07-01,PER-07,1,The Thin Line of Control,P-FINAL-LINK,runs/raw_logs/Perplexity_RAG/7. Strategic Decision Modeling_ Soviet Missile Deploy.pdf,17-20,13-14,FINAL,보고서 1,Turn 2: The U-2 Reckoning,수치 검산 대상이 아닌 분기 사건·선택의 원문 승계,위반,서사 p.18: Turn 2: The U-2 Reckoning | 로그 p.14: Actions: US Turkey freeze / USSR construction halt,"최종 Turkey freeze/건설 중단 선택과 교착 결말은 실제 마지막 로그와 대응한다. 그러나 서사는 U-2 격추를 Turn 2, B-59/DEFCON 2를 Turn 3의 원인으로 두고 그 뒤 새 Turn 4 타협을 만든다. 실제 격추는 Turn 3, B-59 묶음에 대응한 타협 선택은 같은 Turn 4이다. 최종 타협의 일치와 중간 고정 사건 승계의 위반을 분리한다.",,true,true,AI 원문 의미 대조(인간 미확인),해당 보존 보고서의 실제 사건·행동·결말과 명시 분기 로그 대조. 위반 확정은 그 명시 모순의 판정이며 나머지 모든 통제조건 준수 보증이 아님.,보존 Root 입력이 사용되었다는 조건부 대조; 당시 첨부 바이트 동일성 미확정,true
SUP-NARR-PER-07-02,PER-07,2,The Trench of No Return,P-FINAL-LINK,runs/raw_logs/Perplexity_RAG/7. Strategic Decision Modeling_ Soviet Missile Deploy.pdf,20-22,14-15,FINAL,보고서 2,"Khrushchev: Calls back missile launches at last hour, citing unacceptable destruction.",수치 검산 대상이 아닌 분기 사건·선택의 원문 승계,위반,"서사 p.21: Khrushchev: Calls back missile launches at last hour, citing unacceptable destruction. | 로그 p.15: Actions: US amphibious assault / USSR nuke deployment","실제 강경 로그는 Amphibious assault/nuke deployment이고 추가 대안은 ultimatum/warhead withdrawal 또는 nuclear sorties/counterforce protocol이다. 최종 서사는 후자의 핵 출격·발사 프로토콜에 주경로 상륙을 연결한 뒤, 로그에 없는 Kennedy 승인 거절과 Khrushchev 발사 취소로 핵교환을 막았다고 한다. 가능한 위험이 실현되지 않았다는 사실만을 위반 처리한 것이 아니라 완료된 발사 취소라는 새 핵심 선택을 발명한 판정이다.",,true,true,AI 원문 의미 대조(인간 미확인),해당 보존 보고서의 실제 사건·행동·결말과 명시 분기 로그 대조. 위반 확정은 그 명시 모순의 판정이며 나머지 모든 통제조건 준수 보증이 아님.,보존 Root 입력이 사용되었다는 조건부 대조; 당시 첨부 바이트 동일성 미확정,true
SUP-NARR-PER-07-03,PER-07,3,The Mended Rift,P-FINAL-LINK,runs/raw_logs/Perplexity_RAG/7. Strategic Decision Modeling_ Soviet Missile Deploy.pdf,22-24,16-17,FINAL,보고서 3,Cuban Militia: Attempt sabotage; Soviets demote Castro to placate U.S.,수치 검산 대상이 아닌 분기 사건·선택의 원문 승계,위반,서사 p.23: Cuban Militia: Attempt sabotage; Soviets demote Castro to placate U.S. | 로그 p.16: Actions: US accept inspections / USSR IRBM withdrawal,"검증 수용/IRBM 철수와 제한 완화 결말은 해당 로그와 대응한다. 다만 최종 서사는 B-59를 Turn 3로 앞당기고, 검증 단계에 소련이 Castro를 강등시켰다는 완료된 핵심 정치 사건을 추가한다. 원로그는 Cuban Defiance 가능성 및 별도 대안의 Khrushchev 축출 위험이지 Castro 강등 실행이 아니다. 국제정세 전망이나 감정적 수사를 금지한 판정이 아니다.",,true,true,AI 원문 의미 대조(인간 미확인),해당 보존 보고서의 실제 사건·행동·결말과 명시 분기 로그 대조. 위반 확정은 그 명시 모순의 판정이며 나머지 모든 통제조건 준수 보증이 아님.,보존 Root 입력이 사용되었다는 조건부 대조; 당시 첨부 바이트 동일성 미확정,true
SUP-NARR-PER-08-01,PER-08,1,Shadows of Escalation,P-FINAL-LINK,runs/raw_logs/Perplexity_RAG/8. U.S. Strategic Alternatives.pdf,17-18,14-15,FINAL,보고서 1,USSR: High Command authorizes tactical nukes for beach defenses.,수치 검산 대상이 아닌 분기 사건·선택의 원문 승계,위반,서사 p.18: USSR: High Command authorizes tactical nukes for beach defenses. | 로그 p.15: Most Plausible: US Limited Strikes + Soviet Ceasefire Offer,"최종 결정 단계는 미국 제한 SAM 공습/소련 전술핵 배치 승인인데, 실제 주조합은 Limited Strikes/Ceasefire Offer, 추가 조합은 Full Escalation/Nuclear Alert이다. 서로 다른 두 쌍의 한쪽 행동을 결합한 후 부분 미사일 철수 결말까지 붙인다. 단순 핵무기 준비 표현이 아니라 실제 기록된 양국 선택쌍의 대응과 철수 결과 근거가 깨진다.",,true,true,AI 원문 의미 대조(인간 미확인),해당 보존 보고서의 실제 사건·행동·결말과 명시 분기 로그 대조. 위반 확정은 그 명시 모순의 판정이며 나머지 모든 통제조건 준수 보증이 아님.,보존 Root 입력이 사용되었다는 조건부 대조; 당시 첨부 바이트 동일성 미확정,true
SUP-NARR-PER-08-02,PER-08,2,Crisis of Command,P-FINAL-LINK,runs/raw_logs/Perplexity_RAG/8. U.S. Strategic Alternatives.pdf,19-20,15-16,FINAL,보고서 2,Result: General war narrowly avoided by Kennedy’s last-minute stand-down order.,수치 검산 대상이 아닌 분기 사건·선택의 원문 승계,위반,서사 p.19: Result: General war narrowly avoided by Kennedy’s last-minute stand-down order. | 로그 p.16: Most Plausible: US Invasion + Soviet Tactical Nukes,"침공·해변 전술핵 사용은 해당 Turn 4 주조합과 일치한다. 그러나 최종 서사는 그 뒤 Kennedy의 마지막 철수 명령으로 일반전쟁을 막았다고 새로운 완료 행동을 추가한다. 로그의 다른 대안은 침공 전 Ultimatum/Capitulation이며, 핵사용 후 철수 명령이 아니다. 핵전쟁 회피 결말을 만드는 결정적 선택이 로그에 없으므로 위반이다.",,true,true,AI 원문 의미 대조(인간 미확인),해당 보존 보고서의 실제 사건·행동·결말과 명시 분기 로그 대조. 위반 확정은 그 명시 모순의 판정이며 나머지 모든 통제조건 준수 보증이 아님.,보존 Root 입력이 사용되었다는 조건부 대조; 당시 첨부 바이트 동일성 미확정,true
SUP-NARR-PER-08-03,PER-08,3,The Mended Rift,P-FINAL-LINK,runs/raw_logs/Perplexity_RAG/8. U.S. Strategic Alternatives.pdf,20-21,16-17,FINAL,보고서 3,"Khrushchev ousted for ""capitulation.""",수치 검산 대상이 아닌 분기 사건·선택의 원문 승계,위반,"서사 p.21: Khrushchev ousted for ""capitulation."" | 로그 p.16: Most Plausible: US Turkey Offer + Soviet Inspections Deal","Turkey offer/검증 합의라는 평화 방향은 로그와 대응한다. 하지만 최종 서사의 Khrushchev 축출·Brezhnev 지도부 안정은 이 분기 로그의 결말이 아니다. 해당 로그는 보장부 검증 수용과 High Command non-compliance 가능성, 추가 대안은 검증 요구/미사일 가속이며 Khrushchev ousted는 다른 강경 분기 무조건 철수 대안에 붙은 트리거였다. 다른 분기의 정치 결말을 옮긴 위반이다.",,true,true,AI 원문 의미 대조(인간 미확인),해당 보존 보고서의 실제 사건·행동·결말과 명시 분기 로그 대조. 위반 확정은 그 명시 모순의 판정이며 나머지 모든 통제조건 준수 보증이 아님.,보존 Root 입력이 사용되었다는 조건부 대조; 당시 첨부 바이트 동일성 미확정,true
SUP-NARR-PER-09-01,PER-09,1,Maelstrom Protocol / The Brink of Annihilation,P-FINAL-LINK,runs/raw_logs/Perplexity_RAG/9. You are a tool for modeling strategic decisions. A.pdf,20-21,16,FINAL,보고서 1,Military: Full-scale nuclear war devastates both nations.,수치 검산 대상이 아닌 분기 사건·선택의 원문 승계,위반,서사 p.21: Military: Full-scale nuclear war devastates both nations. | 로그 p.16: Soviet Action: Tactical nuclear deployment in Cuba,실제 첫 분기 마지막 주로그는 미국 침공/소련 전술핵 배치이고 그 트리거는 Military Conflict Risk이다. 추가 로그는 공습/비밀 교환 제안이다. 최종 서사는 공습→실제 전술핵 사용→전면 핵교환으로 확정하고 양국 붕괴를 서술한다. 전면 핵공격/보복이 실제 선택된 둘째 분기의 결말을 첫 분기의 배치·위험 단계에 확대했다.,,true,true,AI 원문 의미 대조(인간 미확인),해당 보존 보고서의 실제 사건·행동·결말과 명시 분기 로그 대조. 위반 확정은 그 명시 모순의 판정이며 나머지 모든 통제조건 준수 보증이 아님.,보존 Root 입력이 사용되었다는 조건부 대조; 당시 첨부 바이트 동일성 미확정,true
SUP-NARR-PER-09-02,PER-09,2,Iron Curtain Gambit / The Hawks’ Gambit,P-FINAL-LINK,runs/raw_logs/Perplexity_RAG/9. You are a tool for modeling strategic decisions. A.pdf,21-23,17-18,FINAL,보고서 2,USSR: Proposes Turkey missile swap; Khrushchev uses Presidium diplomacy channels.,수치 검산 대상이 아닌 분기 사건·선택의 원문 승계,위반,서사 p.22: USSR: Proposes Turkey missile swap; Khrushchev uses Presidium diplomacy channels. | 로그 p.17: U.S. Action: Preemptive nuclear strike on USSR,"전면 핵전쟁 결말은 해당 강경 최종 로그에 실제 선제 핵공격/전면 보복이 있어 지지된다. 그러나 서사의 초기 행동은 quarantine/검증·Turkey swap으로 시작해 그 다음 바로 침공과 핵보복으로 끝난다. 강경 경로의 이미 선택된 공습/전진 배치를 외교 분기 초기 선택으로 바꾸고, Turn 4 미국의 USSR 선제 핵공격을 소련 해변 핵사용 뒤 미국 반격으로 순서를 뒤집었다.",,true,true,AI 원문 의미 대조(인간 미확인),해당 보존 보고서의 실제 사건·행동·결말과 명시 분기 로그 대조. 위반 확정은 그 명시 모순의 판정이며 나머지 모든 통제조건 준수 보증이 아님.,보존 Root 입력이 사용되었다는 조건부 대조; 당시 첨부 바이트 동일성 미확정,true
SUP-NARR-PER-09-03,PER-09,3,Moscow Accord / The Mended Rift,P-FINAL-LINK,runs/raw_logs/Perplexity_RAG/9. You are a tool for modeling strategic decisions. A.pdf,23-24,18-19,FINAL,보고서 3,Military: Both stand down; Cuba remains socialist without strategic threat.,수치 검산 대상이 아닌 분기 사건·선택의 원문 승계,위반,서사 p.24: Military: Both stand down; Cuba remains socialist without strategic threat. | 로그 p.18: Soviet Action: Withdraw non-nuclear assets,"최종 외교 서사는 비밀 Turkey 교환 합의로 양국 모두 경계를 해제하고 Cuba의 전략 위협이 제거됐다고 적는다. 실제 마지막 주조합은 24-hour ultimatum/비핵 자산 철수, 추가 조합은 UN missile removal/소련 전술핵 경계이며 핵전쟁 위험·외교 실패가 남는다. 비핵 자산 철수를 전략 핵위협 제거와 상호 완전 해제로 바꾼 것은 제안의 서사적 확장을 넘는 실질 결말 불일치다.",,true,true,AI 원문 의미 대조(인간 미확인),해당 보존 보고서의 실제 사건·행동·결말과 명시 분기 로그 대조. 위반 확정은 그 명시 모순의 판정이며 나머지 모든 통제조건 준수 보증이 아님.,보존 Root 입력이 사용되었다는 조건부 대조; 당시 첨부 바이트 동일성 미확정,true
SUP-NARR-PER-04-01,PER-04,1,The Brinkmanship Tango,P-FINAL-LINK,runs/raw_logs/Perplexity_RAG/4. Strategic Alternatives & Conflict Scenarios.pdf,16-18,13-14,FINAL,보고서 1,"U.S. Action: Authorizes high-temperature surveillance, risking accidental conflict.",수치 검산 대상이 아닌 분기 사건·선택의 원문 승계,위반,"서사 p.17: U.S. Action: Authorizes high-temperature surveillance, risking accidental conflict. | 로그 p.14: Soviet Action: Comply & Prove Compliance","완결된 첫 서사의 마지막 Turn 4는 미국 위험한 감시 승인/소련 전술 보복 준비로 구성된다. 실제 주경로 Turn 4의 선택은 Sustain DEFCON 2 & Maintain Blockade/Comply & Prove Compliance이다. 실제 선택한 소련 준수 입증 대신 검토용 전술공격 준비 대안을 결말 행동으로 바꾸고, U-2 보복공습을 앞 단계 Turn 2로 당겼다. 미완결은 뒤 두 번째 보고서에 적용하며 첫 보고서의 명시 모순을 판정 불가로 확장하지 않았다.",,true,true,AI 원문 의미 대조(인간 미확인),해당 보존 보고서의 실제 사건·행동·결말과 명시 분기 로그 대조. 위반 확정은 그 명시 모순의 판정이며 나머지 모든 통제조건 준수 보증이 아님.,보존 Root 입력이 사용되었다는 조건부 대조; 당시 첨부 바이트 동일성 미확정,true
SUP-NARR-PER-04-02,PER-04,2,The Firestorm Path,P-FINAL-LINK,runs/raw_logs/Perplexity_RAG/4. Strategic Alternatives & Conflict Scenarios.pdf,18,14-15,FINAL,보고서 2,"Scenario Name: ""The Firestorm Path""",수치 검산 대상이 아닌 분기 사건·선택의 원문 승계,판정 불가,"서사 p.18: Scenario Name: ""The Firestorm Path"" | 로그 p.15: U.S. Action: Escalate to DEFCON 1 Preparations","두 번째 보고서는 제목과 Simulation Premise 시작 부분에서 보존 기록이 끊긴다. 대응 강경 로그의 DEFCON 1 준비/수심 폭뢰 보복을 최종 서사가 승계했는지 볼 내용이 없다. 응답 자체가 미완전하여, 완전 응답의 필수 내용 누락 위반과 구분한다.",record_missing_or_incomplete,true,true,AI 원문 의미 대조(인간 미확인),해당 보존 보고서의 실제 사건·행동·결말과 명시 분기 로그 대조. 위반 확정은 그 명시 모순의 판정이며 나머지 모든 통제조건 준수 보증이 아님.,보존 Root 입력이 사용되었다는 조건부 대조; 당시 첨부 바이트 동일성 미확정,true
SUP-NARR-PER-05-01,PER-05,1,The Iron Vise,P-FINAL-LINK,runs/raw_logs/Perplexity_RAG/5. You are a tool for modeling strategic decisions. A.pdf,20-22,"11-12,16-17",FINAL,보고서 1,"U.S. Response: DEFCON 2 declared, strategic bombers scrambled.",수치 검산 대상이 아닌 분기 사건·선택의 원문 승계,위반,"서사 p.21: U.S. Response: DEFCON 2 declared, strategic bombers scrambled. | 로그 p.12: U.S. Action: Target Cuban AAA Sites","최종 서사는 U-2 격추에 미국이 DEFCON 2와 폭격기 경계로 대응하고 직접 대결 없이 장기 교착했다고 서술한다. 실제 그 사건 직후 주경로는 Target Cuban AAA Sites/Mobilize Tactical Nukes를 선택해 공습 Strike를 반영했다. 다음 Turn 4의 군사 경계 유지와 잠수함 신호 일부는 승계했지만, 먼저 실제 선택한 대공시설 보복공습을 경계 격상으로 대체한 모순이다.",,true,true,AI 원문 의미 대조(인간 미확인),해당 보존 보고서의 실제 사건·행동·결말과 명시 분기 로그 대조. 위반 확정은 그 명시 모순의 판정이며 나머지 모든 통제조건 준수 보증이 아님.,보존 Root 입력이 사용되었다는 조건부 대조; 당시 첨부 바이트 동일성 미확정,true
SUP-NARR-PER-05-02,PER-05,2,The Fatal Crescendo / The Doomsday Interchange,P-FINAL-LINK,runs/raw_logs/Perplexity_RAG/5. You are a tool for modeling strategic decisions. A.pdf,22-23,"8-9,13-14,17-18",FINAL,보고서 2,Soviet Retaliation: Limited nuclear strikes on U.S. naval units.,수치 검산 대상이 아닌 분기 사건·선택의 원문 승계,위반,서사 p.22: Soviet Retaliation: Limited nuclear strikes on U.S. naval units. | 로그 p.8: High-Risk Alternative Path (U.S. Air Strike + Soviet Tactical Readiness),"최종 Turn 1부터 소련의 실제 제한 핵타격을 기정사실로 서술하나, 그 첫 분기는 Air Strike/Tactical Readiness이며 실제 핵보복 선택은 Turn 2에서 나타난다. Turn 3의 Launch Full Assault/핵반격 뒤 Turn 4 Invasion Prep/SLBM Alert로 이어진 실제 순서도 서사에서 별도 승계하지 않는다. 핵전쟁 결말 자체는 Turn 2–3 핵사용 로그로 뒷받침되지만 초기 핵준비를 이미 완료된 핵공격으로 바꾼 시점 판정은 위반이다.",,true,true,AI 원문 의미 대조(인간 미확인),해당 보존 보고서의 실제 사건·행동·결말과 명시 분기 로그 대조. 위반 확정은 그 명시 모순의 판정이며 나머지 모든 통제조건 준수 보증이 아님.,보존 Root 입력이 사용되었다는 조건부 대조; 당시 첨부 바이트 동일성 미확정,true
SUP-NARR-PER-05-03,PER-05,3,The Covert Accord / The Hidden Reconcile,P-FINAL-LINK,runs/raw_logs/Perplexity_RAG/5. You are a tool for modeling strategic decisions. A.pdf,23-25,"11,14-15,19",FINAL,보고서 3,Missile Removal: Soviets discreetly ship unused weapons back; U.S. quietly withdraws,수치 검산 대상이 아닌 분기 사건·선택의 원문 승계,위반,서사 p.23: Missile Removal: Soviets discreetly ship unused weapons back; U.S. quietly withdraws | 로그 p.15: U.S. Action: Airstrike on Cuban AA Sites,"비밀 교환과 Turn 4 소련 철수 방향은 로그와 대응한다. 그러나 최종 서사는 Turn 2 비밀 합의 뒤 Turn 3 즉시 철군으로 진행하며, 중간 실제 U-2 격추 및 미국 대공시설 공습을 제거한다. 로그는 Turn 3 미국 Airstrike on Cuban AA Sites를 두 곳에서 일관되게 나타내고 다음 Turn 4에야 Withdrawal을 선택한다. 소련 Turn 3 Backchannel/Covert Readiness 표·본문 충돌과 무관하게 미국 공습을 철군 단계로 바꾼 것은 명시 불일치다.",,true,true,AI 원문 의미 대조(인간 미확인),해당 보존 보고서의 실제 사건·행동·결말과 명시 분기 로그 대조. 위반 확정은 그 명시 모순의 판정이며 나머지 모든 통제조건 준수 보증이 아님.,보존 Root 입력이 사용되었다는 조건부 대조; 당시 첨부 바이트 동일성 미확정,true
SUP-NARR-PER-06-01,PER-06,1,Operational Checkmate,P-FINAL-LINK,runs/raw_logs/Perplexity_RAG/6. Strategic Analysis of Soviet Missile Discovery in.pdf,13-14,"7-8,10-11",FINAL,보고서 1,Final Act: U.S. detects advanced missile site activation.,수치 검산 대상이 아닌 분기 사건·선택의 원문 승계,위반,서사 p.14: Final Act: U.S. detects advanced missile site activation. | 로그 p.8: 1. Tension ↑0.15 (U.S. “Strike”-equivalent response),"서사는 격리→DEFCON 3→미사일 기지 가동 탐지 후 침공을 망설이는 교착으로 전개한다. 실제 Turn 3 U-2 격추 후 Strike-equivalent 대응과 소련 military alert가 최고 긴장의 직접 원인이며, Turn 4에는 B-59/DEFCON 2 후 Invasion Final Prep/Tactical Nuke Readiness가 선택된다. 서사는 해당 격추·보복·최종 선택의 인과를 미사일 가동 탐지로 대체하여 단지 최종 교착의 유사성으로 로그 준수를 인정할 수 없다.",,true,true,AI 원문 의미 대조(인간 미확인),해당 보존 보고서의 실제 사건·행동·결말과 명시 분기 로그 대조. 위반 확정은 그 명시 모순의 판정이며 나머지 모든 통제조건 준수 보증이 아님.,보존 Root 입력이 사용되었다는 조건부 대조; 당시 첨부 바이트 동일성 미확정,true
SUP-NARR-PER-06-02,PER-06,2,Nuclear Hurricane,P-FINAL-LINK,runs/raw_logs/Perplexity_RAG/6. Strategic Analysis of Soviet Missile Discovery in.pdf,14-16,"7-10,11-12",FINAL,보고서 2,Turn 2: U-2 shootdown triggers DEFCON 2.,수치 검산 대상이 아닌 분기 사건·선택의 원문 승계,위반,서사 p.15: Turn 2: U-2 shootdown triggers DEFCON 2. | 로그 p.7: Event: U.S. U-2 reconnaissance plane shot down over Cuba with pilot fatalities.,"U-2 격추와 DEFCON 2/B-59 대응을 Turn 2 사건으로 합치며, 마지막 행동은 미국 침공 망설임/소련 카스트로 핵지원 요청으로 바뀐다. 실제 강경 Turn 4는 미국 Air Strikes/소련 Global Retaliation Readiness이다. 격추는 실제 Turn 3, B-59 묶음은 Turn 4이며, 핵사용 자체를 가정했다는 이유가 아니라 이 실질 사건·선택 대응을 변경한 위반이다.",,true,true,AI 원문 의미 대조(인간 미확인),해당 보존 보고서의 실제 사건·행동·결말과 명시 분기 로그 대조. 위반 확정은 그 명시 모순의 판정이며 나머지 모든 통제조건 준수 보증이 아님.,보존 Root 입력이 사용되었다는 조건부 대조; 당시 첨부 바이트 동일성 미확정,true
SUP-NARR-PER-06-03,PER-06,3,Shadows of Compromise,P-FINAL-LINK,runs/raw_logs/Perplexity_RAG/6. Strategic Analysis of Soviet Missile Discovery in.pdf,16-17,"9-10,12-13",FINAL,보고서 3,"SU: Bessmertny surfaces, triggering public fear.",수치 검산 대상이 아닌 분기 사건·선택의 원문 승계,위반,"서사 p.16: SU: Bessmertny surfaces, triggering public fear. | 로그 p.12: USSR Madman Threat + Withdrawal Prep","서사는 Turn 2에 Bessmertny 잠수함 부상, 최종에는 미사일 기지 완공/카스트로 철수 거부로 전개한다. 실제 해당 분기는 U-2 격추 후 동원, Turn 4 B-59 부상·DEFCON 2 아래 미국 Ignore Diplomacy/소련 Madman Threat + Withdrawal Prep을 선택한다. 실제 고정 잠수함의 정체와 시점이 바뀌고 소련 최종 철수 준비가 서사에서 카스트로 거부로 대체된다. 카스트로 거부는 원로그 트리거에 있지만 이를 선택행동 자체 대신 놓은 불일치는 남는다.",,true,true,AI 원문 의미 대조(인간 미확인),해당 보존 보고서의 실제 사건·행동·결말과 명시 분기 로그 대조. 위반 확정은 그 명시 모순의 판정이며 나머지 모든 통제조건 준수 보증이 아님.,보존 Root 입력이 사용되었다는 조건부 대조; 당시 첨부 바이트 동일성 미확정,true
SUP-NARR-PER-01-01,PER-01,1,The Brinkmanship Ballet,P-FINAL-LINK,runs/raw_logs/Perplexity_RAG/1. Strategic Decision Modeling_ U.S. Discovery of Cub.pdf,17-20,15-17,FINAL,보고서 1,B-59 submarine surfaces under U.S. depth charges.,수치 검산 대상이 아닌 분기 사건·선택의 원문 승계,위반,서사 p.18: B-59 submarine surfaces under U.S. depth charges. | 로그 p.15: Turn 4 Event Analysis: Dual Soviet Signals &,"최종 서사는 B-59 부상 사건을 Turn 2 배경으로, 소련 양면 신호와 DEFCON 2를 Turn 3 배경으로 배치한다. 해당 분기 실제 로그는 두 사건을 Turn 4에서 처리하고 Expand Blockade/Public De-escalation Promise를 선택했다. 최종 서사는 그 선택 대신 Turkey deal/Accelerate readiness를 Turn 3 결말로 결합하며 네 번째 단계의 실제 선택을 승계하지 않았다. 단순 제목 번호가 아니라 사건 시점과 선택쌍의 변경이다.",,true,true,AI 원문 의미 대조(인간 미확인),해당 보존 보고서의 실제 사건·행동·결말과 명시 분기 로그 대조. 위반 확정은 그 명시 모순의 판정이며 나머지 모든 통제조건 준수 보증이 아님.,보존 Root 입력이 사용되었다는 조건부 대조; 당시 첨부 바이트 동일성 미확정,true
SUP-NARR-PER-01-02,PER-01,2,Eyewitness to Escalation,P-FINAL-LINK,runs/raw_logs/Perplexity_RAG/1. Strategic Decision Modeling_ U.S. Discovery of Cub.pdf,20-22,16,FINAL,보고서 2,U.S.: Threaten full invasion.,수치 검산 대상이 아닌 분기 사건·선택의 원문 승계,위반,서사 p.21: U.S.: Threaten full invasion. | 로그 p.16: U.S.: Full-Scale Strike,"최종 보고서는 강경 분기의 마지막 실제 Turn 4 Full-Scale Strike/Accelerate Readiness를 승계하지 않고, Turn 3 Threaten full invasion/Full mobilization에서 전개를 끝낸다. 실행한 전면 공습을 침공 위협 단계로 대체하고 별도 미사일 해체 결말을 덧붙였다. 보존 최종 응답은 보고서 3 및 종결부까지 이어져 이 보고서가 기록 중간에서 잘린 경우가 아니다.",,true,true,AI 원문 의미 대조(인간 미확인),해당 보존 보고서의 실제 사건·행동·결말과 명시 분기 로그 대조. 위반 확정은 그 명시 모순의 판정이며 나머지 모든 통제조건 준수 보증이 아님.,보존 Root 입력이 사용되었다는 조건부 대조; 당시 첨부 바이트 동일성 미확정,true
SUP-NARR-PER-01-03,PER-01,3,Diplomatic Echo Chamber,P-FINAL-LINK,runs/raw_logs/Perplexity_RAG/1. Strategic Decision Modeling_ U.S. Discovery of Cub.pdf,22-25,17,FINAL,보고서 3,Outcome: Invaded Cuba; U.S. achieves missile removal but at high political cost. Castro,수치 검산 대상이 아닌 분기 사건·선택의 원문 승계,위반,서사 p.24: Outcome: Invaded Cuba; U.S. achieves missile removal but at high political cost. Castro | 로그 p.17: USSR: Propose Joint Inspection,외교 분기 실제 Turn 4는 Secret Turkey Deal/Propose Joint Inspection이며 침공·카스트로 전복이 발생한 로그가 아니다. 최종 서사는 Turn 3 Amphibious assault/Limited retaliation와 침공에 의한 미사일 제거·카스트로 전복을 완료된 사실로 서술한다. 협상 제안 분기를 군사 점령 결말로 바꾼 실질 모순이다.,,true,true,AI 원문 의미 대조(인간 미확인),해당 보존 보고서의 실제 사건·행동·결말과 명시 분기 로그 대조. 위반 확정은 그 명시 모순의 판정이며 나머지 모든 통제조건 준수 보증이 아님.,보존 Root 입력이 사용되었다는 조건부 대조; 당시 첨부 바이트 동일성 미확정,true
SUP-NARR-PER-02-01,PER-02,1,The Burning Brink,P-FINAL-LINK,runs/raw_logs/Perplexity_RAG/2. Strategic Options Analysis_ U.S. Discovery of Sovi.pdf,20-23,"11-12,16-17",FINAL,보고서 1,Kennedy: Rejected strikes due to State Department’s insistence on maintaining international,수치 검산 대상이 아닌 분기 사건·선택의 원문 승계,위반,서사 p.22: Kennedy: Rejected strikes due to State Department’s insistence on maintaining international | 로그 p.12: U.S.: Retaliatory SAM Strikes,U-2 격추 후 실제 주경로의 선택은 Retaliatory SAM Strikes/Deny Responsibility이다. 최종 보고서는 같은 사건 뒤 Kennedy가 공습을 거절했다고 명시한다. 번호를 0부터 재배치한 사실 자체가 아니라 실제 선택된 보복공습의 승인/거절이 반대로 바뀐 것을 위반으로 판정한다.,,true,true,AI 원문 의미 대조(인간 미확인),해당 보존 보고서의 실제 사건·행동·결말과 명시 분기 로그 대조. 위반 확정은 그 명시 모순의 판정이며 나머지 모든 통제조건 준수 보증이 아님.,보존 Root 입력이 사용되었다는 조건부 대조; 당시 첨부 바이트 동일성 미확정,true
SUP-NARR-PER-02-02,PER-02,2,Crisis Collision,P-FINAL-LINK,runs/raw_logs/Perplexity_RAG/2. Strategic Options Analysis_ U.S. Discovery of Sovi.pdf,23,18,FINAL,보고서 2,Events: Cuban resistance escalation. JCS pushed invasion → Kennedy delayed.,수치 검산 대상이 아닌 분기 사건·선택의 원문 승계,위반,서사 p.23: Events: Cuban resistance escalation. JCS pushed invasion → Kennedy delayed. | 로그 p.18: U.S.: Full-Scale Invasion,"강경 분기 Turn 4 실제 선택 Full-Scale Invasion/First-Strike Readiness와 달리, 최종 서사는 Kennedy가 침공을 지연시킨 것으로 결말을 설명한다. 최종 Turn 4에 별도 침공 연기 행동쌍이 제시되지 않았으며 보고서는 핵준비/마지막 수단 프로토콜까지만 승계한다. 준비와 실행의 차이를 삭제하여 선택 내용을 바꿨다.",,true,true,AI 원문 의미 대조(인간 미확인),해당 보존 보고서의 실제 사건·행동·결말과 명시 분기 로그 대조. 위반 확정은 그 명시 모순의 판정이며 나머지 모든 통제조건 준수 보증이 아님.,보존 Root 입력이 사용되었다는 조건부 대조; 당시 첨부 바이트 동일성 미확정,true
SUP-NARR-PER-02-03,PER-02,3,The Mended Rift,P-FINAL-LINK,runs/raw_logs/Perplexity_RAG/2. Strategic Options Analysis_ U.S. Discovery of Sovi.pdf,24-25,"14-15,19-20",FINAL,보고서 3,2 Phased missile withdrawal Castro resistance muted,수치 검산 대상이 아닌 분기 사건·선택의 원문 승계,위반,서사 p.24: 2 Phased missile withdrawal Castro resistance muted | 로그 p.15: U.S.: Missile Deal Proposal,"서사는 세 번째 단계에 이미 phased missile withdrawal, 마지막 단계에 final disarmament/모든 위협의 영구 제거를 완료 사실로 둔다. 실제 해당 분기는 Turn 3 Missile Deal Proposal/Limited Access 및 Turn 4 Public Missile Trade/Missile-for-Warheads Offer 뒤 일정 절충과 제한된 UN 검증의 결과이다. 제안·제한 접근·검증 과제를 완료된 전면 철군/영구 무력화로 강화하고, 실제 U-2 및 B-59 사건에 대한 해당 분기 선택을 서사 전개에서 누락한다.",,true,true,AI 원문 의미 대조(인간 미확인),해당 보존 보고서의 실제 사건·행동·결말과 명시 분기 로그 대조. 위반 확정은 그 명시 모순의 판정이며 나머지 모든 통제조건 준수 보증이 아님.,보존 Root 입력이 사용되었다는 조건부 대조; 당시 첨부 바이트 동일성 미확정,true
SUP-NARR-PER-03-01,PER-03,1,The Brink of Collapse,P-FINAL-LINK,runs/raw_logs/Perplexity_RAG/3. You are a tool for modeling strategic decisions. A.pdf,14-15,8-11,FINAL,보고서 1,Soviet: Issues nuclear readiness orders for submarines (B-59 incident).,수치 검산 대상이 아닌 분기 사건·선택의 원문 승계,위반,서사 p.14: Soviet: Issues nuclear readiness orders for submarines (B-59 incident). | 로그 p.10: Turn 4 Event Analysis: Simultaneous De-escalation & War Preparations,최종 Turn 3의 U-2 격추 대응에서 B-59 사건을 이미 발생한 원인으로 사용한다. 실제 Turn 3 소련 행동은 Full Scramble Alert이고 B-59 사건은 Turn 4 고정 사건으로 그 다음 대응 근거에 들어간다. 공습→최고 경계→전쟁 회피라는 큰 흐름 일부는 일치하지만 B-59를 앞당긴 사건 승계는 불일치한다.,,true,true,AI 원문 의미 대조(인간 미확인),해당 보존 보고서의 실제 사건·행동·결말과 명시 분기 로그 대조. 위반 확정은 그 명시 모순의 판정이며 나머지 모든 통제조건 준수 보증이 아님.,보존 Root 입력이 사용되었다는 조건부 대조; 당시 첨부 바이트 동일성 미확정,true
SUP-NARR-PER-03-02,PER-03,2,The Hardline Gambit,P-FINAL-LINK,runs/raw_logs/Perplexity_RAG/3. You are a tool for modeling strategic decisions. A.pdf,15-17,9-12,FINAL,보고서 2,U.S.: Targets subs with limited strikes.,수치 검산 대상이 아닌 분기 사건·선택의 원문 승계,판정 불가,서사 p.16: U.S.: Targets subs with limited strikes. | 로그 p.12: 2. Targeted Submarine Attacks,"서사의 공습→침공 준비→제한 잠수함 공격 및 핵 보복 준비 결말은 실제 강경 대안군과 대응한다. 다만 Turn 4 표의 추가 쌍은 Targeted Attacks/Tactical Nuclear Depot, 본문 소련 두 번째 대안은 Last-Resort Submarine Authorization으로 서로 다르게 적혀 있으며, 서사의 추가 camouflage가 어느 조합을 승계한 것인지 불명확하다. most 침공과 다르다는 이유만으로 위반 처리하지 않고 실제 대안 로그 내부 대응 불명확성으로 보류한다.",rule_ambiguous,true,true,AI 원문 의미 대조(인간 미확인),해당 보존 보고서의 실제 사건·행동·결말과 명시 분기 로그 대조. 위반 확정은 그 명시 모순의 판정이며 나머지 모든 통제조건 준수 보증이 아님.,보존 Root 입력이 사용되었다는 조건부 대조; 당시 첨부 바이트 동일성 미확정,true
SUP-NARR-PER-03-03,PER-03,3,The Diplomatic Window,P-FINAL-LINK,runs/raw_logs/Perplexity_RAG/3. You are a tool for modeling strategic decisions. A.pdf,17-19,"9-10,13",FINAL,보고서 3,Soviet: Offers missile removal for U.S. Jupiter withdrawal.,수치 검산 대상이 아닌 분기 사건·선택의 원문 승계,위반,서사 p.17: Soviet: Offers missile removal for U.S. Jupiter withdrawal. | 로그 p.10: 1. Immediate Missile Concealment,"서사의 Turn 3 소련 Jupiter 교환 철수 제안은 실제 해당 Turn 3 소련 선택 Immediate Missile Concealment와 다르다. Turn 4에는 Talks/Concealment 주경로와 Public Pressure/Conditional Withdrawal 추가 쌍이 있으나, 서사는 이를 뒤섞어 Turn 3 철수 제안→Turn 4 미국 비밀 합의 수락/소련 실제 철군으로 완결한다. 실제 조합 단위의 행동 시점과 대응쌍을 바꾼 것이며 평화적 결말 자체를 금지한 판정이 아니다.",,true,true,AI 원문 의미 대조(인간 미확인),해당 보존 보고서의 실제 사건·행동·결말과 명시 분기 로그 대조. 위반 확정은 그 명시 모순의 판정이며 나머지 모든 통제조건 준수 보증이 아님.,보존 Root 입력이 사용되었다는 조건부 대조; 당시 첨부 바이트 동일성 미확정,true
