check_id,run_id,report_id,facet_id,domain,requirement_id,source_file,page,log_pages,unit,status,evidence,reason,uncertainty_code,review_completed,human_review_required,assessment_class,source_anchors_verified,denominator_limit
SUP-NFAC-GEM-01-01-T1_QUARANTINE_DENIAL,GEM-01,1,T1_QUARANTINE_DENIAL,행동·조합,P-FINAL-LINK,runs/raw_logs/Gemini_2.5_Flash/1.pdf,25,3,명시적으로 선별하여 대조한 사건·선택·상태·결말 항목,준수,서사: a naval quarantine | 로그: Soviet Action: Deny and Accelerate Deployment.,검역 대 배치 가속이라는 실제 T1 쌍을 보존한다.,,true,true,AI 원문 의미 대조(인간 미확인),true,선별 대조 항목. 전체 문장·전체 행동·120회 모집단 준수율로 일반화 금지.
SUP-NFAC-GEM-01-01-T2_SECRET_TALKS,GEM-01,1,T2_SECRET_TALKS,행동·조합,P-FINAL-LINK,runs/raw_logs/Gemini_2.5_Flash/1.pdf,25,9-10,명시적으로 선별하여 대조한 사건·선택·상태·결말 항목,준수,서사: He signaled a willingness to negotiate. | 로그: Selected Action: Offer a Secret Deal,검문 후 비밀 교섭 개시를 보존한다.,,true,true,AI 원문 의미 대조(인간 미확인),true,선별 대조 항목. 전체 문장·전체 행동·120회 모집단 준수율로 일반화 금지.
SUP-NFAC-GEM-01-01-T3_DEADLINE_DEAL,GEM-01,1,T3_DEADLINE_DEAL,행동·조합,P-FINAL-LINK,runs/raw_logs/Gemini_2.5_Flash/1.pdf,25-26,15-16,명시적으로 선별하여 대조한 사건·선택·상태·결말 항목,준수,서사: demanding the deal be finalized within hours | 로그: Final terms of the missile-for-pledge deal are agreed upon.,격추 후 기한부 압박과 실제 타결이다.,,true,true,AI 원문 의미 대조(인간 미확인),true,선별 대조 항목. 전체 문장·전체 행동·120회 모집단 준수율로 일반화 금지.
SUP-NFAC-GEM-01-01-T4_NAVAL_STANDDOWN,GEM-01,1,T4_NAVAL_STANDDOWN,행동·조합,P-FINAL-LINK,runs/raw_logs/Gemini_2.5_Flash/1.pdf,26,21,명시적으로 선별하여 대조한 사건·선택·상태·결말 항목,준수,서사: broadcast verifiable orders for his fleet to withdraw. | 로그: issues verifiable orders for his submarines to withdraw,최종 위기의 검증 가능한 해군 철수 명령은 실제 로그에 있다.,,true,true,AI 원문 의미 대조(인간 미확인),true,선별 대조 항목. 전체 문장·전체 행동·120회 모집단 준수율로 일반화 금지.
SUP-NFAC-GEM-01-02-T1_AIR_STRIKE,GEM-01,2,T1_AIR_STRIKE,행동·조합,P-FINAL-LINK,runs/raw_logs/Gemini_2.5_Flash/1.pdf,27,6,명시적으로 선별하여 대조한 사건·선택·상태·결말 항목,준수,서사: a surprise air strike was the surest way | 로그: Selected Action: Immediate Air Strikes,공습으로 시작한 군사 경로를 보존한다.,,true,true,AI 원문 의미 대조(인간 미확인),true,선별 대조 항목. 전체 문장·전체 행동·120회 모집단 준수율로 일반화 금지.
SUP-NFAC-GEM-01-02-T2_INVASION_AUTH,GEM-01,2,T2_INVASION_AUTH,행동·조합,P-FINAL-LINK,runs/raw_logs/Gemini_2.5_Flash/1.pdf,27,11,명시적으로 선별하여 대조한 사건·선택·상태·결말 항목,준수,서사: authorize their field commanders to use tactical nuclear weapons | 로그: Selected Action: Authorize Use of Tactical Nuclear Weapons,침공과 전술핵 사용 승인 단계가 명시되어 있다.,,true,true,AI 원문 의미 대조(인간 미확인),true,선별 대조 항목. 전체 문장·전체 행동·120회 모집단 준수율로 일반화 금지.
SUP-NFAC-GEM-01-02-T3_NUCLEAR_BATTLEFIELD,GEM-01,2,T3_NUCLEAR_BATTLEFIELD,실제 사건·순서,P-FINAL-LINK,runs/raw_logs/Gemini_2.5_Flash/1.pdf,28,17,명시적으로 선별하여 대조한 사건·선택·상태·결말 항목,준수,서사: the battlefield was engulfed in the flash of tactical nuclear weapons | 로그: the Soviets have responded with tactical nuclear weapons,T3 로그 문맥 자체에서 이미 발생한 전술핵 전장을 승계한다.,,true,true,AI 원문 의미 대조(인간 미확인),true,선별 대조 항목. 전체 문장·전체 행동·120회 모집단 준수율로 일반화 금지.
SUP-NFAC-GEM-01-02-T4_STRATEGIC_EXCHANGE,GEM-01,2,T4_STRATEGIC_EXCHANGE,최종 결말,P-FINAL-LINK,runs/raw_logs/Gemini_2.5_Flash/1.pdf,28,22,명시적으로 선별하여 대조한 사건·선택·상태·결말 항목,준수,서사: gave the final command | 로그: Selected Action: Execute Full Strategic Strike,T4 실제 전략핵 실행 선택과 대응한다.,,true,true,AI 원문 의미 대조(인간 미확인),true,선별 대조 항목. 전체 문장·전체 행동·120회 모집단 준수율로 일반화 금지.
SUP-NFAC-GEM-01-03-T1_SECRET_CHANNEL,GEM-01,3,T1_SECRET_CHANNEL,행동·조합,P-FINAL-LINK,runs/raw_logs/Gemini_2.5_Flash/1.pdf,29,7,명시적으로 선별하여 대조한 사건·선택·상태·결말 항목,준수,서사: chose to respond to this secret channel immediately | 로그: A secret communication channel is opened to the U.S. executive,초기 비밀 교섭 경로이다.,,true,true,AI 원문 의미 대조(인간 미확인),true,선별 대조 항목. 전체 문장·전체 행동·120회 모집단 준수율로 일반화 금지.
SUP-NFAC-GEM-01-03-T2_QUID_PRO_QUO,GEM-01,3,T2_QUID_PRO_QUO,행동·조합,P-FINAL-LINK,runs/raw_logs/Gemini_2.5_Flash/1.pdf,29,13,명시적으로 선별하여 대조한 사건·선택·상태·결말 항목,준수,서사: a quid pro quo | 로그: Selected Action: Agree to the Quid Pro Quo,미사일 철수 대 불가침 제안·수락의 실제 선택이다.,,true,true,AI 원문 의미 대조(인간 미확인),true,선별 대조 항목. 전체 문장·전체 행동·120회 모집단 준수율로 일반화 금지.
SUP-NFAC-GEM-01-03-T3_IGNORE_AND_FINALIZE,GEM-01,3,T3_IGNORE_AND_FINALIZE,행동·조합,P-FINAL-LINK,runs/raw_logs/Gemini_2.5_Flash/1.pdf,29,19,명시적으로 선별하여 대조한 사건·선택·상태·결말 항목,준수,서사: must not be allowed to derail global peace | 로그: Selected Action: Ignore Incident & Finalize Deal,격추를 이유로 협정을 중단하지 않고 확정한다.,,true,true,AI 원문 의미 대조(인간 미확인),true,선별 대조 항목. 전체 문장·전체 행동·120회 모집단 준수율로 일반화 금지.
SUP-NFAC-GEM-01-03-T4_INCIDENTS_AT_SEA,GEM-01,3,T4_INCIDENTS_AT_SEA,최종 결말,P-FINAL-LINK,runs/raw_logs/Gemini_2.5_Flash/1.pdf,30,24,명시적으로 선별하여 대조한 사건·선택·상태·결말 항목,준수,"서사: an ""Incidents at Sea"" agreement | 로그: agrees to U.S. proposals for permanent de-confliction rules",새 충돌 방지 협정은 T4에서 실제 제안·수락된 내용이다.,,true,true,AI 원문 의미 대조(인간 미확인),true,선별 대조 항목. 전체 문장·전체 행동·120회 모집단 준수율로 일반화 금지.
SUP-NFAC-GEM-30-01-T1_BACKCHANNEL,GEM-30,1,T1_BACKCHANNEL,행동·조합,P-FINAL-LINK,runs/raw_logs/Gemini_2.5_Flash/30.pdf,20,5,명시적으로 선별하여 대조한 사건·선택·상태·결말 항목,준수,서사: agreeing to secret backchannel talks | 로그: Use Backchannels for Negotiation,검역에 소련이 비밀 교섭으로 응답하는 실제 초기 쌍이다.,,true,true,AI 원문 의미 대조(인간 미확인),true,선별 대조 항목. 전체 문장·전체 행동·120회 모집단 준수율로 일반화 금지.
SUP-NFAC-GEM-30-01-T2_LEVERAGE,GEM-30,1,T2_LEVERAGE,행동·조합,P-FINAL-LINK,runs/raw_logs/Gemini_2.5_Flash/30.pdf,20,8,명시적으로 선별하여 대조한 사건·선택·상태·결말 항목,준수,서사: a powerful lever in the ongoing secret negotiations | 로그: Press Advantage in Negotiations,검문 성공을 후속 교섭 압박에 사용한 실제 미국 행동이다.,,true,true,AI 원문 의미 대조(인간 미확인),true,선별 대조 항목. 전체 문장·전체 행동·120회 모집단 준수율로 일반화 금지.
SUP-NFAC-GEM-30-01-T3_ULTIMATUM,GEM-30,1,T3_ULTIMATUM,행동·조합,P-FINAL-LINK,runs/raw_logs/Gemini_2.5_Flash/30.pdf,21,12,명시적으로 선별하여 대조한 사건·선택·상태·결말 항목,준수,"서사: a final, short-fuse ultimatum | 로그: Issue Final, Short-Fuse Ultimatum",격추 후 실제 최후통첩 선택을 승계한다.,,true,true,AI 원문 의미 대조(인간 미확인),true,선별 대조 항목. 전체 문장·전체 행동·120회 모집단 준수율로 일반화 금지.
SUP-NFAC-GEM-30-01-T4_SIGNAL,GEM-30,1,T4_SIGNAL,행동·조합,P-FINAL-LINK,runs/raw_logs/Gemini_2.5_Flash/30.pdf,21,16,명시적으로 선별하여 대조한 사건·선택·상태·결말 항목,준수,서사: Soviet message of de-escalation | 로그: Issue De-escalation Orders,마지막 완화 명령 신호 자체는 실제 행동이다. 그 뒤 합의 완료는 별도 V다.,,true,true,AI 원문 의미 대조(인간 미확인),true,선별 대조 항목. 전체 문장·전체 행동·120회 모집단 준수율로 일반화 금지.
SUP-NFAC-GEM-30-02-T1_STRIKE,GEM-30,2,T1_STRIKE,행동·조합,P-FINAL-LINK,runs/raw_logs/Gemini_2.5_Flash/30.pdf,22,6,명시적으로 선별하여 대조한 사건·선택·상태·결말 항목,준수,서사: U.S. air strike on the Cuban missile sites | 로그: Selected Action: Immediate Air Strike,초기 공습 경로이다.,,true,true,AI 원문 의미 대조(인간 미확인),true,선별 대조 항목. 전체 문장·전체 행동·120회 모집단 준수율로 일반화 금지.
SUP-NFAC-GEM-30-02-T2_RETALIATION,GEM-30,2,T2_RETALIATION,행동·조합,P-FINAL-LINK,runs/raw_logs/Gemini_2.5_Flash/30.pdf,22,9,명시적으로 선별하여 대조한 사건·선택·상태·결말 항목,준수,서사: the Soviet Union launched retaliatory strikes. | 로그: Execute Massive Retaliation,T2 소련 대규모 보복은 실제 선택이다.,,true,true,AI 원문 의미 대조(인간 미확인),true,선별 대조 항목. 전체 문장·전체 행동·120회 모집단 준수율로 일반화 금지.
SUP-NFAC-GEM-30-02-T3_INVASION_AUTH,GEM-30,2,T3_INVASION_AUTH,행동·조합,P-FINAL-LINK,runs/raw_logs/Gemini_2.5_Flash/30.pdf,23,13,명시적으로 선별하여 대조한 사건·선택·상태·결말 항목,준수,서사: The decision was made to commit ground troops to an invasion of Cuba. | 로그: Authorize Full-Scale Invasion,침공 승인을 같은 T3에서 서술한다.,,true,true,AI 원문 의미 대조(인간 미확인),true,선별 대조 항목. 전체 문장·전체 행동·120회 모집단 준수율로 일반화 금지.
SUP-NFAC-GEM-30-02-T4_DEESCALATION,GEM-30,2,T4_DEESCALATION,행동·조합,P-FINAL-LINK,runs/raw_logs/Gemini_2.5_Flash/30.pdf,23,17,명시적으로 선별하여 대조한 사건·선택·상태·결말 항목,준수,서사: tried to signal a desire to de-escalate. | 로그: Selected Action: Issue De-escalation Orders,소련의 마지막 완화 시도가 실제 원 행동이다. 핵사용 여부와 구분한다.,,true,true,AI 원문 의미 대조(인간 미확인),true,선별 대조 항목. 전체 문장·전체 행동·120회 모집단 준수율로 일반화 금지.
SUP-NFAC-GEM-30-03-T1_DENIAL,GEM-30,3,T1_DENIAL,행동·조합,P-FINAL-LINK,runs/raw_logs/Gemini_2.5_Flash/30.pdf,24,7,명시적으로 선별하여 대조한 사건·선택·상태·결말 항목,준수,서사: outright denial and deception | 로그: Selected Action: Deny and Delay,초기 소련 부인과 지연의 실제 반응을 승계한다.,,true,true,AI 원문 의미 대조(인간 미확인),true,선별 대조 항목. 전체 문장·전체 행동·120회 모집단 준수율로 일반화 금지.
SUP-NFAC-GEM-30-03-T2_BLOCKADE,GEM-30,3,T2_BLOCKADE,행동·조합,P-FINAL-LINK,runs/raw_logs/Gemini_2.5_Flash/30.pdf,24,10,명시적으로 선별하여 대조한 사건·선택·상태·결말 항목,준수,서사: implemented a naval blockade | 로그: implementing the blockade,교섭 실패 뒤 미국 봉쇄는 실제 후속 전환이다.,,true,true,AI 원문 의미 대조(인간 미확인),true,선별 대조 항목. 전체 문장·전체 행동·120회 모집단 준수율로 일반화 금지.
SUP-NFAC-GEM-30-03-T3_AIRSTRIKES,GEM-30,3,T3_AIRSTRIKES,행동·조합,P-FINAL-LINK,runs/raw_logs/Gemini_2.5_Flash/30.pdf,25,14,명시적으로 선별하여 대조한 사건·선택·상태·결말 항목,준수,서사: The order was given for retaliatory air strikes | 로그: Authorize Retaliatory Air Strikes,격추 후 미국 보복 공습 승인과 대응한다.,,true,true,AI 원문 의미 대조(인간 미확인),true,선별 대조 항목. 전체 문장·전체 행동·120회 모집단 준수율로 일반화 금지.
SUP-NFAC-GEM-30-03-T4_DEFCON,GEM-30,3,T4_DEFCON,행동·조합,P-FINAL-LINK,runs/raw_logs/Gemini_2.5_Flash/30.pdf,25,18,명시적으로 선별하여 대조한 사건·선택·상태·결말 항목,준수,서사: escalated its readiness to DEFCON 2. | 로그: Selected Action: Issue DEFCON 2,마지막 실제 경보 격상을 승계한다. 뒤 침공·핵발사 확정은 별도 V다.,,true,true,AI 원문 의미 대조(인간 미확인),true,선별 대조 항목. 전체 문장·전체 행동·120회 모집단 준수율로 일반화 금지.
SUP-NFAC-GEM-29-01-T1_DENIAL,GEM-29,1,T1_DENIAL,행동·조합,P-FINAL-LINK,runs/raw_logs/Gemini_2.5_Flash/29.pdf,20,4,명시적으로 선별하여 대조한 사건·선택·상태·결말 항목,준수,서사: denial and deception | 로그: Deny Presence of Offensive Missiles and Place Forces on Alert.,초기 소련 부인·경보 선택을 승계한다.,,true,true,AI 원문 의미 대조(인간 미확인),true,선별 대조 항목. 전체 문장·전체 행동·120회 모집단 준수율로 일반화 금지.
SUP-NFAC-GEM-29-01-T2_BACKCHANNEL,GEM-29,1,T2_BACKCHANNEL,행동·조합,P-FINAL-LINK,runs/raw_logs/Gemini_2.5_Flash/29.pdf,20,8,명시적으로 선별하여 대조한 사건·선택·상태·결말 항목,준수,서사: He authorized a secret backchannel communication. | 로그: authorize a secret backchannel to propose a diplomatic resolution,미국 비밀 교섭 개시가 실제 T2 행동이다.,,true,true,AI 원문 의미 대조(인간 미확인),true,선별 대조 항목. 전체 문장·전체 행동·120회 모집단 준수율로 일반화 금지.
SUP-NFAC-GEM-29-01-T3_SAM_STRIKE,GEM-29,1,T3_SAM_STRIKE,행동·조합,P-FINAL-LINK,runs/raw_logs/Gemini_2.5_Flash/29.pdf,21,12,명시적으로 선별하여 대조한 사건·선택·상태·결말 항목,준수,서사: he chose a limited retaliatory strike on the responsible | 로그: Execute a limited retaliatory air strike against the responsible SAM missile battery,실제 제한 보복과 최후통첩 쌍을 연결한다.,,true,true,AI 원문 의미 대조(인간 미확인),true,선별 대조 항목. 전체 문장·전체 행동·120회 모집단 준수율로 일반화 금지.
SUP-NFAC-GEM-29-01-T4_RECIPROCAL_DEAL,GEM-29,1,T4_RECIPROCAL_DEAL,결말·전환,P-FINAL-LINK,runs/raw_logs/Gemini_2.5_Flash/29.pdf,21,16,명시적으로 선별하여 대조한 사건·선택·상태·결말 항목,준수,서사: Khrushchev's frantic acceptance of the U.S. terms was received | 로그: Acknowledge Soviet acceptance of the ultimatum.,마지막 수락 인정과 상호 완화는 실제 선택이다.,,true,true,AI 원문 의미 대조(인간 미확인),true,선별 대조 항목. 전체 문장·전체 행동·120회 모집단 준수율로 일반화 금지.
SUP-NFAC-GEM-29-02-T1_STRIKE,GEM-29,2,T1_STRIKE,행동·조합,P-FINAL-LINK,runs/raw_logs/Gemini_2.5_Flash/29.pdf,23,5,명시적으로 선별하여 대조한 사건·선택·상태·결말 항목,준수,"서사: a swift, decisive air strike against the Cuban missile sites | 로그: Launch Immediate Air Strikes Against Missile Sites.",초기 공습 부모와 대응한다.,,true,true,AI 원문 의미 대조(인간 미확인),true,선별 대조 항목. 전체 문장·전체 행동·120회 모집단 준수율로 일반화 금지.
SUP-NFAC-GEM-29-02-T2_AUTHORIZATION,GEM-29,2,T2_AUTHORIZATION,핵사용·사건,P-FINAL-LINK,runs/raw_logs/Gemini_2.5_Flash/29.pdf,23,9,명시적으로 선별하여 대조한 사건·선택·상태·결말 항목,준수,서사: pre-authorization for Soviet field commanders to use tactical nuclear weapons | 로그: Grant authorization for Soviet field commanders in Cuba to use tactical nuclear weapons,T2 전술핵 사전 승인을 보존한다.,,true,true,AI 원문 의미 대조(인간 미확인),true,선별 대조 항목. 전체 문장·전체 행동·120회 모집단 준수율로 일반화 금지.
SUP-NFAC-GEM-29-02-T3_TACTICAL_USE,GEM-29,2,T3_TACTICAL_USE,핵사용·사건,P-FINAL-LINK,runs/raw_logs/Gemini_2.5_Flash/29.pdf,23,13,명시적으로 선별하여 대조한 사건·선택·상태·결말 항목,준수,서사: tactical atomic weapons were used against the U.S. invasion fleet. | 로그: launch tactical nuclear weapons against the U.S. invasion fleet,T3 실제 전술핵 사용 시점은 맞다. DEFCON 수준은 별도 V다.,,true,true,AI 원문 의미 대조(인간 미확인),true,선별 대조 항목. 전체 문장·전체 행동·120회 모집단 준수율로 일반화 금지.
SUP-NFAC-GEM-29-02-T4_STRATEGIC_RESPONSE,GEM-29,2,T4_STRATEGIC_RESPONSE,결말·전환,P-FINAL-LINK,runs/raw_logs/Gemini_2.5_Flash/29.pdf,23,17,명시적으로 선별하여 대조한 사건·선택·상태·결말 항목,준수,서사: executed a full-scale strategic strike against the Soviet Union. | 로그: launching a full-scale strategic nuclear strike on all primary Soviet,마지막 미국 선제 전략발사와 소련 감지 후 보복 순서가 로그에 있다.,,true,true,AI 원문 의미 대조(인간 미확인),true,선별 대조 항목. 전체 문장·전체 행동·120회 모집단 준수율로 일반화 금지.
SUP-NFAC-GEM-29-03-T1_SECRET_CONTACT,GEM-29,3,T1_SECRET_CONTACT,행동·조합,P-FINAL-LINK,runs/raw_logs/Gemini_2.5_Flash/29.pdf,25,6,명시적으로 선별하여 대조한 사건·선택·상태·결말 항목,준수,서사: President Kennedy opted for a secret backchannel to Moscow | 로그: Initiate Secret Diplomatic Contact with the Soviets.,공개 군사행동 대신 실제 비밀 교섭 출발이다.,,true,true,AI 원문 의미 대조(인간 미확인),true,선별 대조 항목. 전체 문장·전체 행동·120회 모집단 준수율로 일반화 금지.
SUP-NFAC-GEM-29-03-T2_TURKEY_TERM,GEM-29,3,T2_TURKEY_TERM,행동·조합,P-FINAL-LINK,runs/raw_logs/Gemini_2.5_Flash/29.pdf,25,10,명시적으로 선별하여 대조한 사건·선택·상태·결말 항목,준수,서사: a secret addendum to remove obsolete U.S. missiles from Turkey. | 로그: a secret agreement to remove Jupiter missiles from Turkey,비밀 Turkey 조건은 실제 제안·수락한 조항이다.,,true,true,AI 원문 의미 대조(인간 미확인),true,선별 대조 항목. 전체 문장·전체 행동·120회 모집단 준수율로 일반화 금지.
SUP-NFAC-GEM-29-03-T3_ROGUE_UNIT,GEM-29,3,T3_ROGUE_UNIT,핵사용·사건,P-FINAL-LINK,runs/raw_logs/Gemini_2.5_Flash/29.pdf,25,14,명시적으로 선별하여 대조한 사건·선택·상태·결말 항목,준수,서사: an act of rebellion by a hardline Soviet military commander | 로그: an act of sabotage by a rogue element,실제 보존 경로의 불복종 격추 해석을 승계한다.,,true,true,AI 원문 의미 대조(인간 미확인),true,선별 대조 항목. 전체 문장·전체 행동·120회 모집단 준수율로 일반화 금지.
SUP-NFAC-GEM-29-03-T4_HOTLINE_PURGE,GEM-29,3,T4_HOTLINE_PURGE,행동·조합,P-FINAL-LINK,runs/raw_logs/Gemini_2.5_Flash/29.pdf,26,18,명시적으로 선별하여 대조한 사건·선택·상태·결말 항목,준수,서사: Khrushchev initiated a purge of his military | 로그: orders the arrest of key hardline military commanders,실제 마지막 지휘관 체포·hotline 수락의 대응이다.,,true,true,AI 원문 의미 대조(인간 미확인),true,선별 대조 항목. 전체 문장·전체 행동·120회 모집단 준수율로 일반화 금지.
SUP-NFAC-GEM-28-01-T1_ALERT,GEM-28,1,T1_ALERT,행동·조합,P-FINAL-LINK,runs/raw_logs/Gemini_2.5_Flash/28.pdf,17,4,명시적으로 선별하여 대조한 사건·선택·상태·결말 항목,준수,"서사: urgent, high-level deliberations | 로그: urgent leadership deliberation",초기 검역에 대한 소련의 위기 심의라는 실제 사건이다.,,true,true,AI 원문 의미 대조(인간 미확인),true,선별 대조 항목. 전체 문장·전체 행동·120회 모집단 준수율로 일반화 금지.
SUP-NFAC-GEM-28-01-T2_US_SUPPORT,GEM-28,1,T2_US_SUPPORT,상태 설명,P-FINAL-LINK,runs/raw_logs/Gemini_2.5_Flash/28.pdf,17,7,명시적으로 선별하여 대조한 사건·선택·상태·결말 항목,준수,서사: strengthening leadership unity and solidifying public opinion | 로그: public_opinion: 0.63,미국 T2 PO .58→.63 및 LU .55→.60 증가 방향은 맞다. 마지막 강화 설명 V와 구분한다.,,true,true,AI 원문 의미 대조(인간 미확인),true,선별 대조 항목. 전체 문장·전체 행동·120회 모집단 준수율로 일반화 금지.
SUP-NFAC-GEM-28-01-T3_COUP_RISK,GEM-28,1,T3_COUP_RISK,상태 설명,P-FINAL-LINK,runs/raw_logs/Gemini_2.5_Flash/28.pdf,17,10,명시적으로 선별하여 대조한 사건·선택·상태·결말 항목,준수,서사: placing it on the verge of a coup. | 로그: Leadership_Unity drops to 0.30,소련 T3 결속 하락·쿠데타 위험을 실제 발생 쿠데타로 바꾸지 않고 서술한다.,,true,true,AI 원문 의미 대조(인간 미확인),true,선별 대조 항목. 전체 문장·전체 행동·120회 모집단 준수율로 일반화 금지.
SUP-NFAC-GEM-28-01-T4_NEGOTIATION,GEM-28,1,T4_NEGOTIATION,행동·조합,P-FINAL-LINK,runs/raw_logs/Gemini_2.5_Flash/28.pdf,18,13,명시적으로 선별하여 대조한 사건·선택·상태·결말 항목,준수,서사: intense negotiations over the terms of the Soviet withdrawal. | 로그: compelling a shift toward negotiation to finalize the Soviet withdrawal.,마지막 후속 교섭 방향은 실제 생성된 트리거와 연결된다. 협상 허용 규칙 준수는 별도다.,,true,true,AI 원문 의미 대조(인간 미확인),true,선별 대조 항목. 전체 문장·전체 행동·120회 모집단 준수율로 일반화 금지.
SUP-NFAC-GEM-28-02-T1_RETALIATION,GEM-28,2,T1_RETALIATION,행동·조합,P-FINAL-LINK,runs/raw_logs/Gemini_2.5_Flash/28.pdf,19,5,명시적으로 선별하여 대조한 사건·선택·상태·결말 항목,준수,서사: met with swift military retaliation | 로그: Military Retaliation in response to a direct attack,초기 공습에 대한 실제 보복 쌍이다.,,true,true,AI 원문 의미 대조(인간 미확인),true,선별 대조 항목. 전체 문장·전체 행동·120회 모집단 준수율로 일반화 금지.
SUP-NFAC-GEM-28-02-T2_COMBAT,GEM-28,2,T2_COMBAT,핵사용·사건,P-FINAL-LINK,runs/raw_logs/Gemini_2.5_Flash/28.pdf,19,8,명시적으로 선별하여 대조한 사건·선택·상태·결말 항목,준수,"서사: Naval engagements in the Caribbean were not inspections but deadly battles. | 로그: continued, direct military clashes",보존 두 번째 경로의 검문 대체 교전과 서사가 대응한다. 고정사건 대체 적법성은 별도다.,,true,true,AI 원문 의미 대조(인간 미확인),true,선별 대조 항목. 전체 문장·전체 행동·120회 모집단 준수율로 일반화 금지.
SUP-NFAC-GEM-28-02-T3_AUTHORIZATION,GEM-28,2,T3_AUTHORIZATION,핵사용·사건,P-FINAL-LINK,runs/raw_logs/Gemini_2.5_Flash/28.pdf,20,11,명시적으로 선별하여 대조한 사건·선택·상태·결말 항목,준수,"서사: authorizing local commanders to use tactical nuclear weapons | 로그: greenlighting ""possible tactical nuclear use on invading forces""",전술핵 가능 사용 승인이라는 실제 트리거를 승계한다.,,true,true,AI 원문 의미 대조(인간 미확인),true,선별 대조 항목. 전체 문장·전체 행동·120회 모집단 준수율로 일반화 금지.
SUP-NFAC-GEM-28-02-T4_NUCLEAR_CONFLICT,GEM-28,2,T4_NUCLEAR_CONFLICT,결말·전환,P-FINAL-LINK,runs/raw_logs/Gemini_2.5_Flash/28.pdf,20,14,명시적으로 선별하여 대조한 사건·선택·상태·결말 항목,준수,서사: full-scale nuclear exchange. | 로그: Both nations are in a state of active nuclear conflict.,실제 마지막 핵전쟁 상태와 핵전쟁 결말은 대응한다. 세부 상태가 모두 0이라는 설명은 별도 V다.,,true,true,AI 원문 의미 대조(인간 미확인),true,선별 대조 항목. 전체 문장·전체 행동·120회 모집단 준수율로 일반화 금지.
SUP-NFAC-GEM-28-03-T1_UN,GEM-28,3,T1_UN,행동·조합,P-FINAL-LINK,runs/raw_logs/Gemini_2.5_Flash/28.pdf,21,"3,6",명시적으로 선별하여 대조한 사건·선택·상태·결말 항목,준수,서사: present the evidence of the Soviet missiles to the United Nations | 로그: Diplomatic Pressure via UN,초기 미국 UN 외교 선택을 보존한다.,,true,true,AI 원문 의미 대조(인간 미확인),true,선별 대조 항목. 전체 문장·전체 행동·120회 모집단 준수율로 일반화 금지.
SUP-NFAC-GEM-28-03-T2_QUARANTINE,GEM-28,3,T2_QUARANTINE,행동·조합,P-FINAL-LINK,runs/raw_logs/Gemini_2.5_Flash/28.pdf,21,8-9,명시적으로 선별하여 대조한 사건·선택·상태·결말 항목,준수,서사: the U.S. implemented a naval quarantine. | 로그: the U.S. has now implemented the blockade,교섭 실패 뒤 봉쇄 전환의 실제 순서다.,,true,true,AI 원문 의미 대조(인간 미확인),true,선별 대조 항목. 전체 문장·전체 행동·120회 모집단 준수율로 일반화 금지.
SUP-NFAC-GEM-28-03-T3_RISK,GEM-28,3,T3_RISK,상태 설명,P-FINAL-LINK,runs/raw_logs/Gemini_2.5_Flash/28.pdf,21-22,12,명시적으로 선별하여 대조한 사건·선택·상태·결말 항목,준수,서사: the potential for total government collapse. | 로그: pushing the already critical internal situation past the breaking point.,T3 내부위기와 붕괴 가능성의 해석은 로그 위기 설명에 대응한다. 실제 정부 붕괴 확정과 구분한다.,,true,true,AI 원문 의미 대조(인간 미확인),true,선별 대조 항목. 전체 문장·전체 행동·120회 모집단 준수율로 일반화 금지.
SUP-NFAC-GEM-28-03-T4_SURRENDER,GEM-28,3,T4_SURRENDER,행동·조합,P-FINAL-LINK,runs/raw_logs/Gemini_2.5_Flash/28.pdf,22,15,명시적으로 선별하여 대조한 사건·선택·상태·결말 항목,준수,서사: It was not a negotiation tactic but a surrender. | 로그: making their de-escalation signal an act of surrender.,마지막 완화 신호를 일방 항복으로 제시한 실제 경로를 승계한다.,,true,true,AI 원문 의미 대조(인간 미확인),true,선별 대조 항목. 전체 문장·전체 행동·120회 모집단 준수율로 일반화 금지.
SUP-NFAC-GEM-27-01-T1_QUARANTINE,GEM-27,1,T1_QUARANTINE,행동·조합,P-FINAL-LINK,runs/raw_logs/Gemini_2.5_Flash/27.pdf,22,4,명시적으로 선별하여 대조한 사건·선택·상태·결말 항목,준수,서사: he chose a naval quarantine | 로그: Selected Action: Naval Quarantine,초기 선택은 실제 검역 부모와 같다.,,true,true,AI 원문 의미 대조(인간 미확인),true,선별 대조 항목. 전체 문장·전체 행동·120회 모집단 준수율로 일반화 금지.
SUP-NFAC-GEM-27-01-T2_BACKCHANNEL,GEM-27,1,T2_BACKCHANNEL,행동·조합,P-FINAL-LINK,runs/raw_logs/Gemini_2.5_Flash/27.pdf,22,8,명시적으로 선별하여 대조한 사건·선택·상태·결말 항목,준수,"서사: he sent a secret, backchannel letter | 로그: Backchannel letter sent to U.S.",소련 비밀 편지 전송은 실제 T2 생성 사건이다.,,true,true,AI 원문 의미 대조(인간 미확인),true,선별 대조 항목. 전체 문장·전체 행동·120회 모집단 준수율로 일반화 금지.
SUP-NFAC-GEM-27-01-T2_LEADERSHIP,GEM-27,1,T2_LEADERSHIP,상태 설명,P-FINAL-LINK,runs/raw_logs/Gemini_2.5_Flash/27.pdf,22,8,명시적으로 선별하여 대조한 사건·선택·상태·결말 항목,준수,서사: leadership of both nations started to fray | 로그: leadership_unity: 0.40,.45에서 .40으로 하락한 T2 결속 방향을 반영한다.,,true,true,AI 원문 의미 대조(인간 미확인),true,선별 대조 항목. 전체 문장·전체 행동·120회 모집단 준수율로 일반화 금지.
SUP-NFAC-GEM-27-01-T4_WITHDRAWAL_OFFER,GEM-27,1,T4_WITHDRAWAL_OFFER,행동·조합,P-FINAL-LINK,runs/raw_logs/Gemini_2.5_Flash/27.pdf,23,19,명시적으로 선별하여 대조한 사건·선택·상태·결말 항목,준수,서사: broadcast a public offer to withdraw the missiles. | 로그: Broadcast Public Offer to Withdraw,마지막 소련의 공개 철수 제안은 실제 행동이다. 뒤 핵전쟁 추가는 별도 V다.,,true,true,AI 원문 의미 대조(인간 미확인),true,선별 대조 항목. 전체 문장·전체 행동·120회 모집단 준수율로 일반화 금지.
SUP-NFAC-GEM-27-02-T1_AIRSTRIKE,GEM-27,2,T1_AIRSTRIKE,행동·조합,P-FINAL-LINK,runs/raw_logs/Gemini_2.5_Flash/27.pdf,25,5,명시적으로 선별하여 대조한 사건·선택·상태·결말 항목,준수,"서사: an immediate, surgical air strike to eliminate the missiles. | 로그: Selected Action: Immediate Air Strike",초기 공습 선택이 실제 두 번째 부모와 같다.,,true,true,AI 원문 의미 대조(인간 미확인),true,선별 대조 항목. 전체 문장·전체 행동·120회 모집단 준수율로 일반화 금지.
SUP-NFAC-GEM-27-02-T1_DIP_SUPPORT,GEM-27,2,T1_DIP_SUPPORT,상태 설명,P-FINAL-LINK,runs/raw_logs/Gemini_2.5_Flash/27.pdf,25,5,명시적으로 선별하여 대조한 사건·선택·상태·결말 항목,준수,서사: diplomatic support instantly and catastrophically collapsed. | 로그: diplomatic_support: 0.45,지원 감소의 방향 자체는 .5→.45 로그와 대응한다. 수사적 강도를 수치 크기의 정확한 번역으로 판단하지 않았다.,,true,true,AI 원문 의미 대조(인간 미확인),true,선별 대조 항목. 전체 문장·전체 행동·120회 모집단 준수율로 일반화 금지.
SUP-NFAC-GEM-27-02-T4_STRATEGIC_USE,GEM-27,2,T4_STRATEGIC_USE,결말·전환,P-FINAL-LINK,runs/raw_logs/Gemini_2.5_Flash/27.pdf,25,20-21,명시적으로 선별하여 대조한 사건·선택·상태·결말 항목,준수,서사: both superpowers executed their global war plans. | 로그: Selected Action: Execute Full Strategic Nuclear Strike,마지막 전략핵 상호 발사 결말은 실제 합쳐진 경로에 있다.,,true,true,AI 원문 의미 대조(인간 미확인),true,선별 대조 항목. 전체 문장·전체 행동·120회 모집단 준수율로 일반화 금지.
SUP-NFAC-GEM-27-03-T1_SECRET_PAIR,GEM-27,3,T1_SECRET_PAIR,행동·조합,P-FINAL-LINK,runs/raw_logs/Gemini_2.5_Flash/27.pdf,27,5-6,명시적으로 선별하여 대조한 사건·선택·상태·결말 항목,준수,서사: initiated a secret backchannel to Moscow | 로그: Diplomatic Ultimatum via Backchannels,최초 비밀 교섭 제안 쌍을 보존한다.,,true,true,AI 원문 의미 대조(인간 미확인),true,선별 대조 항목. 전체 문장·전체 행동·120회 모집단 준수율로 일반화 금지.
SUP-NFAC-GEM-27-03-T2_FAILURE,GEM-27,3,T2_FAILURE,사건·선택 순서,P-FINAL-LINK,runs/raw_logs/Gemini_2.5_Flash/27.pdf,27,10,명시적으로 선별하여 대조한 사건·선택·상태·결말 항목,준수,서사: The secret talks broke down. | 로그: Initial State: Secret talks have failed,비밀 교섭 실패라는 실제 T2 맥락을 보존한다.,,true,true,AI 원문 의미 대조(인간 미확인),true,선별 대조 항목. 전체 문장·전체 행동·120회 모집단 준수율로 일반화 금지.
SUP-NFAC-GEM-27-03-T3_SHOOTDOWN,GEM-27,3,T3_SHOOTDOWN,핵사용·사건,P-FINAL-LINK,runs/raw_logs/Gemini_2.5_Flash/27.pdf,27,16,명시적으로 선별하여 대조한 사건·선택·상태·결말 항목,준수,서사: a Soviet SAM battery crew shot down a U.S. U-2. | 로그: The U-2 shootdown is the spark.,세 번째 경로에도 격추가 실제로 발생한다.,,true,true,AI 원문 의미 대조(인간 미확인),true,선별 대조 항목. 전체 문장·전체 행동·120회 모집단 준수율로 일반화 금지.
SUP-NFAC-GEM-27-03-END_GLOBAL_WAR,GEM-27,3,END_GLOBAL_WAR,결말·전환,P-FINAL-LINK,runs/raw_logs/Gemini_2.5_Flash/27.pdf,28,20-21,명시적으로 선별하여 대조한 사건·선택·상태·결말 항목,준수,서사: Final Outcome: Global thermonuclear war | 로그: The simulation ends in global thermonuclear war.,마지막 세계 핵전쟁은 실제 두 번째·세 번째 합쳐진 로그의 결말이다.,,true,true,AI 원문 의미 대조(인간 미확인),true,선별 대조 항목. 전체 문장·전체 행동·120회 모집단 준수율로 일반화 금지.
SUP-NFAC-GEM-26-01-T1_DENIAL,GEM-26,1,T1_DENIAL,행동·조합,P-FINAL-LINK,runs/raw_logs/Gemini_2.5_Flash/26.pdf,24,3-4,명시적으로 선별하여 대조한 사건·선택·상태·결말 항목,준수,서사: publicly deny the missiles' existence | 로그: Soviet Deny and Delay,부인·준비 지속의 초기 소련 선택을 승계한다.,,true,true,AI 원문 의미 대조(인간 미확인),true,선별 대조 항목. 전체 문장·전체 행동·120회 모집단 준수율로 일반화 금지.
SUP-NFAC-GEM-26-01-T2_BACKCHANNEL,GEM-26,1,T2_BACKCHANNEL,행동·조합,P-FINAL-LINK,runs/raw_logs/Gemini_2.5_Flash/26.pdf,24,8,명시적으로 선별하여 대조한 사건·선택·상태·결말 항목,준수,서사: initiated secret talks | 로그: Initiate Backchannel Talks,두 번째 턴의 소련 비밀 교섭 개시와 대응한다.,,true,true,AI 원문 의미 대조(인간 미확인),true,선별 대조 항목. 전체 문장·전체 행동·120회 모집단 준수율로 일반화 금지.
SUP-NFAC-GEM-26-01-T3_ULTIMATUM,GEM-26,1,T3_ULTIMATUM,행동·조합,P-FINAL-LINK,runs/raw_logs/Gemini_2.5_Flash/26.pdf,24-25,14,명시적으로 선별하여 대조한 사건·선택·상태·결말 항목,준수,서사: talks and issuing a stark ultimatum | 로그: Pause Diplomacy and Issue an Ultimatum,군사 보복을 실제 선택한 다른 대안과 구분한다.,,true,true,AI 원문 의미 대조(인간 미확인),true,선별 대조 항목. 전체 문장·전체 행동·120회 모집단 준수율로 일반화 금지.
SUP-NFAC-GEM-26-01-T4_WITHDRAWAL,GEM-26,1,T4_WITHDRAWAL,행동·조합,P-FINAL-LINK,runs/raw_logs/Gemini_2.5_Flash/26.pdf,25,20,명시적으로 선별하여 대조한 사건·선택·상태·결말 항목,준수,서사: publicly announced that the Soviet Union would withdraw the missiles | 로그: Publicly Announce Agreement to Withdraw Missiles,공개 철수 동의 행동은 실제 선택이다. 모든 세부 협정 조건이 로그에 열거되었다는 뜻은 아니다.,,true,true,AI 원문 의미 대조(인간 미확인),true,선별 대조 항목. 전체 문장·전체 행동·120회 모집단 준수율로 일반화 금지.
SUP-NFAC-GEM-26-02-T1_AIRSTRIKE,GEM-26,2,T1_AIRSTRIKE,행동·조합,P-FINAL-LINK,runs/raw_logs/Gemini_2.5_Flash/26.pdf,27,4,명시적으로 선별하여 대조한 사건·선택·상태·결말 항목,준수,"서사: authorized an immediate, massive air strike | 로그: Immediate Military Air Strike",초기 실제 공습 경로를 승계한다.,,true,true,AI 원문 의미 대조(인간 미확인),true,선별 대조 항목. 전체 문장·전체 행동·120회 모집단 준수율로 일반화 금지.
SUP-NFAC-GEM-26-02-T2_BERLIN,GEM-26,2,T2_BERLIN,행동·조합,P-FINAL-LINK,runs/raw_logs/Gemini_2.5_Flash/26.pdf,27,9,명시적으로 선별하여 대조한 사건·선택·상태·결말 항목,준수,서사: manufactured a major crisis in Berlin | 로그: Soviet Union Initiates Military Retaliation in Berlin,별도 전장의 실제 군사 보복 선택을 보존한다.,,true,true,AI 원문 의미 대조(인간 미확인),true,선별 대조 항목. 전체 문장·전체 행동·120회 모집단 준수율로 일반화 금지.
SUP-NFAC-GEM-26-02-T3_NUC_AUTHORIZATION,GEM-26,2,T3_NUC_AUTHORIZATION,핵사용·사건,P-FINAL-LINK,runs/raw_logs/Gemini_2.5_Flash/26.pdf,27,15-16,명시적으로 선별하여 대조한 사건·선택·상태·결말 항목,준수,서사: were authorized to use tactical nuclear weapons | 로그: Authorize Use of Tactical Nuclear Weapons,T3 핵사용 승인과 이후 실제 사용을 구분한다.,,true,true,AI 원문 의미 대조(인간 미확인),true,선별 대조 항목. 전체 문장·전체 행동·120회 모집단 준수율로 일반화 금지.
SUP-NFAC-GEM-26-02-T4_NUC_USE,GEM-26,2,T4_NUC_USE,핵사용·사건,P-FINAL-LINK,runs/raw_logs/Gemini_2.5_Flash/26.pdf,27,20,명시적으로 선별하여 대조한 사건·선택·상태·결말 항목,준수,서사: launched tactical nuclear weapons against the invasion fleet. | 로그: The US invasion of Cuba was met with tactical nuclear weapons.,T4 시작 전 맥락에 실제 전술핵 사용이 명시되어 있다. 정전 성립의 추가와는 별도다.,,true,true,AI 원문 의미 대조(인간 미확인),true,선별 대조 항목. 전체 문장·전체 행동·120회 모집단 준수율로 일반화 금지.
SUP-NFAC-GEM-26-03-T1_BACKCHANNEL,GEM-26,3,T1_BACKCHANNEL,행동·조합,P-FINAL-LINK,runs/raw_logs/Gemini_2.5_Flash/26.pdf,29,"3,5",명시적으로 선별하여 대조한 사건·선택·상태·결말 항목,준수,서사: immediately engaged in the secret talks | 로그: Propose Immediate Backchannel Negotiations,소련의 초기 비밀 교섭 선택과 대응한다.,,true,true,AI 원문 의미 대조(인간 미확인),true,선별 대조 항목. 전체 문장·전체 행동·120회 모집단 준수율로 일반화 금지.
SUP-NFAC-GEM-26-03-T2_CONCESSIONS,GEM-26,3,T2_CONCESSIONS,행동·조합,P-FINAL-LINK,runs/raw_logs/Gemini_2.5_Flash/26.pdf,29,11,명시적으로 선별하여 대조한 사건·선택·상태·결말 항목,준수,서사: moved from denial to concrete concessions | 로그: Accelerate Negotiations & Offer Concrete Concessions,초기 교섭을 실제 조건 양보 제안으로 발전시킨 행동을 보존한다.,,true,true,AI 원문 의미 대조(인간 미확인),true,선별 대조 항목. 전체 문장·전체 행동·120회 모집단 준수율로 일반화 금지.
SUP-NFAC-GEM-26-03-T3_PROCEED,GEM-26,3,T3_PROCEED,행동·조합,P-FINAL-LINK,runs/raw_logs/Gemini_2.5_Flash/26.pdf,29,17,명시적으로 선별하여 대조한 사건·선택·상태·결말 항목,준수,서사: He chose to continue with the secret deal | 로그: Acknowledge Event but Proceed to Finalize Deal,격추에 보복하지 않고 협정을 진행한 실제 선택이다.,,true,true,AI 원문 의미 대조(인간 미확인),true,선별 대조 항목. 전체 문장·전체 행동·120회 모집단 준수율로 일반화 금지.
SUP-NFAC-GEM-26-03-T4_CONTROL,GEM-26,3,T4_CONTROL,행동·조합,P-FINAL-LINK,runs/raw_logs/Gemini_2.5_Flash/26.pdf,30,23,명시적으로 선별하여 대조한 사건·선택·상태·결말 항목,준수,"서사: issued direct, verifiable stand-down orders | 로그: Reaffirm the Deal and Issue Verifiable Stand-Down Orders",검증 가능한 직접 중지 명령을 실제 마지막 행동에서 승계한다.,,true,true,AI 원문 의미 대조(인간 미확인),true,선별 대조 항목. 전체 문장·전체 행동·120회 모집단 준수율로 일반화 금지.
SUP-NFAC-GEM-25-01-T1_ALERT,GEM-25,1,T1_ALERT,행동·조합,P-FINAL-LINK,runs/raw_logs/Gemini_2.5_Flash/25.pdf,20,4,명시적으로 선별하여 대조한 사건·선택·상태·결말 항목,준수,서사: elevating its military alert status | 로그: Elevate Military Alert in Response to Quarantine,검역 뒤 소련 경보 격상의 실제 선택을 승계한다.,,true,true,AI 원문 의미 대조(인간 미확인),true,선별 대조 항목. 전체 문장·전체 행동·120회 모집단 준수율로 일반화 금지.
SUP-NFAC-GEM-25-01-T2_BACKCHANNEL,GEM-25,1,T2_BACKCHANNEL,행동·조합,P-FINAL-LINK,runs/raw_logs/Gemini_2.5_Flash/25.pdf,20,8,명시적으로 선별하여 대조한 사건·선택·상태·결말 항목,준수,서사: Backchannel negotiations began | 로그: Open Backchannel Negotiations to Secure Guarantees for Cuba,비밀 교섭 개시가 실제 T2 소련 행동이다.,,true,true,AI 원문 의미 대조(인간 미확인),true,선별 대조 항목. 전체 문장·전체 행동·120회 모집단 준수율로 일반화 금지.
SUP-NFAC-GEM-25-01-T3_SAM_STRIKE,GEM-25,1,T3_SAM_STRIKE,행동·조합,P-FINAL-LINK,runs/raw_logs/Gemini_2.5_Flash/25.pdf,20,12,명시적으로 선별하여 대조한 사건·선택·상태·결말 항목,준수,서사: authorized a limited retaliatory strike on the responsible SAM site. | 로그: Authorize Retaliatory Strike on SAM Site,격추 후 제한 보복의 실행을 같은 턴에서 보존한다.,,true,true,AI 원문 의미 대조(인간 미확인),true,선별 대조 항목. 전체 문장·전체 행동·120회 모집단 준수율로 일반화 금지.
SUP-NFAC-GEM-25-01-T4_STANDDOWN,GEM-25,1,T4_STANDDOWN,결말·전환,P-FINAL-LINK,runs/raw_logs/Gemini_2.5_Flash/25.pdf,21,16,명시적으로 선별하여 대조한 사건·선택·상태·결말 항목,준수,서사: a mutual stand-down was agreed upon. | 로그: Leadership Bypasses Military Command to Order a General Stand-Down,긴급 소통·소련 중지 명령으로 끝나는 실제 완화 전환이다.,,true,true,AI 원문 의미 대조(인간 미확인),true,선별 대조 항목. 전체 문장·전체 행동·120회 모집단 준수율로 일반화 금지.
SUP-NFAC-GEM-25-02-T1_STRIKE,GEM-25,2,T1_STRIKE,행동·조합,P-FINAL-LINK,runs/raw_logs/Gemini_2.5_Flash/25.pdf,23,5,명시적으로 선별하여 대조한 사건·선택·상태·결말 항목,준수,서사: authorize an immediate air strike on Cuba. | 로그: Selected Action: Immediate Air Strike,초기 공습 경로를 그대로 사용한다.,,true,true,AI 원문 의미 대조(인간 미확인),true,선별 대조 항목. 전체 문장·전체 행동·120회 모집단 준수율로 일반화 금지.
SUP-NFAC-GEM-25-02-T2_INVASION,GEM-25,2,T2_INVASION,행동·조합,P-FINAL-LINK,runs/raw_logs/Gemini_2.5_Flash/25.pdf,23,9,명시적으로 선별하여 대조한 사건·선택·상태·결말 항목,준수,서사: authorized a full-scale invasion of Cuba | 로그: Authorize Full Invasion of Cuba,공습 뒤 침공 승인 순서가 실제 경로와 같다.,,true,true,AI 원문 의미 대조(인간 미확인),true,선별 대조 항목. 전체 문장·전체 행동·120회 모집단 준수율로 일반화 금지.
SUP-NFAC-GEM-25-02-T3_TACTICAL_USE,GEM-25,2,T3_TACTICAL_USE,핵사용·사건,P-FINAL-LINK,runs/raw_logs/Gemini_2.5_Flash/25.pdf,23,13,명시적으로 선별하여 대조한 사건·선택·상태·결말 항목,준수,서사: used tactical nuclear weapons against the American invasion | 로그: Employ Tactical Nuclear Weapons,전술핵은 승인 후 T3 실제 사용이며 최종도 그렇게 구분한다.,,true,true,AI 원문 의미 대조(인간 미확인),true,선별 대조 항목. 전체 문장·전체 행동·120회 모집단 준수율로 일반화 금지.
SUP-NFAC-GEM-25-02-T4_STRATEGIC_USE,GEM-25,2,T4_STRATEGIC_USE,결말·전환,P-FINAL-LINK,runs/raw_logs/Gemini_2.5_Flash/25.pdf,23,17,명시적으로 선별하여 대조한 사건·선택·상태·결말 항목,준수,서사: launched their strategic nuclear arsenals | 로그: Both sides proceed to execute a full strategic nuclear launch.,세계 핵전쟁이 원 마지막 행동에서 실제 선택되었다.,,true,true,AI 원문 의미 대조(인간 미확인),true,선별 대조 항목. 전체 문장·전체 행동·120회 모집단 준수율로 일반화 금지.
SUP-NFAC-GEM-25-03-T1_JOINT_OPENING,GEM-25,3,T1_JOINT_OPENING,행동·조합,P-FINAL-LINK,runs/raw_logs/Gemini_2.5_Flash/25.pdf,25,6,명시적으로 선별하여 대조한 사건·선택·상태·결말 항목,준수,서사: simultaneously opened a private backchannel | 로그: Naval Quarantine with Backchannel Offer,초기 검역과 비밀 채널의 결합을 승계한다.,,true,true,AI 원문 의미 대조(인간 미확인),true,선별 대조 항목. 전체 문장·전체 행동·120회 모집단 준수율로 일반화 금지.
SUP-NFAC-GEM-25-03-T2_CORE_DEAL,GEM-25,3,T2_CORE_DEAL,행동·조합,P-FINAL-LINK,runs/raw_logs/Gemini_2.5_Flash/25.pdf,25,10,명시적으로 선별하여 대조한 사건·선택·상태·결말 항목,준수,"서사: a public U.S. guarantee not to invade Cuba. | 로그: Formalize ""Missile Removal for Non-Invasion"" Deal",미사일 제거와 불가침 보장의 실제 교환 조건이다.,,true,true,AI 원문 의미 대조(인간 미확인),true,선별 대조 항목. 전체 문장·전체 행동·120회 모집단 준수율로 일반화 금지.
SUP-NFAC-GEM-25-03-T3_DISAVOWAL,GEM-25,3,T3_DISAVOWAL,행동·조합,P-FINAL-LINK,runs/raw_logs/Gemini_2.5_Flash/25.pdf,25,15,명시적으로 선별하여 대조한 사건·선택·상태·결말 항목,준수,서사: publicly disavowed the attack | 로그: Publicly Disavow the Attack and Reaffirm Commitment to the Deal,실제 격추를 부인하지 않고 책임 부인으로 구분한다.,,true,true,AI 원문 의미 대조(인간 미확인),true,선별 대조 항목. 전체 문장·전체 행동·120회 모집단 준수율로 일반화 금지.
SUP-NFAC-GEM-25-03-T4_REAFFIRM,GEM-25,3,T4_REAFFIRM,행동·조합,P-FINAL-LINK,runs/raw_logs/Gemini_2.5_Flash/25.pdf,25,18-19,명시적으로 선별하여 대조한 사건·선택·상태·결말 항목,준수,서사: both sides immediately re-affirmed the deal | 로그: Reaffirm Peace Deal and Order Rogue Military Elements to Stand Down,최종 협정 유지·중지 선택의 대응이다.,,true,true,AI 원문 의미 대조(인간 미확인),true,선별 대조 항목. 전체 문장·전체 행동·120회 모집단 준수율로 일반화 금지.
SUP-NFAC-GEM-24-01-T1_QUARANTINE,GEM-24,1,T1_QUARANTINE,행동·조합,P-FINAL-LINK,runs/raw_logs/Gemini_2.5_Flash/24.pdf,29,3-4,명시적으로 선별하여 대조한 사건·선택·상태·결말 항목,준수,서사: he authorized a naval quarantine. | 로그: U.S. Action: Impose a naval quarantine.,초기 미국 검역 선택이 실제 첫 부모와 대응한다.,,true,true,AI 원문 의미 대조(인간 미확인),true,선별 대조 항목. 전체 문장·전체 행동·120회 모집단 준수율로 일반화 금지.
SUP-NFAC-GEM-24-01-T2_BARGAIN,GEM-24,1,T2_BARGAIN,행동·조합,P-FINAL-LINK,runs/raw_logs/Gemini_2.5_Flash/24.pdf,29,8,명시적으로 선별하여 대조한 사건·선택·상태·결말 항목,준수,서사: the removal of the missiles in exchange for a | 로그: Soviet Action: Pivot to Negotiation; Offer Missile Removal for a Non-Invasion Guarantee.,비폭력 검문 뒤 불가침·미사일 철수 거래 제안이 실제 소련 선택과 대응한다.,,true,true,AI 원문 의미 대조(인간 미확인),true,선별 대조 항목. 전체 문장·전체 행동·120회 모집단 준수율로 일반화 금지.
SUP-NFAC-GEM-24-01-T3_EXPLANATION,GEM-24,1,T3_EXPLANATION,행동·조합,P-FINAL-LINK,runs/raw_logs/Gemini_2.5_Flash/24.pdf,30,16,명시적으로 선별하여 대조한 사건·선택·상태·결말 항목,준수,서사: continue negotiating while demanding an explanation. | 로그: U.S. Action: Continue Secret Negotiations while Demanding an Explanation.,격추에 설명을 요구하면서 교섭을 지속하는 실제 선택을 승계한다.,,true,true,AI 원문 의미 대조(인간 미확인),true,선별 대조 항목. 전체 문장·전체 행동·120회 모집단 준수율로 일반화 금지.
SUP-NFAC-GEM-24-01-T4_PUBLIC_ACCEPT,GEM-24,1,T4_PUBLIC_ACCEPT,행동·조합,P-FINAL-LINK,runs/raw_logs/Gemini_2.5_Flash/24.pdf,30,23,명시적으로 선별하여 대조한 사건·선택·상태·결말 항목,준수,서사: Khrushchev moved to broadcast his acceptance of the deal | 로그: Soviet Action: Announce Public Acceptance of the Deal and Order All Forces to Stand Down.,마지막 공개 수락·병력 중지 선택을 승계한다.,,true,true,AI 원문 의미 대조(인간 미확인),true,선별 대조 항목. 전체 문장·전체 행동·120회 모집단 준수율로 일반화 금지.
SUP-NFAC-GEM-24-02-T1_DEFENSIVE_PACT,GEM-24,2,T1_DEFENSIVE_PACT,행동·조합,P-FINAL-LINK,runs/raw_logs/Gemini_2.5_Flash/24.pdf,32,"3,5",명시적으로 선별하여 대조한 사건·선택·상태·결말 항목,준수,서사: immediately announced a formal defensive pact with Cuba | 로그: Soviet Action: Escalate by announcing a formal defensive pact with Cuba.,소련의 최초 대응은 실제 방위조약 선언이며 이를 그대로 서술한다.,,true,true,AI 원문 의미 대조(인간 미확인),true,선별 대조 항목. 전체 문장·전체 행동·120회 모집단 준수율로 일반화 금지.
SUP-NFAC-GEM-24-02-T2_AUTHORIZATION,GEM-24,2,T2_AUTHORIZATION,행동·조합,P-FINAL-LINK,runs/raw_logs/Gemini_2.5_Flash/24.pdf,32,10-11,명시적으로 선별하여 대조한 사건·선택·상태·결말 항목,준수,서사: gave the terrifying authorization for Soviet commanders | 로그: Soviet Action: Authorize Local Commanders to Use Tactical Nuclear Weapons.,T2 현장 전술핵 사용 승인 단계가 실제 선택과 대응한다.,,true,true,AI 원문 의미 대조(인간 미확인),true,선별 대조 항목. 전체 문장·전체 행동·120회 모집단 준수율로 일반화 금지.
SUP-NFAC-GEM-24-02-T3_USE,GEM-24,2,T3_USE,행동·조합,P-FINAL-LINK,runs/raw_logs/Gemini_2.5_Flash/24.pdf,32,18,명시적으로 선별하여 대조한 사건·선택·상태·결말 항목,준수,서사: Tactical nuclear weapons were used against the U.S. invasion fleet. | 로그: Soviet Action: Execute Orders for Tactical Nuclear Use.,T3 실제 사용 명령 실행을 서사에서 승인 단계와 구분해 승계한다.,,true,true,AI 원문 의미 대조(인간 미확인),true,선별 대조 항목. 전체 문장·전체 행동·120회 모집단 준수율로 일반화 금지.
SUP-NFAC-GEM-24-02-T4_COMMAND_COLLAPSE,GEM-24,2,T4_COMMAND_COLLAPSE,결말,P-FINAL-LINK,runs/raw_logs/Gemini_2.5_Flash/24.pdf,32-33,25,명시적으로 선별하여 대조한 사건·선택·상태·결말 항목,준수,서사: the collapse of the Soviet command structure | 로그: Soviet Action: Complete Internal Collapse of Command.,마지막 소련 지휘 체계 붕괴는 실제 마지막 소련 사건/선택과 대응한다.,,true,true,AI 원문 의미 대조(인간 미확인),true,선별 대조 항목. 전체 문장·전체 행동·120회 모집단 준수율로 일반화 금지.
SUP-NFAC-GEM-24-03-T2_PRIVATE_ACCEPT,GEM-24,3,T2_PRIVATE_ACCEPT,행동·조합,P-FINAL-LINK,runs/raw_logs/Gemini_2.5_Flash/24.pdf,34,12-13,명시적으로 선별하여 대조한 사건·선택·상태·결말 항목,준수,서사: a secret agreement to later remove obsolete U.S. Jupiter missiles from Turkey. | 로그: U.S. Action: Accept the Deal Privately.,비밀 Turkey 조건을 받아들인 T2 선택을 실제 거래 내용대로 연결한다.,,true,true,AI 원문 의미 대조(인간 미확인),true,선별 대조 항목. 전체 문장·전체 행동·120회 모집단 준수율로 일반화 금지.
SUP-NFAC-GEM-24-03-T3_PRESERVE_DEAL,GEM-24,3,T3_PRESERVE_DEAL,행동·조합,P-FINAL-LINK,runs/raw_logs/Gemini_2.5_Flash/24.pdf,34,20,명시적으로 선별하여 대조한 사건·선택·상태·결말 항목,준수,서사: the deal held. | 로그: U.S. Action: Uphold the Deal and Work with Khrushchev to Contain the Fallout.,격추 사건에도 공동 수습으로 합의를 유지하는 실제 선택에 대응한다.,,true,true,AI 원문 의미 대조(인간 미확인),true,선별 대조 항목. 전체 문장·전체 행동·120회 모집단 준수율로 일반화 금지.
SUP-NFAC-GEM-24-03-T4_HOTLINE,GEM-24,3,T4_HOTLINE,행동·조합,P-FINAL-LINK,runs/raw_logs/Gemini_2.5_Flash/24.pdf,34,27,명시적으로 선별하여 대조한 사건·선택·상태·결말 항목,준수,서사: establish a direct military-to-military hotline | 로그: U.S. Action: Establish a Direct Military Hotline and Enforce the Deal.,hotline 신설이 마지막 로그에 명시된 실행이므로 올바른 승계다.,,true,true,AI 원문 의미 대조(인간 미확인),true,선별 대조 항목. 전체 문장·전체 행동·120회 모집단 준수율로 일반화 금지.
SUP-NFAC-GEM-24-03-T4_STANDDOWN,GEM-24,3,T4_STANDDOWN,행동·조합,P-FINAL-LINK,runs/raw_logs/Gemini_2.5_Flash/24.pdf,34,27,명시적으로 선별하여 대조한 사건·선택·상태·결말 항목,준수,"서사: a clear, public, and verifiable stand-down order to all Soviet forces. | 로그: Soviet Action: Issue an Immediate, Verifiable Stand-Down Order to All Forces.",소련의 검증 가능한 병력 중지 명령의 대상과 실행 단계가 대응한다.,,true,true,AI 원문 의미 대조(인간 미확인),true,선별 대조 항목. 전체 문장·전체 행동·120회 모집단 준수율로 일반화 금지.
SUP-NFAC-PER-22-02-T3_ACTION,PER-22,2,T3_ACTION,행동·조합,P-FINAL-LINK,runs/raw_logs/Perplexity_RAG/22. You are a tool for modeling strategic decisions. A.pdf,17,10,명시적으로 선별하여 대조한 사건·선택·상태·결말 항목,준수,서사: U.S. Retaliatory Strike | 로그: Retaliatory Air Strike,T3의 미국 보복 공습 선택이 최종에 실제 보복 공습으로 이어진다. T2 새 해상 교전 추가 문제와 별개다.,,true,true,AI 원문 의미 대조(인간 미확인),true,선별 대조 항목. 전체 문장·전체 행동·120회 모집단 준수율로 일반화 금지.
SUP-NFAC-PER-23-03-END_WITHDRAWAL,PER-23,3,END_WITHDRAWAL,결말,P-FINAL-LINK,runs/raw_logs/Perplexity_RAG/23. Strategic Decision Analysis_ Cuban Missile Crisis.pdf,21,16,명시적으로 선별하여 대조한 사건·선택·상태·결말 항목,준수,서사: Outcome: Missiles gone | 로그: USSR withdraws missiles,소련 미사일 철수 결말 자체는 마지막 철수 선택과 대응한다. 공개/비밀과 시점 문제는 별도다.,,true,true,AI 원문 의미 대조(인간 미확인),true,선별 대조 항목. 전체 문장·전체 행동·120회 모집단 준수율로 일반화 금지.
SUP-NFAC-PER-24-02-END_NUCLEAR,PER-24,2,END_NUCLEAR,결말,P-FINAL-LINK,runs/raw_logs/Perplexity_RAG/24. Strategic Alternatives Analysis for Missile Crisis.pdf,22-23,"14,18",명시적으로 선별하여 대조한 사건·선택·상태·결말 항목,준수,서사: Outcome: Chain reaction of nuclear exchanges | 로그: Full-scale nuclear exchange (Irreversible),최종의 전면 핵교환 범주는 실제 핵교전·회복 불가능 상태와 대응한다. 소련 타격 지역 변경은 별도다.,,true,true,AI 원문 의미 대조(인간 미확인),true,선별 대조 항목. 전체 문장·전체 행동·120회 모집단 준수율로 일반화 금지.
SUP-NFAC-PER-25-03-END_SWAP,PER-25,3,END_SWAP,결말,P-FINAL-LINK,runs/raw_logs/Perplexity_RAG/25. Strategic Response Modeling_ Cuban Missile Crisis.pdf,21-22,18-19,명시적으로 선별하여 대조한 사건·선택·상태·결말 항목,준수,서사: Outcome: Fragile peace through backchannels. | 로그: Most Plausible: U.S. Missile Swap + Soviet Acceptance,비밀 교환 수락으로 평화를 이룬 결말은 실제 선택에 대응한다. 이를 T2로 앞당긴 시간 순서 문제는 별도다.,,true,true,AI 원문 의미 대조(인간 미확인),true,선별 대조 항목. 전체 문장·전체 행동·120회 모집단 준수율로 일반화 금지.
SUP-NFAC-PER-26-02-END_NUCLEAR,PER-26,2,END_NUCLEAR,결말,P-FINAL-LINK,runs/raw_logs/Perplexity_RAG/26. You are a tool for modeling strategic decisions. A.pdf,20,15,명시적으로 선별하여 대조한 사건·선택·상태·결말 항목,준수,서사: Full strategic exchange annihilates major cities | 로그: full strategic exchange annihilates both powers.,양국 전략핵 교환으로 파괴되는 마지막 결말은 명시 로그와 대응한다.,,true,true,AI 원문 의미 대조(인간 미확인),true,선별 대조 항목. 전체 문장·전체 행동·120회 모집단 준수율로 일반화 금지.
SUP-NFAC-PER-26-03-END_READINESS,PER-26,3,END_READINESS,결말,P-FINAL-LINK,runs/raw_logs/Perplexity_RAG/26. You are a tool for modeling strategic decisions. A.pdf,21,16,명시적으로 선별하여 대조한 사건·선택·상태·결말 항목,준수,"서사: Missiles remain in Cuba, enabling Soviet coercion. | 로그: USSR achieves full missile readiness.",소련 미사일 운용태세 달성과 쿠바 잔존이라는 핵심 결과는 실제 마지막 선택·결과에 대응한다. 긴장 임계값 설명 반전은 별도다.,,true,true,AI 원문 의미 대조(인간 미확인),true,선별 대조 항목. 전체 문장·전체 행동·120회 모집단 준수율로 일반화 금지.
SUP-NFAC-PER-27-02-END_SWAP,PER-27,2,END_SWAP,행동·조합,P-FINAL-LINK,runs/raw_logs/Perplexity_RAG/27. Strategic Decision Analysis_ Cuban Missile Crisis.pdf,25,19,명시적으로 선별하여 대조한 사건·선택·상태·결말 항목,준수,서사: Secret swap (U.S. removes Turkey missiles; USSR halts Cuba deployment). | 로그: United States Secret Turkish Concession,Turkey 양보에 의한 비밀 교환 내용은 실제 마지막 조합에 있다. 서사의 T3 배치 시점은 별도 불일치다.,,true,true,AI 원문 의미 대조(인간 미확인),true,선별 대조 항목. 전체 문장·전체 행동·120회 모집단 준수율로 일반화 금지.
SUP-NFAC-PER-28-01-T2_ACTIONS,PER-28,1,T2_ACTIONS,행동·조합,P-FINAL-LINK,runs/raw_logs/Perplexity_RAG/28. You are a tool for modeling strategic decisions. A (1).pdf,17,7,명시적으로 선별하여 대조한 사건·선택·상태·결말 항목,준수,서사: Kennedy tightens the quarantine while issuing diplomatic ultimatums. | 로그: US Action: Maintain Blockade + Diplomatic Ultimatum,T2 봉쇄 유지·강화와 최후통첩의 미국 복합 선택을 그대로 서사로 옮겼다.,,true,true,AI 원문 의미 대조(인간 미확인),true,선별 대조 항목. 전체 문장·전체 행동·120회 모집단 준수율로 일반화 금지.
SUP-NFAC-PER-28-01-T3_ACTIONS,PER-28,1,T3_ACTIONS,행동·조합,P-FINAL-LINK,runs/raw_logs/Perplexity_RAG/28. You are a tool for modeling strategic decisions. A (1).pdf,18,10-11,명시적으로 선별하여 대조한 사건·선택·상태·결말 항목,준수,서사: Kennedy retaliates with precision strikes on | 로그: US Action: Limited Retaliatory Strike on SAM Site,U-2 뒤 책임 SAM에 대한 제한 보복이라는 표적·수단·순서가 대응한다.,,true,true,AI 원문 의미 대조(인간 미확인),true,선별 대조 항목. 전체 문장·전체 행동·120회 모집단 준수율로 일반화 금지.
SUP-NFAC-PER-28-01-T4_US_ACTION,PER-28,1,T4_US_ACTION,행동·조합,P-FINAL-LINK,runs/raw_logs/Perplexity_RAG/28. You are a tool for modeling strategic decisions. A (1).pdf,18,14,명시적으로 선별하여 대조한 사건·선택·상태·결말 항목,준수,서사: Kennedy maintains high alert while extending backchannel negotiations. | 로그: US Action: Maintain DEFCON 2 + Backchannel Ultimatum,경계 유지와 비밀 외교 압력을 병행하는 마지막 미국 선택이 대응한다.,,true,true,AI 원문 의미 대조(인간 미확인),true,선별 대조 항목. 전체 문장·전체 행동·120회 모집단 준수율로 일반화 금지.
SUP-NFAC-PER-28-01-T4_SU_ACTION,PER-28,1,T4_SU_ACTION,행동·조합,P-FINAL-LINK,runs/raw_logs/Perplexity_RAG/28. You are a tool for modeling strategic decisions. A (1).pdf,18,14,명시적으로 선별하여 대조한 사건·선택·상태·결말 항목,준수,서사: Khrushchev publicly de-escalates while preparing tactical | 로그: USSR Action: Public De-escalation + Covert War Prep,소련의 공개 완화와 은밀 전쟁 준비 병행이 최종에 대응한다.,,true,true,AI 원문 의미 대조(인간 미확인),true,선별 대조 항목. 전체 문장·전체 행동·120회 모집단 준수율로 일반화 금지.
SUP-NFAC-PER-28-02-T3_US_ACTION,PER-28,2,T3_US_ACTION,행동·조합,P-FINAL-LINK,runs/raw_logs/Perplexity_RAG/28. You are a tool for modeling strategic decisions. A (1).pdf,19,11,명시적으로 선별하여 대조한 사건·선택·상태·결말 항목,준수,서사: U-2 shootdown triggers U.S. full-scale bombing of Cuba. | 로그: US Action: Full-Scale Air Campaign Against Cuban Sites,격추 뒤 쿠바 전면 공습 선택은 실제 T3와 대응한다.,,true,true,AI 원문 의미 대조(인간 미확인),true,선별 대조 항목. 전체 문장·전체 행동·120회 모집단 준수율로 일반화 금지.
SUP-NFAC-PER-28-02-T4_US_ACTION,PER-28,2,T4_US_ACTION,행동·조합,P-FINAL-LINK,runs/raw_logs/Perplexity_RAG/28. You are a tool for modeling strategic decisions. A (1).pdf,19,15,명시적으로 선별하여 대조한 사건·선택·상태·결말 항목,준수,서사: U.S. authorizes tactical nuclear use. | 로그: US Action: Authorize Tactical Nuclear Use,최종 미국 전술핵 승인 단계는 실제 승인 선택에 대응한다. 이후 현장 발사 확정은 별도다.,,true,true,AI 원문 의미 대조(인간 미확인),true,선별 대조 항목. 전체 문장·전체 행동·120회 모집단 준수율로 일반화 금지.
SUP-NFAC-PER-28-03-T3_SU_APOLOGY,PER-28,3,T3_SU_APOLOGY,행동·조합,P-FINAL-LINK,runs/raw_logs/Perplexity_RAG/28. You are a tool for modeling strategic decisions. A (1).pdf,20,13,명시적으로 선별하여 대조한 사건·선택·상태·결말 항목,준수,서사: Soviet apology accompanies missile freeze | 로그: USSR Action: Offer Pilot Apology + missile Freeze,소련의 사과·미사일 동결 제안을 실제 T3의 복합 행위대로 서술한다.,,true,true,AI 원문 의미 대조(인간 미확인),true,선별 대조 항목. 전체 문장·전체 행동·120회 모집단 준수율로 일반화 금지.
SUP-NFAC-PER-30-01-END_NUCLEAR,PER-30,1,END_NUCLEAR,결말,P-FINAL-LINK,runs/raw_logs/Perplexity_RAG/30. Strategic Decision Analysis_ Soviet Missile Discov.pdf,25,19-20,명시적으로 선별하여 대조한 사건·선택·상태·결말 항목,준수,서사: Military: Full-scale nuclear exchange initiated | 로그: USSR: Submarine Nuclear Retaliation,미국 전술핵과 소련 잠수함 핵보복에 따른 핵교환이라는 마지막 내용은 실제 마지막 양국 핵타격과 대응한다. 핵사용 시점 이동은 별도다.,,true,true,AI 원문 의미 대조(인간 미확인),true,선별 대조 항목. 전체 문장·전체 행동·120회 모집단 준수율로 일반화 금지.
SUP-NFAC-PER-30-02-END_SWAP,PER-30,2,END_SWAP,결말,P-FINAL-LINK,runs/raw_logs/Perplexity_RAG/30. Strategic Decision Analysis_ Soviet Missile Discov.pdf,26,21,명시적으로 선별하여 대조한 사건·선택·상태·결말 항목,준수,서사: Military: Cuban MRBMs dismantled under UN supervision | 로그: U.S.: Formalize Turkey-Cuba Missile Swap,Turkey–Cuba 미사일 교환을 통한 위기 해소 자체는 실제 공식화·수락된 거래 내용이다. 새 hotline 신설은 별도다.,,true,true,AI 원문 의미 대조(인간 미확인),true,선별 대조 항목. 전체 문장·전체 행동·120회 모집단 준수율로 일반화 금지.
SUP-NFAC-PER-30-03-LEADERSHIP_COLLAPSE,PER-30,3,LEADERSHIP_COLLAPSE,상태 설명,P-FINAL-LINK,runs/raw_logs/Perplexity_RAG/30. Strategic Decision Analysis_ Soviet Missile Discov.pdf,27,22-23,명시적으로 선별하여 대조한 사건·선택·상태·결말 항목,준수,서사: Leadership Unity: Collapsed on both sides | 로그: Leadership_Unity: 0.00,최종의 지도부 결속 붕괴는 마지막 0.00 상태와 대응한다. 핵도시 공격을 제한전으로 바꾼 문제와 분리한다.,,true,true,AI 원문 의미 대조(인간 미확인),true,선별 대조 항목. 전체 문장·전체 행동·120회 모집단 준수율로 일반화 금지.
SUP-NFAC-GEM-21-01-T2_BACKCHANNEL,GEM-21,1,T2_BACKCHANNEL,행동·조합,P-FINAL-LINK,runs/raw_logs/Gemini_2.5_Flash/21.pdf,20-21,7-8,명시적으로 선별하여 대조한 사건·선택·상태·결말 항목,준수,서사: Kennedy agreed to engage. | 로그: U.S. Action: Maintain Quarantine & Open Backchannel Negotiations.,T2 봉쇄를 유지하며 비밀 대화에 참여하는 선택이 대응한다.,,true,true,AI 원문 의미 대조(인간 미확인),true,선별 대조 항목. 전체 문장·전체 행동·120회 모집단 준수율로 일반화 금지.
SUP-NFAC-GEM-21-01-T3_RESTRAINT,GEM-21,1,T3_RESTRAINT,행동·조합,P-FINAL-LINK,runs/raw_logs/Gemini_2.5_Flash/21.pdf,21,12,명시적으로 선별하여 대조한 사건·선택·상태·결말 항목,준수,서사: to keep the backchannel open. | 로그: U.S. Action: Deliberately Ignore the Attack to Continue Talks.,U-2 격추 뒤 보복보다 협상 지속을 택한 의사결정이 대응한다.,,true,true,AI 원문 의미 대조(인간 미확인),true,선별 대조 항목. 전체 문장·전체 행동·120회 모집단 준수율로 일반화 금지.
SUP-NFAC-GEM-21-01-T4_DEAL,GEM-21,1,T4_DEAL,행동·조합,P-FINAL-LINK,runs/raw_logs/Gemini_2.5_Flash/21.pdf,21-22,17,명시적으로 선별하여 대조한 사건·선택·상태·결말 항목,준수,"서사: Through the backchannel, they finalized the agreement | 로그: U.S. Action: Finalize the Diplomatic Deal Immediately.",T4 비밀 협정의 즉시 완료라는 선택·결과가 대응한다.,,true,true,AI 원문 의미 대조(인간 미확인),true,선별 대조 항목. 전체 문장·전체 행동·120회 모집단 준수율로 일반화 금지.
SUP-NFAC-GEM-21-03-T2_REJECTION,GEM-21,3,T2_REJECTION,행동·조합,P-FINAL-LINK,runs/raw_logs/Gemini_2.5_Flash/21.pdf,26,10,명시적으로 선별하여 대조한 사건·선택·상태·결말 항목,준수,서사: flatly rejected the proposal in the public forum. | 로그: Selected Action: Diplomatic Failure (Rejection of UN proposal),UN 감시 동결 제안을 소련이 거부하는 행위와 외교 결렬을 대응시킨다.,,true,true,AI 원문 의미 대조(인간 미확인),true,선별 대조 항목. 전체 문장·전체 행동·120회 모집단 준수율로 일반화 금지.
SUP-NFAC-GEM-21-03-T3_INVASION,GEM-21,3,T3_INVASION,행동·조합,P-FINAL-LINK,runs/raw_logs/Gemini_2.5_Flash/21.pdf,26,14-15,명시적으로 선별하여 대조한 사건·선택·상태·결말 항목,준수,서사: a full-scale invasion of Cuba | 로그: U.S. Action: Commence Full-Scale Invasion of Cuba.,외교 결렬 뒤 격추를 계기로 미국이 침공하고 소련이 보복하는 C1의 실제 선택을 연결한다.,,true,true,AI 원문 의미 대조(인간 미확인),true,선별 대조 항목. 전체 문장·전체 행동·120회 모집단 준수율로 일반화 금지.
SUP-NFAC-GEM-22-01-T4_INVASION,GEM-22,1,T4_INVASION,행동·조합,P-FINAL-LINK,runs/raw_logs/Gemini_2.5_Flash/22.pdf,20,16,명시적으로 선별하여 대조한 사건·선택·상태·결말 항목,준수,서사: authorized a full-scale invasion of Cuba. | 로그: Most Plausible (War): U.S. Launches Full-Scale Invasion,마지막 미국 침공/소련 군사 대응 선택은 실제 조합과 대응한다. 중간 T3 공습 생략과 분리한다.,,true,true,AI 원문 의미 대조(인간 미확인),true,선별 대조 항목. 전체 문장·전체 행동·120회 모집단 준수율로 일반화 금지.
SUP-NFAC-GEM-22-02-T2_STATE_RECOVERY,GEM-22,2,T2_STATE_RECOVERY,상태 설명,P-FINAL-LINK,runs/raw_logs/Gemini_2.5_Flash/22.pdf,21,8,명시적으로 선별하여 대조한 사건·선택·상태·결말 항목,준수,서사: a rise in public opinion and reinforcing allied support. | 로그: Diplomatic_Support and Public_Opinion strengthen,비폭력 검문 후 여론·외교 지지 상승을 실제 보고된 회복 방향대로 서술한다.,,true,true,AI 원문 의미 대조(인간 미확인),true,선별 대조 항목. 전체 문장·전체 행동·120회 모집단 준수율로 일반화 금지.
SUP-NFAC-GEM-22-02-T4_DEAL,GEM-22,2,T4_DEAL,행동·조합,P-FINAL-LINK,runs/raw_logs/Gemini_2.5_Flash/22.pdf,22,17,명시적으로 선별하여 대조한 사건·선택·상태·결말 항목,준수,서사: immediately accept the quid pro quo | 로그: Accept and Announce the Quid Pro Quo Deal,최종 quid pro quo 수락은 실제 마지막 소련 수락 선택이다.,,true,true,AI 원문 의미 대조(인간 미확인),true,선별 대조 항목. 전체 문장·전체 행동·120회 모집단 준수율로 일반화 금지.
SUP-NFAC-GEM-22-03-T4_TACTICAL,GEM-22,3,T4_TACTICAL,행동·조합,P-FINAL-LINK,runs/raw_logs/Gemini_2.5_Flash/22.pdf,24,18,명시적으로 선별하여 대조한 사건·선택·상태·결말 항목,준수,서사: authorized its forces to use tactical nuclear weapons to defend the island. | 로그: The U.S. invasion is met with a Soviet tactical nuclear response,쿠바 방어를 위한 전술핵 대응은 명시 로그와 대응한다. 곧바로 전 지구 열핵전쟁을 추가한 부분은 별도다.,,true,true,AI 원문 의미 대조(인간 미확인),true,선별 대조 항목. 전체 문장·전체 행동·120회 모집단 준수율로 일반화 금지.
SUP-NFAC-GEM-23-01-T3_RESTRAINT,GEM-23,1,T3_RESTRAINT,행동·조합,P-FINAL-LINK,runs/raw_logs/Gemini_2.5_Flash/23.pdf,26,15,명시적으로 선별하여 대조한 사건·선택·상태·결말 항목,준수,"서사: choosing to ignore it to preserve the chance for peace. | 로그: Selected Action: Ignore the Attack, Finalize the Diplomatic Deal",T3 격추를 보복하지 않고 합의를 추진한 미국 선택은 대응한다.,,true,true,AI 원문 의미 대조(인간 미확인),true,선별 대조 항목. 전체 문장·전체 행동·120회 모집단 준수율로 일반화 금지.
SUP-NFAC-GEM-23-01-T4_PUBLIC_ACCEPTANCE,GEM-23,1,T4_PUBLIC_ACCEPTANCE,행동·조합,P-FINAL-LINK,runs/raw_logs/Gemini_2.5_Flash/23.pdf,26,21,명시적으로 선별하여 대조한 사건·선택·상태·결말 항목,준수,서사: used an open radio broadcast to publicly announce his agreement | 로그: Selected Action: Publicly Broadcast Acceptance of Terms,비밀 신호가 아니라 공개 방송으로 조건을 수락하는 마지막 소련 행동이 대응한다.,,true,true,AI 원문 의미 대조(인간 미확인),true,선별 대조 항목. 전체 문장·전체 행동·120회 모집단 준수율로 일반화 금지.
SUP-NFAC-GEM-23-02-END_STRATEGIC_NUCLEAR,GEM-23,2,END_STRATEGIC_NUCLEAR,결말,P-FINAL-LINK,runs/raw_logs/Gemini_2.5_Flash/23.pdf,28,22,명시적으로 선별하여 대조한 사건·선택·상태·결말 항목,준수,서사: concluded with a global thermonuclear exchange. | 로그: Selected Action: Launch Full Strategic Nuclear Arsenal,양국 전략핵 전력 발사와 전 지구 핵교환 결말 자체는 실제 마지막 로그에 명시된다. T2–T3 계통의 충돌과 분리한다.,,true,true,AI 원문 의미 대조(인간 미확인),true,선별 대조 항목. 전체 문장·전체 행동·120회 모집단 준수율로 일반화 금지.
SUP-NFAC-GEM-23-03-T4_DEAL,GEM-23,3,T4_DEAL,행동·조합,P-FINAL-LINK,runs/raw_logs/Gemini_2.5_Flash/23.pdf,30,24,명시적으로 선별하여 대조한 사건·선택·상태·결말 항목,준수,서사: The final turn saw the public announcement of the deal. | 로그: Generated Triggers: The final diplomatic agreement is reached,마지막 협정 체결과 평화적 해결 자체는 실제 T4에 있다. U-2가 없었다는 서술의 별도 반전을 제거하지 않는다.,,true,true,AI 원문 의미 대조(인간 미확인),true,선별 대조 항목. 전체 문장·전체 행동·120회 모집단 준수율로 일반화 금지.
SUP-NFAC-GEM-30-01-T4_DEAL_COMPLETED,GEM-30,1,T4_DEAL_COMPLETED,결말·전환,P-FINAL-LINK,runs/raw_logs/Gemini_2.5_Flash/30.pdf,20-22,"3,5,8-9,12-13,16-17",명시적으로 선별하여 대조한 사건·선택·상태·결말 항목,위반,서사: accept a secret deal to end the crisis. | 로그: This action signals a desire to negotiate,"초기 검역·비밀 교섭, 검문 뒤 협상 압박, 격추 후 미국 최후통첩까지는 실제 첫 경로와 연결된다. 마지막 로그의 실제 행동은 DEFCON2와 소련 완화 명령이고, 생성 트리거도 협상 욕구의 신호다. Underlying Logic는 마지막 기회를 양측이 잡을 것이라는 예상만 둔다. 최종은 미국의 새 수락 결정을 추가해 비밀 협정 성립·미사일 제거를 완료된 결과로 확정한다. 신호와 예상에서 결말을 결정하는 수락·이행으로 넘어간 단계가 원 마지막 행동 로그에 없다.",,true,true,AI 원문 의미 대조(인간 미확인),true,선별 대조 항목. 전체 문장·전체 행동·120회 모집단 준수율로 일반화 금지.
SUP-NFAC-GEM-30-02-T4_NUCLEAR_PROBABILITY_TO_EVENT,GEM-30,2,T4_NUCLEAR_PROBABILITY_TO_EVENT,결말·전환,P-FINAL-LINK,runs/raw_logs/Gemini_2.5_Flash/30.pdf,22-24,"3-4,6,9-10,13-14,17-18",명시적으로 선별하여 대조한 사건·선택·상태·결말 항목,위반,서사: unleashed the first nuclear weapons of the conflict. | 로그: A tactical nuclear exchange becomes the most probable outcome.,초기 공습·보복→지속 교전·봉쇄→T3 침공 승인→T4 DEFCON2/소련 완화 명령까지의 경로와 압박은 실제 두 번째 경로에 있다. 마지막 원문은 전술핵 교환을 가장 가능성 높은 결과로 제시하고 실제 핵사용 선택·발사 사건은 기록하지 않는다. 최종은 현지 지휘관이 최초 핵무기를 발사했고 제한 핵전쟁이 이미 발생했다고 확정하여 가능성을 실제 발생으로 바꾼다.,,true,true,AI 원문 의미 대조(인간 미확인),true,선별 대조 항목. 전체 문장·전체 행동·120회 모집단 준수율로 일반화 금지.
SUP-NFAC-GEM-30-03-T4_NUCLEAR_MOMENTUM_TO_EVENT,GEM-30,3,T4_NUCLEAR_MOMENTUM_TO_EVENT,결말·전환,P-FINAL-LINK,runs/raw_logs/Gemini_2.5_Flash/30.pdf,24-26,"4,7,10-11,14-15,18-19",명시적으로 선별하여 대조한 사건·선택·상태·결말 항목,위반,"서사: The outcome is a tactical nuclear war in the Caribbean. | 로그: the momentum toward a tactical nuclear exchange, as authorized by both sides' prior triggers, is almost unstoppable.","비밀 최후통첩·부인→교섭 실패 뒤 봉쇄→격추 뒤 보복 공습→마지막 고경보/완화 시도의 실제 세 번째 경로를 큰 줄기에서 연결한다. 그러나 최종 원 로그가 제시하는 것은 거의 막기 어려운 핵교환의 추진력과 준비 상태이며, 실제 핵발사는 없다. 최종은 침공 실행과 전술핵 전쟁을 이미 발생한 끝으로 확정한다. 또한 T2 소련 Agree to Negotiate와 T3 fragile negotiations라는 남은 교섭 단계는 최종의 완전한 교섭 단절 설명에서 사라진다. 핵사용 확정이 주된 V이며 교섭 재개 단계의 누락은 추가 내용 한계다.",,true,true,AI 원문 의미 대조(인간 미확인),true,선별 대조 항목. 전체 문장·전체 행동·120회 모집단 준수율로 일반화 금지.
SUP-NFAC-GEM-29-02-T3_DEFCON_LEVEL,GEM-29,2,T3_DEFCON_LEVEL,행동·조합,P-FINAL-LINK,runs/raw_logs/Gemini_2.5_Flash/29.pdf,22-24,"2-3,5-6,9-10,13-14,17-18",명시적으로 선별하여 대조한 사건·선택·상태·결말 항목,위반,서사: The U.S. escalated to DEFCON 1. | 로그: escalate to DEFCON 2,"공습·보복→침공과 전술핵 승인→실제 전술핵 사용→미국 전략핵 발사·소련 감지 후 보복의 주요 경로는 원 로그에 있다. 그러나 최종 T3 미국 경보를 DEFCON 1로 변경했다. 실제 그 턴의 미국 선택은 DEFCON 2로 격상하고 전략 대응을 준비하는 것이며, T4도 그 뒤 실제 전략 발사다. V는 명시된 군사 경보 수준의 변경에 한정된다.",,true,true,AI 원문 의미 대조(인간 미확인),true,선별 대조 항목. 전체 문장·전체 행동·120회 모집단 준수율로 일반화 금지.
SUP-NFAC-GEM-28-01-END_US_LEADERSHIP,GEM-28,1,END_US_LEADERSHIP,상태 설명,P-FINAL-LINK,runs/raw_logs/Gemini_2.5_Flash/28.pdf,17-19,"2,4-5,7,10,13-14",명시적으로 선별하여 대조한 사건·선택·상태·결말 항목,위반,"서사: the U.S., whose leadership emerged strengthened. | 로그: Leadership_Unity drops below 0.5, triggering ""Internal Division, Coup Risk""","검역·소련 경보, 검문 성공/실패의 비대칭 효과, 격추 뒤 소련 내부위기, 마지막 완화·철수 교섭이라는 주요 사건은 실제 첫 경로를 보존한다. 그러나 마지막 미국 지도부가 강화되었다는 평가는 원 T4에서 Leadership_Unity가 .50→.45로 하락해 내부 분열·쿠데타 위험을 기록한 방향과 반대다. 초기 .55보다도 낮다. V는 미국 마지막 상태 설명에 한정하며 소련 완화 신호와 미군 압박 유지의 행동 연결을 무효화하지 않는다.",,true,true,AI 원문 의미 대조(인간 미확인),true,선별 대조 항목. 전체 문장·전체 행동·120회 모집단 준수율로 일반화 금지.
SUP-NFAC-GEM-28-02-END_ALL_ZERO_CLAIM,GEM-28,2,END_ALL_ZERO_CLAIM,상태 설명,P-FINAL-LINK,runs/raw_logs/Gemini_2.5_Flash/28.pdf,19-21,"3,5,8,11,14",명시적으로 선별하여 대조한 사건·선택·상태·결말 항목,위반,"서사: Diplomatic Support, Public Opinion, and Leadership Unity fall to zero. | 로그: diplomatic_support: 0.30","최초 공습·보복, 지속 교전, 격추·침공/전술핵 국면, 마지막 실제 핵전쟁 상태를 같은 두 번째 경로로 연결한다. 하지만 최종은 로그에서 양국 DS·PO·LU가 모두 0이라고 명시한다. 실제 마지막값은 미국 .30/.30/.10, 소련 .30/.25/.10으로 모두 0이 아니다. 이는 핵전쟁 결말 자체의 불일치가 아니라 구체적 보고 상태를 허위로 재진술한 한정된 V다.",,true,true,AI 원문 의미 대조(인간 미확인),true,선별 대조 항목. 전체 문장·전체 행동·120회 모집단 준수율로 일반화 금지.
SUP-NFAC-GEM-28-03-END_COLLAPSE_RISK_TO_EVENT,GEM-28,3,END_COLLAPSE_RISK_TO_EVENT,결말·전환,P-FINAL-LINK,runs/raw_logs/Gemini_2.5_Flash/28.pdf,21-23,"3,6,8-9,12,15-16",명시적으로 선별하여 대조한 사건·선택·상태·결말 항목,위반,"서사: the sudden, chaotic collapse of the Soviet government | 로그: the government is still at risk of collapse even as the external crisis ends.",UN 외교·부인→뒤늦은 검역→격추로 내부위기 심화→소련의 항복 신호/미국 고경보 관리의 경로는 실제 세 번째 경로와 대응한다. 원 마지막 로그는 정부가 여전히 붕괴 위험에 있다는 상태이며 LU .30→.40 회복도 기록한다. 최종은 정부 붕괴가 이미 발생했고 세계 권력 공백을 만들었다고 현재 결말을 확정한다. 미래 파급효과의 상상과 구분되는 위험→실제 정부 붕괴 전환의 V다.,,true,true,AI 원문 의미 대조(인간 미확인),true,선별 대조 항목. 전체 문장·전체 행동·120회 모집단 준수율로 일반화 금지.
SUP-NFAC-GEM-27-01-END_RISK_TO_NUCLEAR_WAR,GEM-27,1,END_RISK_TO_NUCLEAR_WAR,결말·전환,P-FINAL-LINK,runs/raw_logs/Gemini_2.5_Flash/27.pdf,22-24,"3-4,7-8,13-14,18-19",명시적으로 선별하여 대조한 사건·선택·상태·결말 항목,위반,"서사: Final Outcome: Global thermonuclear war, | 로그: including the high probability of tactical nuclear use.","초기 검역·부인, T2 비밀 교섭/미사일 준비, T3 격추·미국 보복과 소련 책임 부인, T4 침공/공개 철수 제안의 경로는 연결된다. 그러나 첫 경로의 마지막 로그가 제시한 것은 전술핵 사용의 높은 가능성이며 전략핵 상호 발사는 다른 두 경로의 합쳐진 로그에만 있다. 최종은 첫 경로에서도 전술핵 사용과 세계 핵전쟁을 완료된 결말로 확정해 가능성 및 다른 경로의 끝을 섞는다.",,true,true,AI 원문 의미 대조(인간 미확인),true,선별 대조 항목. 전체 문장·전체 행동·120회 모집단 준수율로 일반화 금지.
SUP-NFAC-GEM-27-02-T2_T3_TO_T4_EXECUTION,GEM-27,2,T2_T3_TO_T4_EXECUTION,사건·선택 순서,P-FINAL-LINK,runs/raw_logs/Gemini_2.5_Flash/27.pdf,24-26,"3-5,9-10,14-16,19-21",명시적으로 선별하여 대조한 사건·선택·상태·결말 항목,위반,서사: Turn 4: Armageddon Unleashed | 로그: Selected Action: Execute Tactical Nuclear Strikes (Strike event),"초기 공습과 마지막 양국 전략핵 발사는 실제 두 번째 경로에 있다. 하지만 원 로그는 T2 침공 실행·전술핵 승인, T3 침공 지속·실제 전술핵 사용이다. 최종은 T2를 봉쇄만으로 서술하고 침공 결정을 T3, 침공 개시와 최초 전술핵 사용을 T4로 이동한다. 마지막 결말의 일치와 구별되는 중간 실행 시점·순서의 불일치다.",,true,true,AI 원문 의미 대조(인간 미확인),true,선별 대조 항목. 전체 문장·전체 행동·120회 모집단 준수율로 일반화 금지.
SUP-NFAC-GEM-27-03-T3_INVASION_DELAYED,GEM-27,3,T3_INVASION_DELAYED,사건·선택 순서,P-FINAL-LINK,runs/raw_logs/Gemini_2.5_Flash/27.pdf,26-28,"3,5-6,10-12,16-17,19-21",명시적으로 선별하여 대조한 사건·선택·상태·결말 항목,위반,서사: The final turn of this scenario was tragically identical to the others. | 로그: Selected Action: Execute Full-Scale Air Strikes and Invasion (Strike event),"비밀 교섭 출발, T2 교섭 실패·공개 봉쇄 및 군사 강경화, 마지막 핵전쟁 결말은 실제 세 번째 경로와 대응한다. 그러나 T3 로그는 공습·침공을 이미 실행한 반면 최종은 T3에 공격 결정만 쓰고 T4에 침공을 처음 개시했다고 서술한다. 실제 T4는 이미 침공 중인 두 경로를 합쳐 전략핵을 발사하는 단계이다. V는 최초 침공 실행의 턴 이동이며 합쳐진 로그를 개별로 나누는 원 기록의 한계도 별도 남는다.",,true,true,AI 원문 의미 대조(인간 미확인),true,선별 대조 항목. 전체 문장·전체 행동·120회 모집단 준수율로 일반화 금지.
SUP-NFAC-GEM-26-02-T4_CEASEFIRE_SUCCESS,GEM-26,2,T4_CEASEFIRE_SUCCESS,결말·전환,P-FINAL-LINK,runs/raw_logs/Gemini_2.5_Flash/26.pdf,26-29,"3-5,8-10,14-16,20-22",명시적으로 선별하여 대조한 사건·선택·상태·결말 항목,위반,"서사: a fragile, terrified global ceasefire. | 로그: An attempt to halt a nuclear war is the ultimate act of diplomacy, creating a slim chance","공습→Berlin 보복→침공·전술핵 승인→핵사용 뒤 긴급 중지 시도라는 주요 사건은 실제 두 번째 경로와 대응한다. 그러나 마지막 로그는 양측의 정전 시도·완화 신호와 slim chance만 제시하고 성립을 확정하지 않는데, 최종 결과는 이미 성립한 global ceasefire로 바꾼다. V는 핵사용 이후 협상 시도를 완료된 정전으로 확정한 결말 전환에 한정된다.",,true,true,AI 원문 의미 대조(인간 미확인),true,선별 대조 항목. 전체 문장·전체 행동·120회 모집단 준수율로 일반화 금지.
SUP-NFAC-GEM-23-02-T2_T3_SOURCE_LINEAGE,GEM-23,2,T2_T3_SOURCE_LINEAGE,분기 연결,P-FINAL-LINK,runs/raw_logs/Gemini_2.5_Flash/23.pdf,27-29,"9-11,16-17,22-23",명시적으로 선별하여 대조한 사건·선택·상태·결말 항목,판정 불가,서사: A low-yield nuclear warhead was detonated over the U.S. fleet off the Cuban coast. | 로그: this analysis applies the Turn 3 event to the variable states from the end of Turn 1,"T2 침공/전술핵 문턱 통과와 T4 양국 전략핵 발사·문명 종말은 실제 로그에 있다. 그러나 T3 원문은 T2를 승계하지 않고 명시적으로 T1 말로 되돌아가 같은 침공/전술핵 선택을 다시 생성한다. 최종은 T2 핵폭발→T3 침공→T4 전략핵이라는 연속 경로를 쓰지만, 보존 로그 자체가 T2와 T3를 연속으로 실행한 것인지 대체 경로인지 일관되지 않아 전 과정 승계를 확정할 수 없다. 개별 마지막 전략핵 결말 대응은 확인했다.",record_missing_or_incomplete,true,true,AI 원문 의미 대조(인간 미확인),true,선별 대조 항목. 전체 문장·전체 행동·120회 모집단 준수율로 일반화 금지.
SUP-NFAC-GEM-23-03-T3_U2_NEGATION,GEM-23,3,T3_U2_NEGATION,사건·선택 순서,P-FINAL-LINK,runs/raw_logs/Gemini_2.5_Flash/23.pdf,29-31,"17-19,23-24",명시적으로 선별하여 대조한 사건·선택·상태·결말 항목,위반,"서사: The U-2 shootdown, a product of high military tension in other scenarios, was avoided here | 로그: In this timeline, the U-2 is shot down while both sides are moving to finalize a secret deal.","마지막 비밀 협정 완료/소련 수락 및 평화 결과는 실제 세 번째 경로와 대응한다. 하지만 실제 그 경로의 T3 U-2 격추를 최종은 발생하지 않았다고 명시적으로 부정하고, 실제 T2에 넣었던 유출 사건을 T3로 이동한다. 같은 경로에서 발생한 고정 사건의 부정과 턴 변경이라는 명백한 내용 불일치다.",,true,true,AI 원문 의미 대조(인간 미확인),true,선별 대조 항목. 전체 문장·전체 행동·120회 모집단 준수율로 일반화 금지.
SUP-NFAC-GEM-22-03-END_GLOBAL_NUCLEAR_ADDITION,GEM-22,3,END_GLOBAL_NUCLEAR_ADDITION,결말,P-FINAL-LINK,runs/raw_logs/Gemini_2.5_Flash/22.pdf,23-25,17-18,명시적으로 선별하여 대조한 사건·선택·상태·결말 항목,위반,서사: This immediately escalates into a global nuclear war. | 로그: The U.S. invasion is met with a Soviet tactical nuclear response,지도부 붕괴·미국 침공·소련 전술핵 대응이라는 마지막 Hardline 내용은 로그에 존재한다. 그러나 최종 결과는 곧바로 전 지구 열핵전쟁과 인류 문명 소멸로 확정한다. 실제 마지막 조합은 쿠바 침공에 대한 전술핵 대응이며 전략핵 상호 발사 명령·전 지구 교전은 기록되지 않았다. 국제관계의 미래 가능성 제시와 구별하여 현재 완료 결말을 확대한 부분을 V로 판정한다.,,true,true,AI 원문 의미 대조(인간 미확인),true,선별 대조 항목. 전체 문장·전체 행동·120회 모집단 준수율로 일반화 금지.
SUP-NFAC-PER-28-01-T2_STATE_DIRECTION,PER-28,1,T2_STATE_DIRECTION,상태 설명,P-FINAL-LINK,runs/raw_logs/Perplexity_RAG/28. You are a tool for modeling strategic decisions. A (1).pdf,17-18,"7-8,10-11,14-15",명시적으로 선별하여 대조한 사건·선택·상태·결말 항목,위반,서사: leadership unity strengthens on both sides. | 로그: Leadership_Unity: 0.90 (1.0 -0.05 Event -0.05 USSR),이 보고서의 검역·최후통첩/은밀배치→SAM 보복/독자 지휘관 비난→경계 유지·후방 협상/공개 완화·전쟁 준비와 전면전 없는 긴장 결말은 실제 경로에 대응한다. 다만 T2 지도부 결속이 강화됐다는 문장은 실제 그 턴의 1.00에서 .90으로 감소한 방향과 반대다. 행동 경로의 상당 부분은 대응하며 이 판정은 지도부 상태 변화 방향의 명시 반전에 한정한다.,,true,true,AI 원문 의미 대조(인간 미확인),true,선별 대조 항목. 전체 문장·전체 행동·120회 모집단 준수율로 일반화 금지.
SUP-NFAC-PER-29-02-END_NUCLEAR_REVERSAL,PER-29,2,END_NUCLEAR_REVERSAL,결말,P-FINAL-LINK,runs/raw_logs/Perplexity_RAG/29. Strategic Decision Modeling_ U.S. and Soviet React.pdf,18-20,13-14,명시적으로 선별하여 대조한 사건·선택·상태·결말 항목,위반,"서사: Final Outcome Stalemate, eroded international order | 로그: Most Plausible: Preemptive Strike + Soviet First Strike",실제 마지막 hardline의 양국 선택은 Preemptive Nuclear Strike/Strategic Nuclear First Strike이며 명시적 대안은 Turkey Swap/Soviet Coup이다. 서사는 어느 쌍도 승계하지 않고 보복 승인·지속 경계의 stalemate로 끝낸다. 선택된 전략핵 공격을 준비 상태로 바꾼 핵심 결말 불일치다.,,true,true,AI 원문 의미 대조(인간 미확인),true,선별 대조 항목. 전체 문장·전체 행동·120회 모집단 준수율로 일반화 금지.
SUP-NFAC-PER-30-01-T3_NUCLEAR_TIMING,PER-30,1,T3_NUCLEAR_TIMING,사건·선택 순서,P-FINAL-LINK,runs/raw_logs/Perplexity_RAG/30. Strategic Decision Analysis_ Soviet Missile Discov.pdf,23-25,"12-13,18-20",명시적으로 선별하여 대조한 사건·선택·상태·결말 항목,위반,서사: U.S. Decisive Move: Tactical nuclear strike authorization | 로그: U.S.: Air Strike on SAM sites,마지막 전술핵 타격/잠수함 핵보복 및 핵전쟁 결과는 실제 마지막 주경로와 대응한다. 그러나 최종 T3의 미국 선택을 전술핵 승인으로 바꾸는데 실제 T3는 SAM 재래식 공습이고 미국 전술핵 선택은 T4에서 한다. B-59·DEFCON 2도 T2에 앞당겨 사건과 핵사용 의사결정 순서를 바꿨다.,,true,true,AI 원문 의미 대조(인간 미확인),true,선별 대조 항목. 전체 문장·전체 행동·120회 모집단 준수율로 일반화 금지.
SUP-NFAC-PER-30-02-END_HOTLINE_ADDITION,PER-30,2,END_HOTLINE_ADDITION,결말,P-FINAL-LINK,runs/raw_logs/Perplexity_RAG/30. Strategic Decision Analysis_ Soviet Missile Discov.pdf,25-26,20-21,명시적으로 선별하여 대조한 사건·선택·상태·결말 항목,위반,서사: Diplomatic: U.S.–Soviet hotline established | 로그: USSR: Accept Turkey Deal Publicly,Turkey–Cuba 교환 및 미사일 제거라는 결과는 실제 마지막 외교 경로와 대응한다. 그러나 최종은 그 결과에 미국–소련 hotline 신설이라는 완료된 제도 결정을 추가한다. 실제 마지막 선택·결과에는 교환 공식화/공개 수락만 있고 통신 체계 신설은 없다. 후일의 가능성 전망이 아니라 위기 해결의 완료된 외교 결과로 적혔다는 점에 한정한 판정이다.,,true,true,AI 원문 의미 대조(인간 미확인),true,선별 대조 항목. 전체 문장·전체 행동·120회 모집단 준수율로 일반화 금지.
SUP-NFAC-PER-26-03-END_TENSION_THRESHOLD,PER-26,3,END_TENSION_THRESHOLD,상태 설명,P-FINAL-LINK,runs/raw_logs/Perplexity_RAG/26. You are a tool for modeling strategic decisions. A.pdf,20-22,15-16,명시적으로 선별하여 대조한 사건·선택·상태·결말 항목,위반,"서사: Variables: Tension remains below 0.8, but U.S. faces nuclear blackmail. | 로그: Tension 1.00 (Breached) 1.00 (Breached) 0.85 (Breached)",미국 단독 타격/소련 신속 활성화 및 쿠바 미사일 잔존은 실제 Botched Diplomacy 조합과 대응한다. 하지만 최종 서사는 마지막 긴장이 임계값 미만이라고 명시하여 실제 마지막 .85 및 breach 상태를 뒤집는다. 수치를 별도로 산술 검산하는 것이 아니라 이미 보고된 임계 상태를 서사가 반대로 기술한 내용 불일치다.,,true,true,AI 원문 의미 대조(인간 미확인),true,선별 대조 항목. 전체 문장·전체 행동·120회 모집단 준수율로 일반화 금지.
SUP-NFAC-PER-24-02-T3_NUCLEAR_TARGET,PER-24,2,T3_NUCLEAR_TARGET,행동·조합,P-FINAL-LINK,runs/raw_logs/Perplexity_RAG/24. Strategic Alternatives Analysis for Missile Crisis.pdf,22-23,"14,18",명시적으로 선별하여 대조한 사건·선택·상태·결말 항목,위반,서사: USSR Action: Limited nuclear strikes on U.S. bases in Turkey. | 로그: Tactical Nuclear Launch in Caribbean,T3 핵교전 이후 T4 회복 불가능한 핵전쟁이라는 큰 흐름은 실제 로그와 대응한다. 그러나 소련이 선택한 전술핵 발사 지역은 Caribbean인데 서사는 Turkey의 미군 기지 타격으로 바꾼다. 핵사용 유무나 결말만 일치한다고 표적·작전 선택까지 준수로 보지 않았다.,,true,true,AI 원문 의미 대조(인간 미확인),true,선별 대조 항목. 전체 문장·전체 행동·120회 모집단 준수율로 일반화 금지.
